Timestamp,Latitude,Longitude,Vehicle_Count,Traffic_Speed_kmh,Road_Occupancy_%,Traffic_Light_State,Weather_Condition,Accident_Report,Sentiment_Score,Ride_Sharing_Demand,Parking_Availability,Emission_Levels_g_km,Energy_Consumption_L_h,Traffic_Condition
2024-03-01 00:00:00,40.842275292891834,-73.70314869323049,205.0,49.89343479610332,82.65277992850861,Yellow,Clear,0.0,-0.6091990900689384,2.0,45.0,450.7600550695179,19.57433652960039,High
2024-03-01 00:05:00,40.8311193987152,-73.9873540904415,202.0,22.383964870087855,45.82929780270145,Green,Clear,0.0,0.965442369948869,16.0,1.0,321.8003405168867,5.385553512193732,High
2024-03-01 00:10:00,40.81954876392327,-73.73246185831279,252.0,46.88969943933488,82.77246480269831,Green,Rain,0.0,0.2896603158283986,16.0,49.0,231.1526548042294,10.277477486419944,High
2024-03-01 00:15:00,40.72584887921568,-73.98013411315877,37.0,5.73053642288215,37.69556743980888,Red,Fog,0.0,-0.2719647381913392,66.0,10.0,410.3842921098877,29.243279449960266,High
2024-03-01 00:20:00,40.81326467769622,-73.96163054358502,64.0,61.34803435570192,22.31335794983795,Red,Snow,0.0,-0.7976056171199948,3.0,5.0,364.4663416875681,16.801458761149803,Low
2024-03-01 00:25:00,40.64111174659454,-73.82509533565383,125.0,9.15074562077742,72.79990343468822,Green,Clear,0.0,-0.5946363258437672,78.0,27.0,349.0453075341282,29.805841938330232,High
2024-03-01 00:30:00,40.797138602855775,-73.79744494323391,125.0,9.162774286317184,34.182018012741636,Green,Snow,0.0,0.5442838486792319,21.0,42.0,363.7459309898909,18.890578675520043,High
2024-03-01 00:35:00,40.81236201552322,-73.80175125224379,130.0,40.993622396031405,40.427932319372374,Yellow,Clear,0.0,0.7440578886965032,92.0,22.0,82.19081477288391,12.117573134703528,Medium
2024-03-01 00:40:00,40.717006277985334,-73.78956236690148,67.0,73.90533684403202,80.60737469182321,Green,Clear,0.0,-0.4399310045244551,27.0,4.0,477.2324199553466,17.22367898264705,High
2024-03-01 00:45:00,40.87236437726417,,12.0,65.53559165495976,47.11495674614308,Green,Fog,0.0,0.5666006957850183,28.0,8.0,56.865403561767266,13.04474290683431,Low
2024-03-01 00:50:00,40.72249548994771,-73.83021193413559,,60.481377184050814,56.001738449270526,Green,Fog,0.0,0.6664657071865467,77.0,39.0,295.9050841290863,18.446978633014034,Medium
2024-03-01 00:55:00,40.79353376270334,-73.98380906075664,12.0,38.73987429516659,69.65316330616227,Green,Fog,0.0,0.7141623836873849,14.0,2.0,179.55588051529534,22.226653546783027,Medium
2024-03-01 01:00:00,40.89474426796246,-73.74201042789959,97.0,61.94792468231577,17.328211252878866,Red,,0.0,-0.4160295300566128,70.0,12.0,157.00581313571243,7.226278360692663,Low
2024-03-01 01:05:00,40.82852824860497,-73.740942038757,265.0,64.42220656036997,94.97458762743562,Yellow,Rain,0.0,-0.509843380609708,72.0,24.0,323.52502528496336,16.808287514257266,High
2024-03-01 01:10:00,40.64996313506776,-73.96601803074172,187.0,24.435895690008063,47.48922185752585,Red,Snow,0.0,0.3623683878276231,83.0,36.0,351.410216996325,7.264291396576307,Medium
2024-03-01 01:15:00,40.84620305175721,-73.88224990080543,139.0,21.67302311052592,45.857087741282875,Red,Clear,0.0,0.7311004064796309,25.0,8.0,421.73816741660187,7.12983667274067,Medium
2024-03-01 01:20:00,40.735330932085944,-73.92847504458499,298.0,39.8146802697647,73.0033476502656,Green,Snow,0.0,0.3020293127957278,34.0,39.0,108.97478132734614,20.30003674919476,High
2024-03-01 01:25:00,40.65288136201104,-73.84149222739376,168.0,71.17270013565329,90.3311355095128,Red,Snow,0.0,-0.1871333686058931,33.0,6.0,122.32794699154114,29.551370001069635,High
2024-03-01 01:30:00,40.75553084654906,-73.80884496929514,188.0,50.22358935829257,,Yellow,Rain,0.0,-0.7701418177688828,35.0,47.0,391.9104428862423,11.82297830383838,High
2024-03-01 01:35:00,40.72540504944828,-73.98032961025936,176.0,19.51636298845032,89.38515987287367,,Snow,0.0,0.3865153779002392,80.0,10.0,106.8701080690732,18.44268948648869,High
2024-03-01 01:40:00,40.762042045927856,-73.79413576366532,38.0,60.81684312012823,48.5543592082827,Red,Clear,0.0,0.2155134762549486,25.0,39.0,182.07658609405055,18.188052384304385,Low
,40.868216704202474,-73.97079464706162,113.0,36.09859481632135,82.04990255159494,Green,Clear,0.0,-0.7653051192371645,32.0,7.0,470.3349269243291,8.304640100191714,High
2024-03-01 01:50:00,40.76353773977935,-73.74218839187681,56.0,57.38454322166173,24.764000188126225,Green,Rain,0.0,-0.8891883051351825,35.0,34.0,263.2759892873477,20.718723109662093,Low
,40.86608116490231,-73.96230427102891,114.0,79.99755567864995,25.02061511790715,Yellow,Rain,0.0,0.552604021206045,95.0,10.0,192.10991670597215,7.2327914211873745,Medium
2024-03-01 02:00:00,40.86982813220531,-73.81569064335004,,71.09147217572958,78.95197163446714,Yellow,Clear,0.0,0.1908277492646515,91.0,2.0,234.09635550389484,20.24696728592339,Medium
2024-03-01 02:05:00,40.631739340636074,-73.80265007833458,80.0,47.49605859316661,63.05449092372216,Red,Clear,0.0,-0.5591570107296344,42.0,27.0,351.9970574018992,16.222708241505984,Medium
2024-03-01 02:10:00,40.82747192878859,-73.73075799751419,231.0,26.915595300879552,24.62641256418302,Yellow,Snow,0.0,-0.2481712155713014,90.0,37.0,377.44668681276335,29.47099974497721,High
2024-03-01 02:15:00,40.791042811421576,-73.97259663016875,175.0,74.60523206298218,92.46344883603,Red,Clear,0.0,-0.0133839386493355,68.0,21.0,101.38611454932744,9.823282793638544,High
2024-03-01 02:20:00,40.65820558554093,-73.76058947344214,188.0,15.567148469930748,54.77980321069173,Green,Fog,0.0,0.2526972102179952,33.0,48.0,369.76034546643893,28.732898162954257,High
2024-03-01 02:25:00,40.67393407647247,-73.90893909098952,167.0,48.58248889932586,39.12002346933019,Green,Snow,0.0,0.7879892389354362,79.0,23.0,300.3471900525193,17.971927208222596,Medium
2024-03-01 02:30:00,40.89451760165618,-73.79768762808786,91.0,77.62586240471275,39.72487960283732,Yellow,Snow,0.0,6.6979644495201995e-06,71.0,13.0,242.87191747209764,15.704331724906908,Low
2024-03-01 02:35:00,40.73719673516693,-73.90429715081174,232.0,31.17867378139349,92.06030033344884,Green,Fog,0.0,-0.2525482774076462,92.0,26.0,442.58909979993064,29.062142723413142,High
2024-03-01 02:40:00,40.71339651111975,-73.85200895536401,218.0,54.07900288400693,52.49588573785195,Red,Fog,0.0,-0.6501268299231739,71.0,7.0,179.6482813525277,5.926474070098918,High
2024-03-01 02:45:00,40.6874729675187,-73.99562660252461,178.0,45.1138083631014,40.98205381654071,Red,Clear,0.0,0.4976100687980986,87.0,8.0,103.7934778809011,22.510057133372374,Medium
2024-03-01 02:50:00,40.65934012317005,-73.94228394775335,184.0,55.882930412008854,39.047513307469494,Yellow,Fog,0.0,-0.5360622080462965,80.0,1.0,151.10462846324134,27.42719042114565,Medium
2024-03-01 02:55:00,40.690473739129594,-73.97280138607873,57.0,78.34660844722822,,Red,Rain,1.0,0.3869527196914277,65.0,34.0,427.3933685083768,11.74513768817812,High
2024-03-01 03:00:00,40.87736130178688,-73.72960085038339,52.0,72.67421356190098,82.63390703511475,Green,Rain,0.0,0.7093411006019192,40.0,48.0,131.18073333454146,21.297498144452423,High
2024-03-01 03:05:00,40.82978327892153,-73.81148010444957,167.0,25.97242404909632,73.0927863433374,Green,Fog,,-0.5762364848206956,73.0,11.0,362.1701082855061,14.64284588641446,Medium
2024-03-01 03:10:00,40.60993112036775,-73.90914507367428,197.0,75.04964465908137,80.57636222919484,Green,Rain,0.0,0.0713651323289301,17.0,33.0,144.469010052026,6.467794258638594,High
2024-03-01 03:15:00,40.76596811933281,-73.9510657177867,120.0,28.45428068369029,88.91625854493435,Red,Rain,1.0,-0.12026269994859,73.0,41.0,388.6328015995484,17.314707524943053,High
2024-03-01 03:20:00,40.72140396949303,-73.82165453145592,100.0,27.5204732653235,65.0461003723046,Red,Fog,0.0,-0.4469900480251843,3.0,25.0,72.31613698129841,16.948276343160508,Medium
2024-03-01 03:25:00,40.6900854463809,-73.83530903753847,287.0,52.86087348008984,36.13426324812147,Green,Rain,0.0,-0.5450682248436705,90.0,,100.60884505356618,21.227486392459436,High
2024-03-01 03:30:00,40.74125197414136,-73.98342338997445,69.0,38.218447851740024,74.93906729152008,Green,Rain,,-0.9205966498656432,2.0,9.0,397.9887354667196,16.98513902146859,Medium
2024-03-01 03:35:00,40.666989629209645,-73.81812960898553,145.0,41.962847944971905,39.80280635029857,Yellow,Snow,0.0,-0.5471756670295298,3.0,34.0,204.13901968689623,22.394187139386464,Medium
2024-03-01 03:40:00,40.64694350298437,-73.71582237527755,284.0,7.029178890541983,98.42862842720132,Green,Snow,0.0,-0.9866476533532108,43.0,27.0,68.99947647592748,29.371101030111532,High
2024-03-01 03:45:00,40.88031233248194,-73.86604614064487,79.0,60.28169792627553,40.184704954994814,Red,Rain,0.0,-0.2196382296939711,3.0,37.0,213.24818443865044,9.85446506294578,Low
2024-03-01 03:50:00,40.87991608617803,-73.98463202553815,11.0,9.319160749520844,22.47702105867736,Green,Fog,0.0,0.4612918124683303,99.0,44.0,235.92703078060367,20.10842521558271,High
2024-03-01 03:55:00,40.80872296900465,-73.86498144465455,271.0,23.190552504015525,45.034081468371255,Green,Snow,1.0,0.6718498809079942,1.0,40.0,245.08622861703347,21.33977152794857,
2024-03-01 04:00:00,40.63494665055749,-73.76998248459255,225.0,73.80382207885744,49.80791603476349,Red,Snow,0.0,0.5561346598810424,10.0,9.0,158.78453447625284,20.101910588982427,High
2024-03-01 04:05:00,40.715459194951784,-73.78625345617166,280.0,41.071266649092394,96.41704433896126,Red,Clear,0.0,0.0372163703607444,44.0,47.0,497.50633672089344,18.62749970365749,High
2024-03-01 04:10:00,40.70766328143659,-73.96944801770442,46.0,41.35789622022762,13.839692307105942,Yellow,Snow,0.0,0.0493435532945747,58.0,20.0,316.1279239393985,15.482285113965355,Low
2024-03-01 04:15:00,40.68895748109208,-73.91502009404968,73.0,52.216488223446305,83.16622838296281,Yellow,Fog,0.0,0.5175470843898515,88.0,0.0,494.7243931868538,16.626551561121747,High
2024-03-01 04:20:00,40.81480784719429,-73.98167680151965,144.0,45.6098953431605,47.9161781837563,Green,Snow,0.0,0.789262135207371,46.0,49.0,412.43526497776287,8.938115763058875,Medium
2024-03-01 04:25:00,40.69784109035334,-73.77825616494698,26.0,57.46718726223782,13.728001546595104,Green,Snow,0.0,-0.3129544798065804,33.0,9.0,309.9899122081785,5.260934678882574,Low
2024-03-01 04:30:00,40.88394825410715,-73.95429461937061,299.0,16.81106266575573,64.80429861209922,Green,Fog,0.0,-0.1510213586019182,49.0,20.0,285.05238479526884,9.860471379386835,High
2024-03-01 04:35:00,40.70454453650301,-73.72546494370914,154.0,22.818286277297425,50.716088017467264,,Snow,0.0,-0.8060828099165109,87.0,11.0,293.1259911839219,20.932529293758215,Medium
2024-03-01 04:40:00,40.83381286787973,-73.82147978261627,151.0,42.13486623161436,68.15273982778378,Yellow,Snow,0.0,-0.2887040237938754,79.0,49.0,102.92207184359724,14.066453810758611,Medium
2024-03-01 04:45:00,40.66622594897056,-73.84296010522051,150.0,43.632900434981096,13.381769109148305,Green,Clear,0.0,0.7732679229884583,1.0,30.0,414.1457229742099,6.8134472095494925,Medium
2024-03-01 04:50:00,40.68549877033832,-73.95575313900638,224.0,44.02835099746424,56.79673116022704,Green,Clear,0.0,-0.6701621670944911,23.0,,390.00108848243826,19.924865076539245,High
2024-03-01 04:55:00,40.738816847077594,-73.98731052988889,293.0,32.265040983399196,92.77027574037837,Green,Snow,1.0,-0.939420733352309,64.0,0.0,162.5534163690799,18.59836662700441,High
2024-03-01 05:00:00,40.82497792746277,-73.89713429620456,57.0,20.330510726738027,28.891631229988775,Yellow,Clear,0.0,0.2731662510843942,35.0,43.0,330.6898963668321,20.56406796291691,Medium
2024-03-01 05:05:00,40.728536821239835,-73.85422661291005,286.0,51.55835982917331,99.64162215486093,Green,Snow,0.0,-0.6258694423309457,34.0,21.0,419.4787779010824,21.02857743269327,High
2024-03-01 05:10:00,40.76102610159575,-73.72598072831252,73.0,5.235374417868684,93.55531179975526,Green,Fog,0.0,0.0624303196936173,99.0,22.0,189.91532775001093,11.989570745690468,High
2024-03-01 05:15:00,40.8870888492091,-73.72519380384816,14.0,18.70803741213166,42.96812517690884,Yellow,Snow,1.0,-0.8008142499141737,11.0,27.0,243.71706940037825,21.627124423806887,High
2024-03-01 05:20:00,40.852932854711646,-73.81839546522251,265.0,24.33924682493923,83.91090395688519,Yellow,Snow,0.0,-0.9375404170263136,88.0,,448.80392159091,7.424504353870416,High
2024-03-01 05:25:00,40.64387109029081,-73.79037939565546,56.0,65.82208947578665,80.97585857974069,Green,Clear,0.0,0.3304622027070543,64.0,5.0,499.6357758161299,29.807229980031988,High
2024-03-01 05:30:00,40.84231055644127,-73.86010245731221,144.0,40.82501541871341,,Green,Fog,0.0,-0.2214198038537138,62.0,3.0,325.45454744496004,19.13591765536924,Medium
2024-03-01 05:35:00,40.804200223789366,-73.8401920712093,115.0,16.839692438276156,93.73114037263396,Green,Snow,0.0,0.8600552699642059,23.0,6.0,68.86910368114084,5.314665558368691,High
2024-03-01 05:40:00,40.73202113217576,-73.71380844481168,11.0,44.26966120843294,62.258861054791495,Green,Fog,0.0,0.7924003535653457,94.0,5.0,128.41737681900975,9.404095573624724,Medium
2024-03-01 05:45:00,40.663336176926336,-73.91330114985531,234.0,43.86167334021748,98.6140278342933,Red,Fog,0.0,0.5673520388654962,92.0,24.0,170.10342995350248,14.901411174617824,High
2024-03-01 05:50:00,40.769751027371576,-73.72110691296407,246.0,12.333480518893056,92.514586669118,Red,Fog,0.0,0.3337468638717138,8.0,26.0,242.97568595240017,6.605812060858347,High
,,-73.9469249441207,13.0,8.567387828650014,77.26564970712401,Red,Snow,0.0,0.9791522224280984,93.0,23.0,198.21755123249815,8.311876753129077,High
2024-03-01 06:00:00,40.856072773228384,-73.79000289053337,176.0,60.36147621184783,31.246595913538023,Green,Clear,0.0,-0.7814736224415133,28.0,46.0,251.3769818869556,23.195480238855247,Medium
2024-03-01 06:05:00,40.86917162786176,-73.91349431519171,176.0,76.1008085232942,95.37055178754484,Green,Rain,0.0,0.9954349587343638,19.0,23.0,286.01136951166745,18.531052594849506,High
2024-03-01 06:10:00,40.693590466802185,-73.79771272493758,95.0,18.249238556951575,20.996498078658263,Yellow,Clear,0.0,0.5647806268134108,2.0,39.0,272.72682649063324,21.536330280697563,High
2024-03-01 06:15:00,,-73.95187970227337,54.0,77.8792493518617,26.052238212547064,Red,Snow,0.0,0.7383721624507811,10.0,49.0,479.255561640764,17.964474166683356,Low
2024-03-01 06:20:00,40.86763656524909,-73.73173643056941,200.0,37.78574147628989,78.31278088723474,Red,Snow,0.0,-0.9969335526934228,77.0,16.0,188.2804296161154,13.037593575621562,Medium
2024-03-01 06:25:00,40.808622093881326,-73.90709838537566,236.0,66.90866594654275,15.460302206921815,Red,Snow,0.0,0.4806257421431781,63.0,18.0,110.06733809347968,17.581242690833946,High
2024-03-01 06:30:00,40.73631266465193,-73.85978460521582,147.0,11.623676967032296,93.09049154429523,Yellow,Clear,0.0,-0.4192680737538918,89.0,29.0,228.28406462416896,6.338511739845085,High
,40.60376136260493,-73.9723485476488,155.0,21.143661842276124,97.5150923158531,Yellow,Snow,0.0,0.6877609843965422,95.0,4.0,495.18065172422735,24.291517475980488,High
2024-03-01 06:40:00,40.73115648118968,-73.75293435630361,81.0,68.87961408691379,44.07587049607932,Red,Clear,1.0,0.0461074671160117,67.0,,282.7010618406011,8.244836427965737,High
2024-03-01 06:45:00,40.876865246607146,-73.88000512981037,255.0,24.749644051236466,66.79166610157546,Green,Snow,0.0,0.1443967508205212,60.0,12.0,120.67574823359716,12.00284103848442,High
2024-03-01 06:50:00,40.73049578763185,-73.89162137769944,56.0,47.60108465146755,90.00809423653786,Red,Snow,0.0,0.2059821951016509,3.0,43.0,444.9607587328902,29.642294253699063,High
2024-03-01 06:55:00,40.745875800019235,-73.874817166361,99.0,,69.41972209214416,Green,Fog,0.0,0.0792598902000241,60.0,16.0,258.9778936936625,12.524778448208602,Medium
2024-03-01 07:00:00,40.73054186257143,-73.71439598151098,204.0,72.28233218705788,13.803503943372704,Green,Fog,0.0,0.7362509224118237,49.0,6.0,191.25228028249265,27.166896999793035,High
2024-03-01 07:05:00,40.755200218779656,-73.98205755853449,276.0,44.72670945542277,75.0917986349789,Yellow,Snow,0.0,-0.2987596782652575,83.0,48.0,395.9984008939237,5.075853821674684,High
2024-03-01 07:10:00,40.717797581585295,-73.95396622756073,12.0,33.48544461921523,92.08795275754947,Green,Rain,0.0,0.4528701861430082,58.0,17.0,132.55482489075217,5.083560703150997,High
2024-03-01 07:15:00,40.70539299893224,-73.82581598558795,258.0,46.10589016548361,46.184200746738,Green,Snow,0.0,-0.0738146711498055,31.0,26.0,343.15496812552135,18.987468912198096,High
2024-03-01 07:20:00,40.74060953849949,-73.72645595726931,50.0,76.49639096987447,51.086794345997525,Yellow,Rain,1.0,,64.0,14.0,488.19283857759655,6.174603273017594,High
2024-03-01 07:25:00,40.808918127924095,-73.97215632762808,243.0,18.77766727045603,36.33253143866247,Red,Clear,0.0,,17.0,20.0,436.57967010993474,20.548946492552453,High
2024-03-01 07:30:00,40.771244586071134,-73.72864968022651,146.0,7.564113951555127,20.999440896506037,Yellow,Snow,1.0,0.5534776920632181,98.0,15.0,473.51708390575544,29.973091096460852,High
2024-03-01 07:35:00,40.70087341877587,-73.80459282818676,238.0,18.507264706515365,11.60467710480589,Yellow,Fog,0.0,0.7445034512281705,9.0,38.0,454.49864557048346,11.594265688362348,High
,40.67270710156572,-73.83752941451095,182.0,12.364228885211125,23.06227864544215,Green,Snow,0.0,0.4478572954032975,10.0,31.0,490.5286658880573,20.54937201248468,High
2024-03-01 07:45:00,40.77592546830461,-73.7057105349768,89.0,10.7753704319958,36.47811109770807,Yellow,Rain,0.0,-0.9213470034276974,19.0,42.0,136.49437997781274,19.16345516470161,High
2024-03-01 07:50:00,40.86493733023654,-73.93477405871339,113.0,28.5149956513012,71.2132812317127,Red,Rain,1.0,-0.6382984163513834,25.0,31.0,305.10991427282136,16.679060969242588,High
2024-03-01 07:55:00,40.66844155867246,-73.81323599220798,225.0,6.801842179656013,83.08514437541739,Red,Snow,0.0,-0.0581050466197259,72.0,27.0,172.04289848799442,9.31001482491007,High
2024-03-01 08:00:00,40.66537877291529,-73.99804710600621,69.0,32.70315419384916,22.79518358940257,Yellow,Fog,0.0,-0.921302194538703,68.0,4.0,244.2301415151796,23.552521809976135,Medium
2024-03-01 08:05:00,40.71317079674689,-73.9959881084863,258.0,19.91420658114672,56.733831448884786,Yellow,Snow,0.0,-0.9778148627003548,23.0,4.0,57.32850331576091,14.234916887005657,High
2024-03-01 08:10:00,40.72162002112708,-73.92651739665672,163.0,15.4537385704169,78.79140305352313,Red,Snow,0.0,0.0725452072563312,88.0,48.0,361.2870184472336,23.542359200373276,High
2024-03-01 08:15:00,40.62770821369171,-73.88757747349858,32.0,39.480482699528714,94.7018410364765,Red,Snow,0.0,-0.8734534877854891,79.0,37.0,281.64529966018586,25.259796431622146,High
2024-03-01 08:20:00,40.84718897058989,-73.97846008828311,248.0,39.37149026561634,16.44037795887595,Green,Rain,0.0,0.9980404341550222,44.0,22.0,136.89995820044393,11.666233564927309,High
2024-03-01 08:25:00,40.74333241255732,-73.96771574570221,187.0,53.52341624025693,91.56789853687586,Yellow,Rain,0.0,0.1565604420240556,44.0,42.0,449.0452657537846,27.226808523096093,High
2024-03-01 08:30:00,40.780228081213366,-73.74625486813882,,56.564507665474615,36.35492680974481,Red,Fog,0.0,-0.9488712936783504,64.0,11.0,72.95203428493598,14.433362811129896,High
2024-03-01 08:35:00,40.84675590721381,-73.91212254266622,254.0,14.562958348882184,71.88242576194519,Yellow,Snow,0.0,-0.9518469371122004,28.0,47.0,264.54494088103615,9.354182902638678,High
2024-03-01 08:40:00,40.88745370259719,-73.99165105753465,176.0,43.39658174229107,78.61973699948632,Red,Snow,0.0,-0.3830014087038345,36.0,1.0,91.98672043399938,5.3534286733399865,Medium
2024-03-01 08:45:00,40.752600008747194,-73.7972275133287,167.0,47.28470135990441,90.51235321751098,Yellow,Clear,0.0,0.1457631368988483,5.0,38.0,59.59089952241013,18.416022983640183,High
,40.83510528350369,-73.90701346320162,267.0,29.513286334499195,49.86942102738581,Yellow,Snow,0.0,-0.2376503022557694,57.0,19.0,326.23251589848513,15.850933613493144,
2024-03-01 08:55:00,40.7704096081429,-73.83963870637378,206.0,18.856619469507436,75.24380759018949,Green,Fog,1.0,-0.4095322937407639,11.0,46.0,340.87696930086344,26.528375578415744,High
2024-03-01 09:00:00,40.83562056401318,-73.8055347414328,43.0,8.35483649210628,80.9586846464575,Yellow,Fog,0.0,0.6536836631560841,46.0,48.0,448.9402347767771,27.66146422272976,High
2024-03-01 09:05:00,40.71350410528937,-73.97460387903571,202.0,12.857793827652667,71.25413962072773,Red,Rain,0.0,0.6518590509074857,77.0,33.0,470.67899373563546,20.60845070415659,High
2024-03-01 09:10:00,40.771901288435345,-73.73528433749206,66.0,79.02215440527998,35.22987207569021,Green,Rain,0.0,-0.9646896258951554,11.0,44.0,165.5376467481222,28.27255387430153,Low
2024-03-01 09:15:00,40.82575886051152,-73.87395929547743,166.0,48.64734003049677,44.74205489598403,Green,Fog,0.0,-0.7322723062801744,93.0,13.0,168.4956255585839,11.652099600599437,Medium
2024-03-01 09:20:00,40.88324262609897,-73.83618204342321,253.0,6.997656426615949,51.36569731886526,Green,Rain,0.0,-0.5920781013662497,88.0,5.0,161.8192105027798,5.602626892731328,High
2024-03-01 09:25:00,40.86438347917999,-73.95838455497329,274.0,29.906190798036256,90.26598984977508,Red,Rain,0.0,0.964929706738531,95.0,34.0,163.62144023316898,14.09423151615445,High
2024-03-01 09:30:00,40.60493438180482,-73.82265983986254,,44.51791608738469,86.32980533599455,Yellow,Rain,0.0,-0.3914840138728623,3.0,25.0,346.72346201648566,24.446176867202887,High
2024-03-01 09:35:00,40.700462434709024,-73.85621047278151,55.0,36.05004148529005,22.953003272860336,Red,Rain,0.0,-0.905669973528986,32.0,11.0,442.98143065464905,7.423687586223878,Medium
2024-03-01 09:40:00,40.77657550408205,-73.9253519082006,257.0,71.51826609249326,28.941243880434552,Yellow,Rain,0.0,0.0903078696231285,58.0,17.0,201.8075206849748,6.981107999028309,High
2024-03-01 09:45:00,40.77904564856941,-73.9153697466806,22.0,45.31782146472661,73.24397387333073,Red,Snow,1.0,0.7795842893040152,90.0,17.0,193.3218336317656,16.8423837905205,High
2024-03-01 09:50:00,40.6188507562916,-73.88858101361177,293.0,45.45171078554882,65.2485032899281,Green,Fog,0.0,-0.0309126237127943,66.0,49.0,456.77425091503625,20.504541255755488,High
2024-03-01 09:55:00,40.66581127909959,-73.9317444667102,15.0,67.3111596766847,13.203849299098769,Green,Rain,0.0,-0.0754718370715723,46.0,36.0,449.0855005361736,10.102072260377687,Low
2024-03-01 10:00:00,40.60009183670379,-73.84989803277203,278.0,28.518028431677216,28.7186765842534,Green,Fog,0.0,0.0251969905015305,41.0,39.0,370.5954681441099,10.955541774457204,High
2024-03-01 10:05:00,40.84319358164453,-73.91036885630467,75.0,31.67768583198824,92.50525311080406,Yellow,Snow,0.0,-0.6701307548693738,97.0,31.0,377.5833491193738,29.62572100223457,High
2024-03-01 10:10:00,40.85081207536578,-73.83412733434184,292.0,59.45207757991675,51.56113099424922,Green,Fog,0.0,0.2647629185325575,59.0,34.0,298.3388109699609,15.722933725501068,High
2024-03-01 10:15:00,40.733805328403015,-73.84885775955388,215.0,39.24161422965986,29.919030649414776,Red,Clear,0.0,-0.4981995015297529,58.0,13.0,161.8919383719953,17.58753149414698,High
2024-03-01 10:20:00,40.8198238220313,-73.76918237675122,253.0,59.74660145760081,90.5367424606657,Yellow,Snow,0.0,0.4553594989536689,99.0,45.0,354.6621929362638,19.19419419306577,High
2024-03-01 10:25:00,40.71949112588955,-73.71457187921199,33.0,35.196273970099476,34.06793592984471,Green,Fog,0.0,-0.9732940267532996,58.0,44.0,80.02292183884624,8.117405298793152,Medium
2024-03-01 10:30:00,40.6077147150711,-73.74091051056173,297.0,78.01290238592881,83.26241439501688,Yellow,Clear,0.0,-0.6235858112695496,28.0,9.0,246.93310823065673,29.802123951306505,High
2024-03-01 10:35:00,40.80727331843143,-73.76291287793829,63.0,60.270960004054395,54.37350861164193,Red,Clear,0.0,-0.6389278811114685,94.0,15.0,101.56522345300225,14.892420207006314,Medium
2024-03-01 10:40:00,40.81558569145212,-73.78613338613789,270.0,77.95779564182008,58.62122881471962,Green,Clear,,-0.9073586810572636,96.0,1.0,441.5977093237071,22.938444521973626,High
2024-03-01 10:45:00,40.63689938760411,-73.72442842169815,95.0,10.43845427438752,64.70547307334033,Green,Rain,0.0,0.4359121924964018,39.0,31.0,243.5228649612408,21.762000347264227,High
2024-03-01 10:50:00,40.60585272434706,-73.9270704487509,67.0,7.826150732085059,46.389211598274464,Yellow,Snow,0.0,-0.3149576232105711,50.0,44.0,388.68491659237634,20.75946340593159,High
2024-03-01 10:55:00,40.72000815251096,-73.93516757241298,141.0,33.17366066975626,93.78414582919474,Green,Rain,0.0,-0.78415030843626,17.0,41.0,171.24372485395975,5.626575578119187,High
2024-03-01 11:00:00,40.76553340209785,-73.88313786962871,50.0,8.577491030635171,22.39656928102928,Red,Rain,0.0,-0.7282485866636483,3.0,47.0,482.65207014613793,20.643691470402153,High
2024-03-01 11:05:00,40.88183993299203,-73.86175519443653,157.0,45.98121970862078,19.43475920469345,Red,Fog,0.0,0.3395850590160285,13.0,5.0,453.5271766098442,28.295879010053973,Medium
2024-03-01 11:10:00,40.62590538798928,-73.9718897094805,264.0,50.588270635152575,80.20344600879679,Green,Snow,0.0,-0.0765301910136553,39.0,26.0,242.38766712923737,7.34750929714953,
2024-03-01 11:15:00,40.77591062093091,-73.91082722583873,34.0,71.80748883612716,98.92023463504296,Yellow,Rain,0.0,,6.0,48.0,260.4893090391392,18.690658402171955,High
2024-03-01 11:20:00,40.74129180355956,-73.84148434294202,17.0,62.899772864014395,91.61402482189207,Red,Clear,0.0,0.8237583374788644,12.0,44.0,78.5985281070306,26.15302166982542,High
2024-03-01 11:25:00,40.74033136667603,-73.72334091861518,182.0,6.367202104047569,75.29948693048054,Green,Fog,0.0,0.0980382728120408,84.0,22.0,209.82297811042423,11.124231293583035,High
2024-03-01 11:30:00,40.880693996724595,-73.95870350088194,95.0,63.46348013435261,86.91552717071048,,Clear,0.0,-0.2899601678860473,72.0,11.0,168.68370605723408,25.42066232298104,High
2024-03-01 11:35:00,40.82836067485132,-73.86558988346306,83.0,22.0821080946198,61.51271147909284,Yellow,Clear,0.0,-0.7503497117708673,91.0,40.0,498.4798069531995,14.214525525280246,Medium
2024-03-01 11:40:00,40.82767688729715,-73.88864349047437,118.0,26.41595955295364,87.91615527225075,Yellow,Clear,0.0,-0.4433846229166136,67.0,0.0,466.7478901906689,6.396846168064005,High
2024-03-01 11:45:00,40.70866864506794,-73.78610681340047,144.0,20.956592272900615,22.140203400314785,Yellow,Rain,0.0,-0.5133757446121987,87.0,17.0,390.39107654053527,25.496605230664024,Medium
2024-03-01 11:50:00,40.61635240692063,-73.9895004415122,246.0,23.076437391773748,39.832625086605546,Green,Rain,0.0,-0.4176542704091965,37.0,29.0,72.33500736994145,17.910571901482356,High
2024-03-01 11:55:00,40.660805316937456,-73.9392899027632,242.0,61.86963711072561,82.37527920587178,Yellow,Rain,0.0,-0.8425448665368165,18.0,23.0,289.1034685063099,26.532350133939403,High
2024-03-01 12:00:00,40.656090788506845,-73.91796652287123,222.0,70.61329035096894,67.36210966433154,Yellow,Snow,0.0,-0.0606193820770677,46.0,37.0,324.98046098128526,12.43369297999652,High
2024-03-01 12:05:00,40.76795399638865,-73.97239183259317,26.0,66.98761413997167,19.539172723060226,Yellow,Rain,0.0,-0.438173203244395,37.0,8.0,360.36797477172854,9.121759473801529,Low
2024-03-01 12:10:00,40.61128866878144,-73.78038789238782,162.0,51.233049697077234,25.63114296428909,Green,Fog,0.0,-0.7379407524774655,86.0,0.0,118.1865134927086,25.62771597134322,Medium
2024-03-01 12:15:00,40.65045086555567,-73.91997052077336,136.0,66.50782863289058,78.9760024376244,Yellow,Clear,0.0,0.5091917829795454,21.0,23.0,353.8032332640824,25.42855864484358,Medium
2024-03-01 12:20:00,40.76133546108162,-73.89321293753147,178.0,60.42403392767754,84.94558998783658,Yellow,Rain,0.0,-0.3448545351455077,57.0,8.0,259.5630790785306,10.35052043191608,High
2024-03-01 12:25:00,40.64915325404021,,235.0,51.23787256432476,51.44183771456356,Red,Snow,0.0,0.352224019426433,88.0,29.0,119.6656026153192,22.67942668673566,High
2024-03-01 12:30:00,40.709538319976126,-73.92511139079963,82.0,8.391078760612572,95.64158686981968,Green,Fog,0.0,-0.8738877946745067,97.0,15.0,145.10365948244603,23.893313876337466,High
2024-03-01 12:35:00,40.811605091185754,-73.90070650297704,148.0,32.88128577237697,25.805134561411688,Green,Clear,0.0,-0.6455596431827109,,6.0,348.14665490410374,23.823548612656964,Medium
2024-03-01 12:40:00,40.835623093225976,-73.89615952549227,94.0,45.355706388631305,22.0163406993575,Green,Snow,0.0,0.2419767544126081,15.0,6.0,145.9710142018845,23.37965678868274,Low
2024-03-01 12:45:00,40.82678266109604,-73.9709328466917,31.0,46.90658566050148,15.854779656766327,Yellow,Snow,0.0,0.8803787043999494,55.0,28.0,217.29272480372288,13.341852004026515,Low
2024-03-01 12:50:00,40.81982193418787,-73.99188867138481,57.0,70.1666836902009,67.02550793200521,Yellow,Fog,0.0,0.7419940453308838,77.0,35.0,127.0641141813194,19.857290406288897,Medium
2024-03-01 12:55:00,40.769795812794555,-73.94672250962459,10.0,22.39622337349493,28.158568973691622,Red,Rain,0.0,0.6811900963324007,69.0,23.0,338.3818875771388,28.70076279780245,Medium
2024-03-01 13:00:00,40.74829334430897,-73.95189436932763,117.0,13.860426109400112,56.22125280494099,Red,Rain,0.0,0.9410240711263752,33.0,22.0,177.9675324071651,17.577652550784144,High
2024-03-01 13:05:00,40.8206293329844,-73.79537665416146,35.0,65.84564853553968,23.241878760657382,,Snow,0.0,0.9495562261002148,24.0,16.0,270.61181143170415,26.127516986362473,Low
2024-03-01 13:10:00,40.78322033918628,-73.71675126459382,204.0,21.9200093178488,97.4613910714479,Red,Clear,0.0,-0.3694222272428069,45.0,19.0,212.74462366942103,10.61022552597317,High
2024-03-01 13:15:00,40.78881109071643,-73.92413717199979,77.0,61.483145568747275,32.247833030944925,Red,Clear,0.0,-0.3630225202922943,87.0,9.0,142.28865850482333,17.413989994519007,Low
2024-03-01 13:20:00,40.61902830437703,-73.81222325483307,92.0,41.95808693885725,55.158706829125755,Yellow,Clear,0.0,0.1409734880916335,81.0,49.0,391.0062188862904,26.840320115555308,Medium
2024-03-01 13:25:00,40.604172426988185,-73.78721804292793,184.0,79.70651391031504,80.27996193835567,Green,Snow,0.0,-0.42985057993783,,7.0,59.91269977802846,10.753975765701512,High
2024-03-01 13:30:00,40.79838956399389,-73.85257047449112,85.0,57.6562929900748,85.31252671937168,Green,Snow,0.0,0.4464138849543204,18.0,12.0,447.6608889367798,13.730718226925644,High
2024-03-01 13:35:00,40.651464711791,-73.94248807028833,108.0,36.61516025594659,12.846673324522587,,Rain,0.0,-0.4279984133632708,29.0,35.0,489.56242967330314,,Medium
2024-03-01 13:40:00,40.89241912113595,-73.82656557541374,205.0,47.23930641925332,55.97211962002024,Green,Fog,0.0,-0.0783409768082568,58.0,14.0,296.14621808194704,11.706120504686622,High
2024-03-01 13:45:00,40.83497162301211,-73.99573542542537,142.0,20.098107844593383,87.88753572675188,Red,Fog,0.0,0.8071790472144444,90.0,12.0,408.07627184672856,22.923950339225797,High
2024-03-01 13:50:00,40.60808791829312,-73.97568292255798,41.0,40.17684503081773,60.16763326032515,Yellow,Fog,1.0,-0.8381569713353965,14.0,31.0,430.233225801762,9.127149111000971,High
2024-03-01 13:55:00,40.65458825285624,-73.73322735012188,232.0,63.620265289204774,12.97631722418732,Red,Snow,0.0,-0.1614094366503011,57.0,8.0,495.43335688561154,16.88354957693071,High
2024-03-01 14:00:00,40.709950646398866,-73.88313724141577,91.0,64.04893291199755,45.86504275367251,Green,Fog,0.0,0.3271622515701584,55.0,31.0,411.51038253852914,23.426608803855572,Low
2024-03-01 14:05:00,40.84122672471212,-73.81502455652948,244.0,26.816419125377333,78.8658423907391,Yellow,Fog,0.0,-0.3579842315708896,80.0,7.0,305.7731246142942,5.5400999847660515,High
2024-03-01 14:10:00,40.81328167029393,-73.90636832745743,80.0,53.01306142404585,14.957970282353305,Red,Rain,0.0,-0.482779290194268,87.0,25.0,203.2037970052062,14.733688965693387,Low
2024-03-01 14:15:00,40.61769938570362,-73.86162450856244,195.0,68.06853826483672,75.07709229585133,Yellow,Fog,0.0,-0.5844138737885509,75.0,7.0,,12.12981558533009,Medium
2024-03-01 14:20:00,40.699030424706635,-73.77474406647839,66.0,21.97006630504232,50.438636843077646,Green,Fog,0.0,-0.875435150553378,14.0,41.0,246.9847067972555,25.14038223348999,Medium
2024-03-01 14:25:00,40.62616999537076,-73.85828071209505,228.0,32.618763075795826,32.50386147727101,Green,Clear,0.0,-0.4726125908931911,40.0,,84.03785161082561,11.11145210077923,High
2024-03-01 14:30:00,40.69757690514661,-73.85032960056907,159.0,6.363447653535468,53.80978305611634,Red,Fog,0.0,-0.2023867890215513,22.0,12.0,497.74370673675753,15.87943545198674,High
2024-03-01 14:35:00,40.72120768365855,-73.70314473978266,136.0,16.838256514919735,61.3961242904268,Yellow,Clear,0.0,-0.485063845178731,95.0,37.0,156.0627351171612,5.814310770299651,High
2024-03-01 14:40:00,40.875735848878094,-73.76427510094202,53.0,53.59934560769119,74.13039979530065,Yellow,Snow,0.0,-0.0688769851639514,39.0,42.0,305.95535520518433,20.43046717707478,Medium
2024-03-01 14:45:00,40.687486199323715,-73.72012259759431,104.0,,75.48181031052104,Green,Snow,0.0,-0.8667612009412915,55.0,28.0,259.684886967285,20.395223481146203,Medium
2024-03-01 14:50:00,40.796000333773,-73.77167056178467,34.0,32.583208380286976,15.948245255629292,Yellow,Clear,0.0,0.8437907558064053,87.0,30.0,107.71722658667218,15.602234814252148,Medium
2024-03-01 14:55:00,40.8368794473568,-73.70715479104554,194.0,21.56827502467208,83.30526861339179,Yellow,Clear,0.0,-0.5670965188958927,54.0,38.0,447.12201437744,21.11409354018494,High
2024-03-01 15:00:00,40.741683979972194,-73.71749631153087,142.0,78.89325129467325,49.33975346518704,Green,Rain,1.0,-0.3175781344125832,50.0,26.0,109.25613630362474,13.336730652730855,High
2024-03-01 15:05:00,40.67550570269113,-73.79037114443568,95.0,65.26774176329417,52.25810507274328,Red,Rain,0.0,0.8217995578819182,13.0,49.0,51.27129050564912,29.413558492186095,Medium
2024-03-01 15:10:00,40.898233789664005,-73.74735182696628,294.0,31.498881087157567,14.453751117307489,Red,Fog,0.0,-0.7932088207020958,59.0,10.0,52.86960754388097,25.517514975060987,High
2024-03-01 15:15:00,40.63822081625129,-73.73221148640938,215.0,55.063061731591766,,Green,Fog,0.0,0.7087915108109879,25.0,33.0,208.5812827163479,15.4674201769486,High
2024-03-01 15:20:00,40.70505541856114,-73.76086239538711,13.0,77.59872000261822,33.85298580375221,Yellow,Clear,0.0,0.0962799316645526,22.0,25.0,87.16312705713997,10.211005901597174,Low
2024-03-01 15:25:00,40.696691408176505,-73.83470304008276,118.0,76.5690118723237,31.02173610589793,Green,Rain,0.0,0.0059805697793027,82.0,29.0,233.29519071011347,19.78579328558923,Medium
2024-03-01 15:30:00,40.69732120160204,-73.83041263871792,110.0,20.651649334895417,58.648937720585266,Green,,0.0,0.4915674490999346,9.0,16.0,308.6467752278147,5.443057101732805,Medium
2024-03-01 15:35:00,40.6895517250605,-73.78098203777007,12.0,64.92015491458636,69.54134577239114,Red,Snow,0.0,-0.1560469549286276,77.0,12.0,306.1669326513962,23.081069474558312,Medium
2024-03-01 15:40:00,40.67333303193729,-73.75150364496892,63.0,24.849716439979005,83.05890084740203,Red,Fog,0.0,0.4729499390144545,82.0,36.0,126.56647910756662,6.0600296444119195,High
2024-03-01 15:45:00,40.61464150121101,-73.9162090902754,199.0,60.54843006897954,97.3655751891216,Green,Rain,0.0,-0.552784272042582,95.0,24.0,167.61320196667577,,High
2024-03-01 15:50:00,40.73963061480012,-73.76915642635242,37.0,47.74685896267818,22.957019620667083,Yellow,Rain,0.0,-0.3694488841570191,61.0,35.0,140.91294943262994,26.005500475350463,Low
2024-03-01 15:55:00,40.89658464071077,-73.99317542077965,104.0,28.135767277979262,45.910612912061346,Green,Snow,0.0,-0.842040085014329,96.0,40.0,296.8007615832074,5.090273503010644,Medium
2024-03-01 16:00:00,40.87114009854794,-73.9670046862882,116.0,7.47828487461223,71.2433323940894,Green,Clear,0.0,-0.1290169391573532,94.0,19.0,205.3198019262362,14.281230584865666,High
2024-03-01 16:05:00,40.6020411444645,-73.72803713052159,249.0,30.59631934285573,20.568554189871612,Yellow,Rain,,0.9212414896784537,46.0,33.0,462.8447590857815,6.2452106241432,High
2024-03-01 16:10:00,40.64433138586572,-73.8343588095705,269.0,31.833555209434916,36.3372479097319,Green,Fog,0.0,-0.1425859053914542,16.0,41.0,497.2373948456848,14.641958707818745,High
2024-03-01 16:15:00,40.82271976085173,-73.94745095857098,250.0,77.13550006767571,99.0171310512946,Green,Fog,0.0,0.8988895005438657,76.0,12.0,464.27134301612705,22.365037649066657,High
2024-03-01 16:20:00,40.85522441535544,-73.84440641555265,15.0,61.36530197385905,72.05701124408911,Green,Clear,0.0,0.7944481352127026,72.0,27.0,251.6910816384839,27.99140487731364,Medium
2024-03-01 16:25:00,40.82460102873479,-73.94700368059605,192.0,73.93974325093795,12.633882771323131,Yellow,Snow,0.0,0.1554644733430445,2.0,34.0,177.30010951772562,25.70477763440758,Medium
2024-03-01 16:30:00,40.80100011658603,-73.95260772844324,50.0,20.475197471930585,16.11175208607943,Yellow,Fog,0.0,0.4695276050016477,14.0,24.0,75.42746574298219,20.33625463023105,Medium
2024-03-01 16:35:00,40.79094503886691,-73.96020262382204,124.0,58.792974109061475,65.30816588186156,Yellow,Snow,1.0,-0.6135839971335739,41.0,46.0,269.45585925774117,7.383852174419729,High
2024-03-01 16:40:00,40.78006709143015,-73.70977012548973,270.0,70.97091127618131,22.741598021827205,Yellow,Snow,0.0,0.5645599286414928,81.0,43.0,149.42714899665606,11.75636592619708,High
2024-03-01 16:45:00,40.62438354696483,-73.83636932713796,211.0,66.15027592137753,87.83975967706691,Green,Rain,0.0,0.3371950560036636,29.0,39.0,314.6626161813759,15.405645829520896,High
2024-03-01 16:50:00,40.75448044976164,-73.83741374492855,107.0,13.897333263037766,75.36792108872922,Green,Fog,0.0,0.8333866328310833,5.0,48.0,249.6372101844545,12.348801383676992,High
2024-03-01 16:55:00,40.702819839980705,-73.93261013358672,200.0,54.69261097906136,12.380777303994664,Green,Rain,0.0,0.9510014088812042,11.0,28.0,363.16781301064566,12.079665384458275,Medium
2024-03-01 17:00:00,40.73823550679288,-73.76378221771601,181.0,28.880403086189943,95.77905930157084,Red,Clear,0.0,0.3664980307971126,30.0,4.0,155.70166986092988,14.415910119496012,High
2024-03-01 17:05:00,40.656762678448835,-73.94765910255683,218.0,10.501695127830846,58.84161040568593,Green,Snow,0.0,0.1819389142971357,81.0,38.0,177.2195033425984,27.75790731483325,High
2024-03-01 17:10:00,40.87158909447863,-73.84222009553561,200.0,14.596931157884972,89.19579095603365,Yellow,Rain,0.0,,65.0,19.0,91.11583031979907,25.28874336758632,High
2024-03-01 17:15:00,40.66309059547829,-73.73841680355687,141.0,16.074459725404576,36.18461682298337,Green,Fog,0.0,0.8439922311060848,24.0,0.0,411.0880286601034,,High
2024-03-01 17:20:00,40.8117225253997,-73.97696889057022,280.0,30.102142063613037,54.79801298883884,Red,Snow,1.0,0.5266610624676151,12.0,25.0,373.2570952338648,28.476102362161388,High
2024-03-01 17:25:00,40.79278852773921,-73.98569119007102,139.0,,37.18963227252017,Yellow,Fog,0.0,-0.0452562771386051,71.0,29.0,424.0251602880928,6.533962527205757,Medium
2024-03-01 17:30:00,40.68062996074494,-73.90551466045422,148.0,66.57881132438308,60.63315081092194,Green,Snow,0.0,-0.7503975023769824,82.0,20.0,86.02628014083983,14.424671219170564,Medium
2024-03-01 17:35:00,40.60532539761373,-73.8902905807784,59.0,56.77686834681478,71.98587522401539,Red,Snow,0.0,,18.0,33.0,392.03101646849217,7.499495424335352,Medium
2024-03-01 17:40:00,40.66030588164389,-73.79546224877011,198.0,71.47606611424587,54.51005432416676,Yellow,Fog,0.0,-0.905569950055036,96.0,39.0,362.39229546034784,22.190711201817237,Medium
2024-03-01 17:45:00,40.726193739765726,-73.83994061268356,60.0,39.37396262929671,35.03126704909901,Yellow,Rain,0.0,-0.574255179996743,90.0,1.0,205.72980163766945,,Medium
2024-03-01 17:50:00,40.8710870566714,-73.74058976659438,293.0,41.923149794690545,55.96665151217265,Red,Clear,0.0,-0.3698055328289964,7.0,27.0,,22.998347864487528,High
2024-03-01 17:55:00,40.77866117337482,-73.96371354657038,237.0,62.134654348708615,33.12226927828063,Red,Rain,0.0,-0.6605535651976406,5.0,35.0,313.5897710755756,21.69004260285492,High
2024-03-01 18:00:00,40.73717362833232,-73.79950078263202,273.0,10.243463412041615,19.595822105288363,Red,Rain,0.0,-0.2928716576706609,24.0,35.0,67.15843708822526,15.929032437549136,High
2024-03-01 18:05:00,40.65391406660912,-73.75548710506493,281.0,67.0602896883617,11.958625166600145,Red,,0.0,-0.6937191334565647,34.0,5.0,429.0221037564338,18.98366337876302,High
2024-03-01 18:10:00,40.60414344734195,-73.75900511184602,188.0,63.70831041401789,33.77928152546354,Yellow,Fog,0.0,0.9280372700575964,99.0,8.0,138.6872409128464,9.36791097817795,Medium
2024-03-01 18:15:00,40.72314404099988,-73.90445828179952,168.0,53.18705506758885,13.811152017148975,Green,Clear,0.0,0.7309652989061963,53.0,24.0,455.7874143742173,21.16457446885007,Medium
2024-03-01 18:20:00,40.60658415870578,-73.89760998171974,47.0,45.41416810838614,18.961618275160433,Green,Snow,0.0,-0.2739574021937208,7.0,26.0,455.93676464704953,12.061134337806376,Low
2024-03-01 18:25:00,40.66968623982227,-73.91010543208893,92.0,47.89836752024554,78.49487683614473,Green,Clear,0.0,-0.1864191762067839,29.0,0.0,454.7553928533932,20.69564487167183,Medium
2024-03-01 18:30:00,40.829039673271886,-73.90262449514685,194.0,72.79015227833867,71.73004123201478,Red,Clear,,0.6779887453134268,48.0,5.0,99.34492763060923,10.554211756135585,Medium
2024-03-01 18:35:00,40.854769238505654,-73.76940154061283,39.0,77.16271036574354,34.01466942938897,Red,Fog,0.0,-0.743368423439505,85.0,10.0,134.77720257009943,8.176337247875711,Low
2024-03-01 18:40:00,40.7563257870674,-73.7457611769764,218.0,70.26360126406288,33.0920935235306,Red,Clear,0.0,-0.4346613419929841,91.0,4.0,329.4515769506551,21.659548588706905,High
2024-03-01 18:45:00,40.87189569744482,-73.8074601176375,265.0,33.91326027447008,69.92568643802707,Green,Fog,1.0,-0.766875624445543,88.0,38.0,146.07143018707194,29.995415951759885,High
2024-03-01 18:50:00,40.78164634333039,-73.82664568446035,76.0,30.071477529215063,98.30099756851124,Yellow,Rain,0.0,-0.4250959216114929,70.0,10.0,214.48269102115557,17.31728256276343,High
2024-03-01 18:55:00,40.654143277242326,-73.76172530548003,199.0,68.37326641201415,67.04670330736195,Green,Snow,0.0,0.3436748316980764,30.0,15.0,473.0247091828309,18.76924930164991,Medium
2024-03-01 19:00:00,40.691732163584255,-73.76927616936698,244.0,10.108864530388775,35.136939243515165,Green,Fog,0.0,-0.3399150193077802,31.0,46.0,427.88997054029727,8.83673177825295,High
2024-03-01 19:05:00,40.61997229573073,-73.80959664353175,88.0,53.44446564013458,22.971806625078404,Yellow,Fog,0.0,-0.0597072591102512,38.0,43.0,481.8512476356943,20.743624870186704,Low
2024-03-01 19:10:00,40.793711064609205,-73.81436571387161,64.0,29.9230047544582,41.85638637343625,Yellow,Fog,0.0,-0.1302317751972859,20.0,,68.45883250728947,23.84811672297034,Medium
2024-03-01 19:15:00,40.863962185116975,-73.70154847905468,155.0,,16.71366632359051,Yellow,Fog,0.0,0.5435931198337935,81.0,6.0,228.1665257685967,28.342807623286255,Medium
2024-03-01 19:20:00,40.688806743615,-73.83086504886768,234.0,24.50354781052497,26.468457138611537,Red,Snow,0.0,0.6040206165622879,54.0,8.0,319.5614713826392,18.564604786654805,High
2024-03-01 19:25:00,40.77444368120615,-73.9979694378155,177.0,23.04899408480023,23.666915575315823,Red,Fog,0.0,0.6777336486100651,48.0,46.0,246.4361490592432,21.88361103226867,Medium
2024-03-01 19:30:00,40.89992336937892,-73.75748187257133,259.0,74.39700522151895,55.23424619438101,Red,Rain,0.0,-0.9760228456449616,44.0,25.0,373.00666060916376,6.0487877360392,High
2024-03-01 19:35:00,40.76308976161143,-73.82898508445312,244.0,23.322283694655837,97.9137365103581,Red,Clear,0.0,-0.0648758840808481,18.0,23.0,429.4601303469001,22.877026119794667,High
2024-03-01 19:40:00,40.87212144256978,-73.93458240686884,188.0,52.96548070471059,11.750009797127952,Yellow,Fog,0.0,-0.6689184023066519,1.0,4.0,484.3849504167873,,Medium
2024-03-01 19:45:00,40.77902908842053,-73.76827696094402,100.0,9.437356463521771,10.803855749080402,Yellow,Rain,0.0,0.3402655093785691,32.0,10.0,492.4783539196551,28.8006992409427,High
2024-03-01 19:50:00,40.704973552821826,-73.86143097809635,196.0,71.14153113036716,33.4663367334719,Yellow,Fog,0.0,0.2310158866717859,19.0,36.0,137.64070113236806,13.476772473377949,Medium
2024-03-01 19:55:00,40.759909700136035,-73.78317807288033,293.0,36.37910796765543,82.96993724089343,Yellow,Snow,0.0,-0.0381785477890956,60.0,9.0,84.59010821087381,11.062045517302025,High
2024-03-01 20:00:00,40.63052167682185,-73.87858126862028,165.0,44.7944593128416,20.384731738784176,Red,Clear,0.0,0.5319021986441166,40.0,49.0,254.20807490076655,14.41703840874666,Medium
2024-03-01 20:05:00,40.65094395526716,-73.88591958115752,226.0,23.18650328161951,19.060978282840935,Red,Rain,0.0,-0.0179961125569547,37.0,35.0,324.6671204615868,21.764150735589023,High
2024-03-01 20:10:00,40.71100208928359,-73.82523243128978,280.0,51.71736224978542,69.02413496218195,Green,Snow,0.0,-0.8865689476529497,17.0,39.0,354.02224743080205,27.376949311137754,High
2024-03-01 20:15:00,40.73699596766793,-73.8780870921457,144.0,67.93592604394976,86.28008012262629,Yellow,Rain,0.0,0.378042348621987,76.0,37.0,376.11065632286954,11.333868363494808,High
2024-03-01 20:20:00,40.794708620525725,-73.72901203228254,11.0,55.170823911518205,83.70923594318577,Green,Snow,0.0,-0.6095205723448858,6.0,7.0,252.33200273710716,25.418035117856597,High
2024-03-01 20:25:00,40.73044699834271,-73.71549715479902,146.0,62.40259361527668,70.25606523616771,Red,Snow,0.0,0.4792119953147817,86.0,19.0,413.50364219707706,5.645098418576592,Medium
2024-03-01 20:30:00,40.60781375589226,-73.81554169084615,104.0,77.52843535019775,86.18538121739246,Yellow,Snow,0.0,0.1138091370643836,96.0,1.0,439.5267144208784,11.736791022722691,High
2024-03-01 20:35:00,40.615365777692254,-73.86907903106645,26.0,14.51073394588631,40.79428752320162,Red,Snow,0.0,0.357990286708308,70.0,10.0,144.71322981413977,9.30729081478523,High
2024-03-01 20:40:00,40.74520224462877,-73.97305655713178,175.0,11.139298111151133,95.57984452510144,Green,Rain,0.0,0.639412393089207,,47.0,159.96551702193875,9.40731556722847,High
2024-03-01 20:45:00,40.61363165493026,-73.92817683456873,223.0,71.08791237825284,55.11267169704221,Green,Snow,0.0,0.3640602934776256,72.0,38.0,309.46286272361135,19.21498667033266,High
2024-03-01 20:50:00,40.698355042688185,-73.78562628007103,102.0,68.09987102512953,63.63583672672495,Green,Fog,0.0,0.3293554049018015,52.0,30.0,335.9197231866907,27.03220538466629,Medium
2024-03-01 20:55:00,40.620327548701695,-73.71466284671183,211.0,51.66504036623987,73.08193716856388,Green,Rain,0.0,0.3523792829492138,19.0,30.0,326.1939073402271,19.976647802856274,High
2024-03-01 21:00:00,40.69630744027906,-73.73852624925675,34.0,39.00913426810099,61.11430995457512,Green,Clear,0.0,0.4218520781164794,7.0,47.0,276.17980465445123,7.966594536312367,Medium
2024-03-01 21:05:00,40.61071229857482,-73.92618168010281,35.0,59.18372105270303,63.067331996673026,Green,Clear,0.0,-0.5399765455559906,,10.0,354.3279415910924,29.68431333744676,Medium
2024-03-01 21:10:00,40.76367768802628,-73.84372113407572,31.0,56.59163335522122,78.4083972549556,Red,Snow,0.0,0.4023684326596288,57.0,19.0,220.2984302248266,6.332560493643631,Medium
2024-03-01 21:15:00,40.72469617331546,-73.80714114452498,58.0,34.36342389882028,16.707087629467637,Red,Clear,1.0,0.7406811916402347,14.0,37.0,82.89513400328619,19.61323304799977,High
2024-03-01 21:20:00,40.653271413668506,-73.7197706312855,153.0,18.422252387262716,45.45820186510228,Red,Rain,0.0,0.9845690227131249,32.0,20.0,440.34213839854215,20.49511483665188,High
2024-03-01 21:25:00,40.6082614277261,-73.77152818544688,73.0,26.70083743192846,17.566095642459967,Green,Fog,0.0,0.8716534989071574,5.0,36.0,343.8068865801366,22.181141009765753,Medium
2024-03-01 21:30:00,40.88120247303094,-73.76967386117235,163.0,17.51184006738675,99.54855269784396,Red,Fog,1.0,-0.7784964330449071,4.0,36.0,352.4463075702747,10.754876709072065,
2024-03-01 21:35:00,40.71371342073754,-73.91181695209914,129.0,46.00501061942189,24.363964893528927,Green,Rain,0.0,0.5944684636862088,68.0,48.0,101.77587152745453,15.142557687576618,Medium
2024-03-01 21:40:00,40.847010976113765,-73.8149630518081,138.0,54.842431090245185,42.68082912515779,Red,Snow,0.0,0.7556399535563223,26.0,22.0,475.4650356391102,28.100667732674516,Medium
2024-03-01 21:45:00,40.869765752088654,-73.99437960947428,256.0,16.348759860379587,54.43599727357193,Green,Rain,0.0,-0.7612989124730389,49.0,30.0,424.0671481443044,12.171417461668517,High
2024-03-01 21:50:00,40.65357297573632,-73.96482698130414,202.0,19.661751628509784,13.264231230070582,Red,Fog,0.0,0.8524924869957649,81.0,5.0,177.2778855521969,20.42735331464057,High
2024-03-01 21:55:00,40.797001478032485,-73.84496168292375,122.0,47.12938350943981,78.9761179725651,Yellow,Fog,0.0,0.3985792652113249,52.0,42.0,197.1585366398853,24.836498976117248,Medium
2024-03-01 22:00:00,40.772333351090445,-73.99689307393076,251.0,,59.90039139758482,Yellow,Snow,0.0,-0.4480510313607291,14.0,25.0,264.8383711868454,25.73756896820779,High
2024-03-01 22:05:00,40.7442892236101,-73.88718639137576,290.0,10.211335822121743,82.95215714458622,Green,Clear,1.0,0.0575725047341182,51.0,45.0,228.0016419205791,11.651584157261986,High
2024-03-01 22:10:00,40.88077398574675,-73.90703031044019,51.0,22.83923188040862,13.009610725628686,Green,Clear,0.0,-0.6202319100885587,40.0,6.0,311.94381449355495,8.55361813740873,Medium
2024-03-01 22:15:00,40.63831577891652,-73.7303066574558,254.0,50.88414949501854,21.38768463369882,Yellow,Fog,0.0,0.4647301971007813,39.0,18.0,82.37785139592104,6.601882777157595,High
2024-03-01 22:20:00,40.73272035404306,-73.91796466880592,290.0,62.41342215224725,73.62024315563691,Green,Rain,0.0,0.6747594212910477,92.0,26.0,167.2422429992767,27.240959601477904,High
2024-03-01 22:25:00,40.7153322692518,-73.86462335049995,123.0,9.9678084880386,37.23431556787314,Green,Fog,0.0,0.7167114042037026,5.0,0.0,220.14910738792335,,High
2024-03-01 22:30:00,40.71022941587124,-73.80626255785394,36.0,37.44539679196464,55.03580825810376,Yellow,Clear,0.0,-0.2920399591468365,37.0,25.0,409.612273432032,18.07881904181501,Medium
2024-03-01 22:35:00,40.83518817215917,-73.70025673249032,134.0,16.88853963585886,42.23776214347137,Yellow,Rain,0.0,0.1374733390753821,9.0,16.0,145.5424578359795,16.538669225238053,High
2024-03-01 22:40:00,40.8513910627492,-73.74256786507911,291.0,73.2168656574763,47.88400886508705,Yellow,Rain,0.0,-0.0629868276766394,80.0,0.0,214.50903627561647,17.23284891932996,High
2024-03-01 22:45:00,40.83855729591246,-73.9441825313935,52.0,35.4724967389907,82.40851381292778,Green,Rain,0.0,0.4187120686884147,28.0,47.0,291.2265176244804,16.909247300003265,High
2024-03-01 22:50:00,40.750201314426434,-73.95564657209879,32.0,,65.90240205180133,Green,Fog,0.0,-0.3815731352574736,33.0,28.0,252.84651663376653,5.329211899220744,High
2024-03-01 22:55:00,40.800009480019966,-73.95468417875529,93.0,54.46017811704215,57.00014012284673,Green,Rain,0.0,-0.7302240043079831,9.0,28.0,133.8606006033387,9.119222728832014,Medium
2024-03-01 23:00:00,40.724188273567776,-73.76271707017654,106.0,25.44771974763503,,Green,Clear,0.0,0.2822877838954092,78.0,16.0,305.90285089286164,28.544178562662875,High
2024-03-01 23:05:00,40.84707079229829,,99.0,46.64542710081032,74.98927158068327,Yellow,Clear,0.0,-0.0574773344634722,55.0,45.0,393.8714674542199,19.387614670057673,Medium
2024-03-01 23:10:00,40.83556872653337,-73.91569092672191,137.0,28.557145523656,90.09012227834398,Yellow,Snow,1.0,0.371137715308389,12.0,9.0,429.1962803416794,14.089827052474629,High
2024-03-01 23:15:00,40.620541674265226,-73.73299909716741,131.0,68.9714780752729,33.81650250737373,Red,Snow,0.0,-0.3737394289141968,77.0,18.0,81.52438041221332,14.485563876052929,Medium
2024-03-01 23:20:00,40.685574228949285,-73.80071047074411,204.0,25.92234495281074,22.78863034978816,Green,Clear,0.0,-0.1156832884327634,61.0,5.0,280.57279692137536,12.504785326058292,High
2024-03-01 23:25:00,40.70739425956318,-73.77966578243338,216.0,31.45737782971648,84.44636382752617,Green,Snow,0.0,-0.2535941929685874,5.0,31.0,143.221472440591,11.012572035048406,High
2024-03-01 23:30:00,40.870396398825264,-73.88777870179922,121.0,37.37732308229201,71.75101867016788,Green,Clear,0.0,-0.934577645689244,58.0,14.0,435.02500599319256,22.781784341955532,Medium
2024-03-01 23:35:00,40.65323077845133,-73.99070680801368,101.0,64.61485827512182,78.13973810976204,Red,Clear,0.0,-0.6461527458030616,48.0,29.0,319.94524081281827,6.417216830744353,Medium
2024-03-01 23:40:00,40.66735910030587,-73.76418156625269,43.0,51.14310163542404,72.01945236118502,Green,Snow,0.0,0.5999469742382846,84.0,6.0,149.94554360887963,15.717160354806662,Medium
,40.610732309516905,-73.8342443681247,86.0,76.86317869493868,27.52951908646588,Green,Snow,0.0,-0.015387581333379,20.0,28.0,125.03985204097472,26.18228804485027,Low
2024-03-01 23:50:00,40.70028578931872,-73.93723227268552,108.0,33.71477417249251,17.45854865034849,Green,Snow,0.0,-0.1792847999198914,76.0,41.0,185.3176215071219,26.14569964474467,Medium
2024-03-01 23:55:00,40.640389604627394,-73.7523293379096,256.0,56.67813799446751,89.1596701779811,Red,Fog,0.0,0.9962371894040314,86.0,6.0,152.7817567643815,27.09581316964021,High
2024-03-02 00:00:00,40.8263584239158,-73.90034643244904,168.0,25.103960199199996,49.55044825847375,Red,Fog,0.0,0.0704948540816381,87.0,29.0,452.5317753041561,11.846056541399795,Medium
,40.717415860629046,-73.73842606553266,278.0,48.897169720693725,19.29110456497984,Green,Snow,0.0,0.9358560296159104,6.0,26.0,367.0954089296277,20.74278718357526,High
2024-03-02 00:10:00,40.86084357691628,-73.90595061957099,90.0,53.30717330051573,79.58106807864245,Red,Snow,0.0,0.459366378860061,95.0,22.0,165.38194648665748,28.245568131308573,Medium
2024-03-02 00:15:00,40.65583650208664,,233.0,52.46787047933584,30.462445613927095,Green,Clear,0.0,-0.3131505350379169,17.0,25.0,95.94375791083056,19.789772674543684,High
2024-03-02 00:20:00,40.60127846691883,-73.81338046705172,117.0,58.11048180329459,80.56065227857005,Red,Rain,0.0,-0.0051096753811037,34.0,17.0,334.65369534276414,26.43829467723748,
2024-03-02 00:25:00,40.860973987443536,-73.82405497799273,202.0,43.83167726338005,36.495475149379615,Red,Clear,0.0,-0.3483216864662852,68.0,25.0,446.1989420049084,12.15849982623202,High
2024-03-02 00:30:00,40.85142841480336,-73.97562915336144,173.0,11.417898280868762,15.711274595396992,Green,Rain,0.0,-0.7620589783476439,58.0,0.0,460.8937463575725,11.534057642259077,High
2024-03-02 00:35:00,40.841453165004374,-73.7169538722787,229.0,51.065439724856326,63.58509502011078,Green,Fog,1.0,-0.7266577441275184,9.0,14.0,472.4454258010465,8.07738118564396,High
2024-03-02 00:40:00,40.831008506622545,-73.80742142336305,13.0,28.127881016629377,90.72117508347688,Red,Snow,0.0,-0.1465462421889962,61.0,14.0,147.1562501199687,23.021691406594982,High
2024-03-02 00:45:00,40.7875878675151,-73.78327479597246,31.0,47.39309137883278,92.23308951293134,Yellow,Clear,0.0,-0.8106336459302816,38.0,15.0,432.6550144403914,13.013656166795366,High
2024-03-02 00:50:00,40.79959456307163,-73.8667981094963,163.0,32.9966360210916,70.99649822393516,Yellow,Rain,0.0,-0.1530777155716076,57.0,14.0,493.3180860079625,16.841975539535387,
2024-03-02 00:55:00,40.83546340611756,,15.0,39.08393320613734,96.65529200659697,Red,Rain,0.0,-0.9169210378123416,97.0,14.0,212.01120322563503,15.336456236908315,High
2024-03-02 01:00:00,40.70197517159933,-73.81972728052787,199.0,27.926239047177532,25.26916627631142,Red,Fog,0.0,0.6878863669927178,73.0,8.0,63.52918305504128,25.951416955670467,Medium
2024-03-02 01:05:00,40.61193716723241,,222.0,74.31310321734244,71.56162300729554,Red,Snow,0.0,0.9201321029215694,34.0,44.0,68.0058104575168,29.688578599091347,High
2024-03-02 01:10:00,40.654733769341206,-73.93598287689458,161.0,33.88103772077765,71.72906208191841,Green,Clear,1.0,0.2754426233831073,58.0,13.0,133.72292753361114,6.4232978012445745,High
2024-03-02 01:15:00,40.86554360050197,,190.0,51.24998534860589,28.365232797088087,Yellow,Rain,0.0,-0.1929394182390311,33.0,11.0,,28.39844340716746,Medium
,40.67258010044686,-73.75633850731252,70.0,72.29984566473519,35.38716562948822,Red,Clear,1.0,-0.7377449433994827,3.0,7.0,260.9003436771857,15.50763809608068,High
2024-03-02 01:25:00,40.615963906584206,-73.76146912538238,284.0,41.24746641649853,76.38054633978929,Green,Fog,1.0,-0.9991238828276005,99.0,16.0,345.2879760143135,21.074191656833367,High
2024-03-02 01:30:00,40.814494597508926,-73.79882158351144,38.0,79.00865297373535,32.54524516476735,Red,Clear,0.0,-0.9320452065898536,16.0,28.0,58.30117601196173,24.392963696612277,Low
2024-03-02 01:35:00,40.77150355185055,-73.76988629398186,203.0,79.0098544727801,67.88638958474223,Green,Rain,0.0,0.7626798847896108,91.0,27.0,262.7765871153516,12.87996916252601,High
2024-03-02 01:40:00,,-73.89839089434707,251.0,59.993748316010155,67.46346461401295,Yellow,Rain,0.0,0.178822390619008,64.0,29.0,211.8497661483638,7.431374332301645,High
2024-03-02 01:45:00,40.85644440367006,-73.90259417031835,205.0,51.33531667119544,13.180593381548366,Red,Clear,0.0,-0.08544343691809,75.0,4.0,353.13547647558545,24.603896488151413,High
2024-03-02 01:50:00,40.81399097472118,-73.9525939086962,68.0,68.29234969799295,90.99640156364084,Yellow,Snow,0.0,0.8752386064894475,83.0,34.0,458.43268901700384,13.46887377674895,High
2024-03-02 01:55:00,40.61626795847129,-73.88546865995622,135.0,10.880376809015791,10.663131102471237,Red,Fog,0.0,-0.0982940594283734,68.0,21.0,345.997835028707,21.583736881364583,High
2024-03-02 02:00:00,40.65229977893806,-73.87421284994092,104.0,53.253125514076125,61.954987716299414,Green,Fog,1.0,-0.0696481552232501,59.0,48.0,178.43713824635097,20.606407641011177,High
2024-03-02 02:05:00,40.783967582837946,-73.70595579296905,186.0,36.506334043273675,70.0242186684735,Red,Clear,0.0,,65.0,0.0,229.28185181353624,13.114284547795428,Medium
2024-03-02 02:10:00,40.70431409813052,-73.85794499959147,286.0,36.63096247073166,82.06851109307327,Green,Snow,0.0,-0.3822003309659818,30.0,46.0,220.72393815277312,17.760627308789424,High
2024-03-02 02:15:00,40.737779899518955,-73.74667833253781,94.0,49.39565389666978,51.29268954587347,Green,Snow,0.0,-0.5965234248228335,10.0,49.0,291.73083656757956,6.960252395264717,Medium
2024-03-02 02:20:00,40.74563993971552,-73.79007178680207,204.0,11.694447393308147,83.23507043781608,Yellow,Snow,0.0,-0.3495724785337086,6.0,42.0,100.55695126118098,27.58609801585832,High
2024-03-02 02:25:00,40.69012982946611,-73.92436603651612,100.0,47.84620170589084,21.734980322761572,Green,Rain,0.0,0.2853645508214246,30.0,45.0,348.73161881005524,17.116969055678332,Low
,40.867380494276894,-73.70654878030767,289.0,49.187818432348266,64.31510972561644,Green,Fog,0.0,-0.2095675297404178,23.0,11.0,123.3456076626905,18.385707182475024,High
2024-03-02 02:35:00,40.828480985,-73.87662068910512,105.0,46.09712966348952,72.00985292208026,Green,Fog,0.0,-0.7247320130689741,47.0,5.0,476.1465765722221,12.95781944229666,
2024-03-02 02:40:00,40.83540283427936,-73.71753348231131,158.0,5.3753544734949985,71.14737942267882,Green,Snow,0.0,-0.0697351950063014,2.0,29.0,335.30005528289223,9.587649953160172,High
2024-03-02 02:45:00,40.666530829916546,-73.7755693971231,190.0,13.315189837159508,27.35378681328518,Yellow,Snow,0.0,-0.4242862889075727,79.0,44.0,109.16378691426416,12.078457395118646,High
2024-03-02 02:50:00,40.83173674318891,-73.88304754377825,39.0,15.194341583320371,16.58720253495877,Green,Fog,0.0,-0.7501510057890857,44.0,29.0,205.427289480434,28.130955929476514,High
2024-03-02 02:55:00,40.75772633220208,-73.98769864616469,223.0,48.49629355224586,60.10276798647433,Green,Rain,0.0,0.9102735107857614,54.0,41.0,437.2270425573355,11.1100790655746,High
2024-03-02 03:00:00,40.84997750398537,-73.72317660753774,204.0,67.51269796658283,22.59972910317739,Red,Rain,1.0,-0.647723721639665,7.0,32.0,268.6411958280548,9.063825861435316,High
2024-03-02 03:05:00,40.65163382014446,-73.97685499970699,223.0,62.08847481661675,24.4881108500082,Green,Rain,0.0,0.7467108737646646,,24.0,403.96399333144666,9.457685036558187,High
2024-03-02 03:10:00,40.82030726373006,-73.9268208864546,120.0,54.56195696133062,72.30196499025706,Yellow,Fog,0.0,0.7114328012383189,41.0,17.0,210.9827688172965,11.795277330462586,Medium
2024-03-02 03:15:00,40.750525077638656,-73.8070541709533,296.0,33.47451102785204,11.93720142117648,Green,Fog,1.0,-0.3585793512264839,76.0,21.0,366.89981538770894,8.43076203841134,High
2024-03-02 03:20:00,40.67066292924278,-73.79606893991063,218.0,6.139505301444729,76.08918889168741,Yellow,Rain,0.0,0.4816303727581241,71.0,18.0,384.7444582003541,,High
2024-03-02 03:25:00,40.60806431175625,-73.85648755686026,235.0,64.13811143700042,80.9789113335575,Red,Clear,0.0,-0.3752586834572378,82.0,20.0,455.2976281249851,14.989767070407533,High
2024-03-02 03:30:00,40.81703724254347,-73.72629712325934,283.0,23.949112846930426,48.38036704481369,Red,Rain,0.0,-0.46564983969797,36.0,47.0,52.24920775496323,11.429615011177848,High
2024-03-02 03:35:00,40.756229082299456,-73.82810913952471,205.0,51.80674552453997,64.94120180861506,Green,Clear,,0.3336942986126745,26.0,8.0,114.16894900207971,27.27720258413356,High
2024-03-02 03:40:00,40.83866596256687,-73.93630456558195,139.0,57.859554065150874,38.51691764944532,Yellow,Fog,0.0,0.6530414696884497,29.0,24.0,242.27023858779648,18.741870691600457,Medium
2024-03-02 03:45:00,40.679081318725835,-73.98871727736083,106.0,28.0638650435718,69.47127780386208,Red,Snow,0.0,0.128263535893782,59.0,40.0,88.66386150990621,14.32325755835928,Medium
2024-03-02 03:50:00,40.68618373057627,-73.84904140184844,299.0,44.01646857883426,66.28241651070374,Yellow,Rain,0.0,0.7230576190351661,99.0,44.0,292.687045268625,6.475825980765213,High
2024-03-02 03:55:00,40.8240655901009,-73.81023027616123,209.0,69.25046752687882,24.163692086604456,Red,Snow,0.0,0.5866324885686274,75.0,28.0,350.5623550918743,20.41699086471691,High
2024-03-02 04:00:00,40.66783523543934,-73.89565764770613,25.0,69.42588888944435,56.812837748775294,Yellow,Fog,0.0,0.2782258993590611,77.0,3.0,425.5997101491955,11.147260325188036,Medium
2024-03-02 04:05:00,40.79154058875397,-73.852728609101,238.0,47.548189933841826,72.23102354450472,Yellow,Clear,1.0,0.9347465785163004,86.0,0.0,344.99500849131323,9.468187437194054,High
2024-03-02 04:10:00,40.74362005515622,-73.89337911302287,26.0,34.608155954457004,72.19579981674065,Yellow,Clear,0.0,0.3521181835886631,55.0,42.0,187.89191874379716,,Medium
2024-03-02 04:15:00,40.81427027593677,-73.8317356288871,48.0,7.231880261116967,16.333739090898035,Yellow,Snow,0.0,0.7433977031039276,59.0,23.0,417.0053306558596,11.42633386147743,High
2024-03-02 04:20:00,40.63940171613307,-73.95882490391611,217.0,50.654714492534616,17.338903252724396,Green,Fog,0.0,0.2296553615909913,81.0,8.0,473.845630584938,20.985244493554305,High
2024-03-02 04:25:00,40.81976740725243,-73.93336065097682,169.0,14.153315227300624,96.876287511394,Yellow,Rain,0.0,-0.4780579535184455,12.0,37.0,159.0160929433743,7.543480465046488,High
2024-03-02 04:30:00,,-73.81805620132805,164.0,40.44138109578879,66.18540187184297,Red,Snow,0.0,-0.5975064283323668,65.0,4.0,104.84927233956216,25.71792567701863,Medium
2024-03-02 04:35:00,40.62272684643746,,214.0,5.649523014898071,10.60335848887299,Red,Clear,0.0,0.127898623947561,33.0,18.0,357.24194444692415,9.862382605322509,High
2024-03-02 04:40:00,40.614920752409866,-73.88520871238612,186.0,71.94496389575116,35.33650244233331,Green,Snow,0.0,0.6385327443932864,39.0,32.0,218.80080078232209,14.135171305314875,Medium
2024-03-02 04:45:00,40.814669483183174,-73.74435063240647,172.0,48.51237007541445,13.55222314853244,Green,Snow,0.0,0.8557376970912425,80.0,23.0,283.55901080666894,10.320117336121784,Medium
2024-03-02 04:50:00,40.65709869520809,-73.72946980525045,35.0,39.14771570788833,55.14881742873727,Yellow,Fog,1.0,-0.8882757621925597,24.0,49.0,405.8304219368767,23.912714129707997,High
2024-03-02 04:55:00,40.83107788249141,-73.74454881017283,239.0,38.224359863979096,41.81151224713488,Green,Clear,0.0,-0.6826791854888936,89.0,39.0,386.8505453607019,25.397032269599315,High
2024-03-02 05:00:00,40.85600733828627,-73.92861861211452,177.0,72.2064483026959,52.55378796266561,Yellow,Snow,0.0,0.4643407389911638,24.0,43.0,368.0822573850018,5.760304384228089,Medium
2024-03-02 05:05:00,40.69186150256475,-73.85883960272143,239.0,46.96653947865086,66.44367032689328,Green,Fog,0.0,-0.4317293940266156,91.0,10.0,353.39755215299243,16.82680274061708,High
2024-03-02 05:10:00,40.684977788274914,-73.7768455060841,295.0,51.70026172076075,99.55901010895823,Red,Clear,0.0,0.9855475617550477,16.0,11.0,268.3773499932687,23.811482583670713,High
2024-03-02 05:15:00,40.67351481543762,-73.98699511474959,202.0,,70.85395466350465,Red,Snow,0.0,0.9888248417063652,28.0,6.0,459.77030113937025,7.735945869802372,High
2024-03-02 05:20:00,40.88729613816426,-73.72964567449363,265.0,25.863518063349023,70.7180730362365,Green,Fog,0.0,0.7044806004379378,7.0,33.0,55.047748837485514,8.455696668074983,High
2024-03-02 05:25:00,40.82610215743787,-73.77737357557817,249.0,7.427918109006141,59.22600014319477,Green,Fog,0.0,-0.2160585785045816,70.0,14.0,243.2622561205069,20.2401892082512,High
2024-03-02 05:30:00,40.701623107587594,-73.95028786964235,89.0,50.87134470057896,20.027900617316824,Red,Rain,0.0,-0.7944544785348435,93.0,12.0,430.0896601247666,20.471589920651688,Low
2024-03-02 05:35:00,40.7239753344132,-73.76383160006833,114.0,32.73381333428017,31.221188469932745,Green,Fog,0.0,0.085485175751617,12.0,19.0,438.6436718671848,10.993008268817444,Medium
2024-03-02 05:40:00,40.70302877973257,-73.97709069013929,182.0,21.37147038555604,26.68290788355439,Green,Fog,0.0,-0.0469441855000511,9.0,27.0,253.23865564822563,18.614859495641483,Medium
,40.76451185273417,-73.85728617121421,271.0,56.88297555244331,38.37745487874603,Red,Snow,0.0,0.6828788147088594,2.0,39.0,423.8064043194435,27.255831626525293,High
2024-03-02 05:50:00,,-73.72625149574144,110.0,48.44585678057912,98.92535150337169,Yellow,Fog,0.0,0.3010597040794536,44.0,3.0,79.09570227607566,8.508641496181886,High
2024-03-02 05:55:00,40.80336168320422,-73.87712799164747,123.0,55.595288332362976,85.71393087153714,Green,Fog,0.0,0.9565365171472509,51.0,15.0,128.28201839568192,20.11526155723951,High
2024-03-02 06:00:00,40.652682126795064,-73.88153109595758,270.0,34.66347694475817,71.71892018932266,Green,Snow,0.0,0.5949736589040111,79.0,10.0,344.7970675797874,25.086339634515483,High
2024-03-02 06:05:00,40.62704211199176,-73.79454757902822,110.0,68.37670130706508,25.763556280580417,Red,Clear,0.0,-0.6878207932832185,6.0,6.0,337.9439936143545,17.055354578012604,Medium
2024-03-02 06:10:00,40.75415427520275,-73.82998778362195,40.0,16.065833757133547,67.15006959410081,Red,Rain,0.0,-0.95275168141857,76.0,26.0,94.87813951166036,28.780097706978232,High
2024-03-02 06:15:00,40.74247518717404,-73.7599732566813,82.0,33.650458110025866,17.02754983655356,Green,Rain,,0.4826748993444747,55.0,47.0,174.04289444229565,28.521766770619735,High
2024-03-02 06:20:00,40.75755122403482,-73.76339537569068,129.0,71.519032397489,10.550057319425951,Red,Rain,0.0,0.5117881463905734,71.0,6.0,462.3287916069194,19.933284144485743,Medium
2024-03-02 06:25:00,40.718904311387654,-73.87610320485433,156.0,62.70877775995152,49.419326686736014,Red,Fog,0.0,-0.036947340784005,8.0,42.0,57.15314137925265,12.62662005274515,Medium
2024-03-02 06:30:00,40.66008848792448,-73.77856690804072,237.0,78.1433407488453,18.206267411436627,Green,Fog,0.0,-0.7332306897000536,53.0,31.0,120.69663191871072,18.50524283388402,High
2024-03-02 06:35:00,40.604681340971325,-73.88668423959692,197.0,70.2437570561782,57.92744500143299,Red,Clear,0.0,-0.0543061876755135,35.0,22.0,477.8047101759401,24.865531724658872,Medium
2024-03-02 06:40:00,40.827348123502766,-73.93731204249076,251.0,26.129129207809143,33.63225281732515,Yellow,Fog,0.0,0.2220998639990659,75.0,28.0,303.0306812104796,11.878601082535653,High
2024-03-02 06:45:00,40.61037398040916,-73.91581225186702,186.0,44.643050844021744,32.7887250159249,Red,Snow,0.0,-0.9606793633032232,77.0,26.0,102.56512777792658,28.067914957907572,Medium
2024-03-02 06:50:00,40.83068878376689,-73.9906728111346,82.0,77.68123898076136,98.93911170810172,Green,Rain,0.0,-0.024649071756758,93.0,21.0,416.33764657053194,8.563776986716999,High
2024-03-02 06:55:00,40.83592916396327,-73.90375877947125,98.0,38.52611922827188,66.38133787272342,Green,Snow,0.0,-0.0312003280572765,5.0,5.0,88.7259842334906,14.669627832190322,Medium
2024-03-02 07:00:00,40.743694080370325,-73.7502630348635,298.0,57.96602222173823,25.5017784243716,Yellow,Clear,0.0,-0.9728185738040253,36.0,41.0,208.016112342533,13.78558219460383,High
2024-03-02 07:05:00,40.81881900748354,-73.89129257685417,21.0,50.68758241975973,47.79849750353042,Red,Clear,0.0,-0.4527092256987397,83.0,44.0,194.33102048246872,10.964691601140771,Low
2024-03-02 07:10:00,40.784389033999325,-73.82693409984302,79.0,5.601004658367299,96.02427949584934,Green,Rain,0.0,0.3036205388345834,31.0,42.0,285.8299869389818,21.66923139557,High
2024-03-02 07:15:00,40.7193716450031,-73.92128099387797,135.0,62.879716157243344,25.834184853268177,Green,Fog,0.0,0.0262522449073132,53.0,40.0,301.3523382264692,11.158838726811087,Medium
2024-03-02 07:20:00,40.62198014507013,-73.9324177943768,100.0,21.788570653937622,17.790144540851664,Green,Fog,0.0,0.7294997673912649,15.0,37.0,192.00530500430577,10.491071658724186,Medium
2024-03-02 07:25:00,40.663965711593555,-73.73570320136646,66.0,25.994552335584533,84.53422556400267,Yellow,Rain,0.0,0.7712175634187495,7.0,33.0,331.72257178456664,5.621458542682249,High
2024-03-02 07:30:00,40.63973787079217,-73.95546874530405,41.0,35.31525454070996,17.251980580333264,Green,Snow,0.0,0.1921228289433896,50.0,18.0,422.9329589924805,10.619558374649412,Medium
2024-03-02 07:35:00,40.688613175607394,-73.71035361176921,131.0,64.60877250417713,75.86946964642979,Green,Clear,0.0,-0.2017204410486242,16.0,42.0,281.5698288034232,8.45708112224266,Medium
2024-03-02 07:40:00,40.802031676788275,-73.74792976011601,119.0,26.826353353903507,74.83664701283398,Red,Clear,0.0,-0.9712078600305836,20.0,1.0,282.4449325284195,6.596624466039187,Medium
2024-03-02 07:45:00,40.80681935619326,-73.7415683310868,226.0,24.09073902207225,38.09747530979269,Green,Clear,0.0,0.9757776128597312,27.0,,352.3252165160307,10.57736432740667,High
2024-03-02 07:50:00,40.75140993530781,-73.97978846387618,161.0,56.90228271601502,21.024319519123836,Red,Rain,0.0,0.9012962910749058,91.0,27.0,372.824770029115,28.01171511477445,Medium
2024-03-02 07:55:00,40.66122037055044,-73.99101272023928,248.0,6.4299980117633915,16.626999298072924,Yellow,Fog,0.0,0.656274462695118,76.0,30.0,127.84385069375068,26.969021482012316,High
2024-03-02 08:00:00,40.88929348090294,-73.7244148080356,103.0,15.10577479374345,83.48038196899623,Red,Snow,0.0,0.6675794850112424,44.0,25.0,307.66041386615035,16.400495040521967,High
2024-03-02 08:05:00,40.767694707553986,-73.83770000804759,23.0,10.559859023913017,92.85061255881403,Green,Clear,1.0,0.651298527663329,76.0,23.0,299.7867354081799,7.354351005690808,High
2024-03-02 08:10:00,40.65569977008056,-73.85577919105629,,61.20251783430268,36.2487901624627,Green,Clear,0.0,0.2832160467795523,50.0,4.0,156.4490818667589,19.638689611190685,Medium
2024-03-02 08:15:00,40.891850924844185,-73.82285962179739,83.0,24.45997261691812,35.138826433132536,Yellow,,0.0,0.0993041414924305,72.0,40.0,289.5240750515577,22.94969292981127,Medium
2024-03-02 08:20:00,40.70057906225182,-73.91990011477863,72.0,24.978027868010717,77.58909660623085,Green,Fog,0.0,-0.0033168689271385,3.0,47.0,132.4861871090547,16.809161343787224,Medium
2024-03-02 08:25:00,40.62872665172222,-73.93883015658477,198.0,23.591986878782834,70.56683587631933,Yellow,Clear,0.0,0.7537025612974304,79.0,27.0,216.17703502073735,13.49196394846596,Medium
2024-03-02 08:30:00,40.841548504165786,-73.94219548591718,297.0,12.530017475912896,47.81842772063875,Green,Fog,0.0,0.3255063810271925,93.0,38.0,253.51527961121784,15.594758497188415,High
2024-03-02 08:35:00,40.83133967014425,-73.91411730970982,224.0,43.629725924999015,63.18984259342836,Green,Clear,0.0,0.895306261039611,4.0,47.0,325.448565934514,18.124719108411945,High
2024-03-02 08:40:00,40.83432244704581,-73.92633961551267,126.0,72.86389541141457,13.591991381118492,Red,Clear,1.0,-0.2651888373145616,80.0,5.0,87.30707980886501,5.966976840737624,High
2024-03-02 08:45:00,40.76126440566981,-73.91469696634597,38.0,6.428008316625142,77.72360806250745,Green,Rain,0.0,-0.5387764678769698,10.0,44.0,338.25361452788354,19.578884297636343,High
2024-03-02 08:50:00,40.78355305267726,-73.91264842052557,71.0,64.02018812775843,71.1085890294597,Red,Fog,0.0,0.9871982663306252,39.0,16.0,145.13979774420986,22.41752949376856,Medium
2024-03-02 08:55:00,40.885979236487834,-73.9112270780811,41.0,15.362425110297377,10.57683909641134,Green,Rain,0.0,-0.338358647224086,70.0,27.0,497.3096885969797,22.94964519731479,High
2024-03-02 09:00:00,40.83415945824927,-73.72730274440923,150.0,26.104528021625484,86.55014055746972,Red,Rain,0.0,0.2973969233951383,99.0,8.0,428.31539878343506,23.222076185697965,High
2024-03-02 09:05:00,40.66433681049942,-73.70973570205277,33.0,5.308721543256462,43.26039308917256,Yellow,Rain,0.0,0.4874556066695241,93.0,32.0,232.640001162996,27.92149249966041,High
2024-03-02 09:10:00,40.61002892442147,,74.0,30.418917301424752,78.8857868485726,Yellow,Rain,0.0,-0.6157036231597077,3.0,14.0,354.1437458660278,26.647346983335495,Medium
2024-03-02 09:15:00,40.85939186887286,-73.85478305735522,83.0,25.25310821894127,29.98291719179886,Green,Fog,0.0,0.905124760792574,83.0,9.0,371.20832148358784,28.401040878255312,Medium
2024-03-02 09:20:00,40.83973896101933,-73.99661766641691,97.0,12.44689804509748,41.9995740678584,Yellow,Rain,0.0,-0.3759412529727028,37.0,41.0,207.43459094876613,9.066946033064095,High
2024-03-02 09:25:00,40.63724119958391,-73.75941508197639,85.0,11.96177716026847,14.16402948279081,Yellow,Clear,0.0,0.2228322403744118,4.0,13.0,95.14512206114654,13.836111866014209,High
2024-03-02 09:30:00,40.828120625061274,-73.91331846894302,201.0,57.88635614901969,52.546253308304735,Red,Snow,0.0,0.7146422591925383,49.0,25.0,426.08801003676246,8.85427617055477,High
2024-03-02 09:35:00,40.687731140763034,-73.85554999517946,286.0,15.135398285880475,98.03217383286436,Red,Snow,0.0,-0.5678336432914994,33.0,14.0,299.044425688864,26.642399395700128,High
2024-03-02 09:40:00,40.864521332949614,-73.91492442194708,77.0,23.48034370091505,81.19131335481902,Yellow,Fog,0.0,-0.94348518599752,17.0,49.0,322.3969937132239,11.109783641840298,High
2024-03-02 09:45:00,40.86415379389565,-73.90437683973722,101.0,38.19817738455644,82.71101091455283,Red,Snow,0.0,0.3021048770249082,43.0,45.0,220.3588818762181,13.253135554881522,High
2024-03-02 09:50:00,40.855741770321714,-73.96797938371444,130.0,35.61148026997741,51.83359417575785,Red,Clear,1.0,-0.4910408833039248,34.0,32.0,152.23143675862434,23.259599452515868,High
2024-03-02 09:55:00,40.76526291049885,-73.8775498905982,233.0,31.060129481222223,32.848650723301006,Yellow,Clear,0.0,-0.3282148133926421,68.0,18.0,268.531749811439,5.14903546556628,High
2024-03-02 10:00:00,40.65870018271678,-73.87839630934427,154.0,9.46544801456373,38.74596950061567,Yellow,Rain,0.0,0.3676363871691748,36.0,9.0,171.2983812905061,16.773717573451563,High
2024-03-02 10:05:00,40.685375110515025,-73.76718707344858,72.0,6.254431139804063,70.05246806617996,Yellow,Snow,0.0,-0.4907763956239199,68.0,12.0,397.39325440070394,21.620665194012712,High
2024-03-02 10:10:00,40.70225288874234,-73.93188081870949,25.0,34.51145218358998,73.59161804651086,Green,Rain,0.0,-0.9261177405522198,95.0,38.0,382.4303479449713,7.307765301697912,Medium
2024-03-02 10:15:00,40.6184195434045,-73.70160910027461,263.0,44.59532299552876,36.657671589349135,Red,Fog,0.0,-0.8654448868473694,2.0,37.0,293.1304392460297,5.602583012608979,High
2024-03-02 10:20:00,40.64668777683828,-73.91539871140881,48.0,20.739269786164527,93.6794709152237,Yellow,Clear,0.0,0.3586403708168229,28.0,25.0,75.05842942040478,25.970360312900574,High
2024-03-02 10:25:00,40.77460989737257,-73.91350925362147,174.0,42.4811935624372,33.61443875033939,Green,Snow,0.0,0.5630550215773105,68.0,3.0,271.0379670329914,19.535177700123448,Medium
2024-03-02 10:30:00,40.63743060929738,-73.87433096127221,155.0,42.46858323414125,67.80990246837553,Red,Snow,0.0,-0.3846183489636217,65.0,14.0,90.10705519266436,9.6371729927473,Medium
2024-03-02 10:35:00,40.78257544875127,-73.83438742503785,192.0,20.311920219879315,37.52040156177236,Green,Clear,0.0,-0.3695217686541472,27.0,4.0,77.50947184793588,22.087910781683956,Medium
2024-03-02 10:40:00,40.83037856227353,-73.76265395571083,208.0,77.79380213205528,22.89591525935244,Green,Rain,0.0,-0.9830483549409844,68.0,6.0,360.9278313644451,17.695713009699844,High
2024-03-02 10:45:00,40.824204717451266,-73.78969819011647,241.0,50.932744733361,57.87475555092291,Red,Clear,1.0,-0.4210132367686576,44.0,34.0,139.5528582169623,20.973475001504415,High
2024-03-02 10:50:00,40.874390930891785,,52.0,76.59428532340887,47.15196350585002,Green,Rain,0.0,-0.5645203791267008,48.0,44.0,255.91516307017056,17.83612918848732,Low
2024-03-02 10:55:00,40.87997425710821,-73.88741045922166,236.0,14.554013394667932,98.0209417903807,Yellow,Clear,0.0,0.8737844068458196,27.0,20.0,290.3753460929796,23.58144442974268,High
,40.763435289278355,-73.81227064366429,241.0,74.44478307111227,88.03045521768412,Red,Rain,0.0,0.9817333189595132,27.0,,405.8382472645335,19.30677463718974,High
2024-03-02 11:05:00,40.696582707977555,-73.76946783028254,193.0,6.983052063179885,63.67363371446775,Red,Fog,0.0,0.6753693829717853,52.0,42.0,229.23218296701432,17.425894878813885,High
2024-03-02 11:10:00,40.75076827751205,-73.79482996886242,251.0,64.89742859060607,79.97473902475889,Green,Snow,0.0,0.0372214215182562,97.0,5.0,335.88423887033184,9.290777121934893,High
2024-03-02 11:15:00,40.73013599795273,-73.76565122626086,14.0,72.06900201184122,48.106020037112536,Yellow,Fog,0.0,-0.5139248633479012,43.0,22.0,170.8685225997421,7.158040609867734,Low
2024-03-02 11:20:00,40.80691447227021,-73.9733766724195,197.0,48.422389400910795,38.91832447992647,Green,Fog,0.0,0.8213841255007692,72.0,30.0,167.0136839609184,25.57687479842618,Medium
2024-03-02 11:25:00,40.73022585275819,-73.82071037575798,106.0,75.93193459288645,13.556324787114526,Red,Snow,0.0,0.1738434653442466,38.0,7.0,131.8172142440972,14.25702566934937,Medium
2024-03-02 11:30:00,40.632762268103875,-73.97906972535026,183.0,9.72991673269263,78.62060089337695,Green,Snow,0.0,0.5842552958240901,95.0,26.0,358.5075097939744,17.75079062641197,High
2024-03-02 11:35:00,40.882792163311976,-73.90357124232607,84.0,31.790993270612823,88.5689316681425,Red,Clear,0.0,-0.9176391249081672,87.0,22.0,185.42067382646056,15.006372434925462,High
2024-03-02 11:40:00,40.72911651767839,-73.81454238494108,32.0,24.490143060415654,92.00204038135386,Green,Fog,0.0,0.4762817513506328,25.0,23.0,69.31799889409069,25.47047231492128,High
2024-03-02 11:45:00,40.711100515833024,-73.74494226585584,225.0,7.501493124171778,60.42259608352594,Red,Snow,0.0,0.0608850336300328,95.0,,376.38421156306464,22.785196796038356,High
2024-03-02 11:50:00,40.73623986137789,,226.0,68.33096476915753,92.85890420323952,Green,Clear,1.0,-0.2497485740907701,46.0,21.0,309.8134979258544,6.983094304174193,High
2024-03-02 11:55:00,40.864652445566094,-73.9927133251044,171.0,65.06048472330632,31.919279557465227,Yellow,Snow,0.0,-0.3931275502328051,82.0,39.0,368.1761234263114,7.268840432763603,Medium
2024-03-02 12:00:00,40.87537366653398,-73.94306892754683,249.0,32.48909545344482,17.674688144357603,Green,Rain,0.0,0.1275349621409975,82.0,23.0,316.95338091417983,11.284501570691752,High
2024-03-02 12:05:00,40.670305901928145,-73.75414295172229,236.0,74.65708873148945,16.003441061855867,Green,Snow,0.0,-0.60143207512075,74.0,29.0,124.88391695115646,7.1807198868948525,High
2024-03-02 12:10:00,40.73571150336789,-73.78236036868145,284.0,41.6582933710684,33.17895736594808,Green,Fog,0.0,-0.5559406430883775,66.0,,182.57409187792572,16.332322587296467,High
2024-03-02 12:15:00,40.63583866911081,-73.82960681341737,77.0,5.478466018836421,92.31665074782909,Green,Clear,0.0,0.1188915191256736,89.0,2.0,290.85982829862996,19.256309770997294,High
2024-03-02 12:20:00,40.75672766360045,-73.83348587441313,293.0,78.27510058087688,51.48066826002342,Red,Fog,0.0,0.0536346328292995,62.0,36.0,464.87224827414695,17.298837780411368,High
,40.89155625748661,-73.70564730715023,144.0,33.29495363049061,15.435196443571044,Red,Fog,0.0,0.9006723534707373,33.0,7.0,309.90791629516104,22.89473430495618,Medium
2024-03-02 12:30:00,40.77172035575082,-73.84617334490346,49.0,23.928857932697728,89.49967573367317,Red,Fog,0.0,-0.5490817384103415,49.0,26.0,366.9158766604309,10.738304112089104,High
2024-03-02 12:35:00,40.756731458581726,-73.87455304494453,44.0,75.17498964329131,95.56762269953973,Red,Rain,0.0,0.2320132752994159,43.0,38.0,199.0814325088258,12.030376392355144,High
2024-03-02 12:40:00,40.65536705120466,-73.78218423307354,257.0,54.4703968081813,80.82227487402695,Green,Rain,0.0,0.7851379119593846,80.0,39.0,253.2490189258696,27.128803860070654,High
2024-03-02 12:45:00,40.730218384284974,-73.92672789126436,164.0,36.162426708384714,53.676138769510615,Red,Rain,0.0,-0.8369045675984916,71.0,39.0,482.3797987952743,29.07657473495315,Medium
2024-03-02 12:50:00,40.82595169841163,-73.80129162382768,182.0,13.21207052448247,51.01387506319976,Yellow,Snow,0.0,-0.7046929568777927,88.0,43.0,465.3530256064946,11.122654167851104,High
2024-03-02 12:55:00,40.64105295079985,-73.84181316237806,294.0,47.11644464157437,49.27627765305583,Yellow,Fog,0.0,0.3948915975697193,13.0,45.0,399.50294552784055,28.90603324443748,High
2024-03-02 13:00:00,40.8205014231415,-73.7434963137045,67.0,66.16981047259782,47.81300046962903,Green,Clear,0.0,0.524221647306423,90.0,38.0,429.7948649863371,23.45817735552725,Low
2024-03-02 13:05:00,40.84304226448329,-73.97226155420539,111.0,76.05551049327941,54.463769188869534,,Rain,0.0,-0.0350184471093149,8.0,15.0,284.8589352226386,6.486363578073757,Medium
2024-03-02 13:10:00,40.87106024883175,-73.82738593274516,175.0,54.503834624812896,97.45176163732296,Green,Fog,0.0,0.1591188316844891,17.0,14.0,357.9393632151523,19.59780285839507,High
2024-03-02 13:15:00,40.830340784886126,-73.97389481112303,201.0,43.64644793126749,68.4039444173925,Green,Snow,0.0,0.994782274134205,90.0,4.0,497.0880916742011,14.101489579312595,High
,40.74582742445886,-73.7204947034948,175.0,55.69479186521623,63.684106032091854,Red,Clear,0.0,-0.024179373439942,31.0,23.0,203.41439272538472,13.44608179939114,Medium
2024-03-02 13:25:00,40.663283681840205,-73.72546478796683,37.0,14.766508420749656,92.43357251249648,Green,Fog,0.0,0.4008455282214618,34.0,29.0,446.33636273328966,21.528204737495653,High
2024-03-02 13:30:00,40.807330067859695,-73.99721662048836,215.0,6.208133675692344,71.30455520635712,Yellow,Fog,0.0,-0.5731240011889631,92.0,20.0,364.7993060047984,5.863735080768668,High
2024-03-02 13:35:00,40.6444668821516,-73.78341781087087,28.0,17.624721033670856,40.781329325706864,Green,Clear,1.0,-0.2991104568534295,59.0,49.0,232.83366969341049,29.691517264943712,High
2024-03-02 13:40:00,40.76023974665123,-73.88556035974138,86.0,73.84856159770166,23.88041612858996,Yellow,Rain,0.0,-0.1219143097957813,50.0,3.0,394.530490835415,23.266096499768704,Low
2024-03-02 13:45:00,40.60356738930079,-73.88718241863319,207.0,36.74702691479736,45.133001019013264,Yellow,Rain,0.0,0.9000767395495299,36.0,10.0,281.0706014721406,7.165307683506967,High
2024-03-02 13:50:00,40.73573871127565,-73.84527933127555,237.0,44.67017030782089,20.32315154474039,Red,Fog,0.0,-0.5716889962437446,52.0,21.0,206.9812128188245,25.37701227833788,High
2024-03-02 13:55:00,40.73662232939193,-73.98053294054253,232.0,6.768884048741112,78.47699445688768,Red,Rain,0.0,0.036121171571199,55.0,31.0,236.9984078484385,12.986728459491822,High
2024-03-02 14:00:00,40.8950115756726,-73.92791893675195,281.0,41.08931070167014,67.85113676213075,Yellow,Snow,0.0,-0.7665441726698352,26.0,1.0,354.38210360106325,15.925267202732844,High
2024-03-02 14:05:00,40.64583299756883,-73.88866145464185,129.0,72.02330170204971,75.05506323158855,Red,Clear,0.0,-0.5092747852647745,81.0,30.0,444.1622208136151,29.593024554104172,Medium
2024-03-02 14:10:00,40.66129617913772,-73.91640276764713,21.0,45.00788780065568,25.830818503239893,Red,Rain,0.0,-0.3995669490212465,36.0,11.0,211.1255149723856,18.259277605811768,Low
2024-03-02 14:15:00,40.70340060423263,-73.70951602188148,245.0,69.63144806911126,94.85975189276031,Red,Fog,0.0,-0.2175141679640668,56.0,24.0,83.34889085325061,28.934059139811893,High
2024-03-02 14:20:00,40.70266694380816,-73.87988357942584,94.0,16.932637023832747,90.3223677074776,Yellow,Rain,0.0,-0.1299175366150289,48.0,16.0,324.8627836248145,17.277112788035993,High
2024-03-02 14:25:00,40.702924224536005,-73.9262780193538,181.0,42.60061544971241,42.87446821863334,Red,Rain,0.0,0.275497822950014,3.0,18.0,78.28792604246482,5.057318564207814,Medium
2024-03-02 14:30:00,40.72238458646509,-73.92554683040679,221.0,5.243503314866827,38.24055942140387,Red,Rain,0.0,-0.2820030477261821,20.0,4.0,57.7632124223672,13.820882085770384,High
2024-03-02 14:35:00,40.88544297736844,-73.98353336840071,284.0,65.88987409790516,78.5171738150939,Yellow,Clear,0.0,-0.5068146491106942,41.0,29.0,357.7785229062073,21.086302771020293,High
2024-03-02 14:40:00,40.84492410283454,-73.85787722018503,257.0,27.868587669221235,50.24600935607934,Yellow,Rain,1.0,0.6225451943135845,30.0,21.0,207.3037785292807,24.750250414195698,High
2024-03-02 14:45:00,40.82439673292649,-73.79584000425427,62.0,38.60734495747295,97.93906414992092,Green,Snow,0.0,0.006271368830212,61.0,35.0,334.675015025776,18.250618778583,High
2024-03-02 14:50:00,40.71524989297522,-73.90090081185213,204.0,67.91879418351937,75.3233552560863,Green,Snow,0.0,0.9642819673535504,72.0,49.0,76.95160778582218,9.636107039187388,High
2024-03-02 14:55:00,40.7520184633004,-73.84023470259953,168.0,49.23876966672907,93.77658914783692,Red,Fog,0.0,0.9066910461670286,6.0,25.0,322.86722092221487,7.997564749794588,High
2024-03-02 15:00:00,40.85666585493911,-73.8768357296056,285.0,21.738278054528276,32.11616279327426,Green,Fog,0.0,-0.4403747480924556,96.0,15.0,215.78188376536147,11.032987618453738,High
2024-03-02 15:05:00,40.79273345494929,-73.93530176516741,26.0,61.5910680741284,69.87820271059577,Green,Fog,0.0,0.7030510163743868,95.0,18.0,483.3305513934409,17.289744253280197,Medium
2024-03-02 15:10:00,40.64638945968164,-73.95275371609294,185.0,48.00859027249568,30.275138023686893,Red,Clear,0.0,-0.0484423655471943,18.0,48.0,92.73884477037012,13.168219017789596,Medium
2024-03-02 15:15:00,40.67000775496258,-73.93155168605936,36.0,77.60412363480869,21.37863539287151,Red,Clear,0.0,0.5809991288796867,31.0,12.0,88.39776081899095,15.17171920917502,Low
2024-03-02 15:20:00,40.877246540542615,-73.77015414294277,146.0,13.361728934309006,69.04200387126292,Green,Fog,0.0,-0.3199254607161279,34.0,44.0,396.9023821559997,23.53004154514386,High
2024-03-02 15:25:00,40.825116955845594,-73.93670228310195,82.0,45.46357549646112,93.96290185442808,Red,Clear,0.0,0.6938432685225469,82.0,11.0,410.07502039364965,17.613528542127113,High
2024-03-02 15:30:00,40.76979533136373,-73.72295046161472,182.0,63.855431135701295,24.881518389824315,Red,Rain,0.0,0.1046745888244367,20.0,25.0,234.96725267246123,12.331489296018932,Medium
2024-03-02 15:35:00,40.89537930141606,-73.88939518788276,282.0,53.04840319584499,14.014016955471217,Green,Snow,0.0,-0.8840199099176549,45.0,21.0,460.1225366657469,10.28779494031862,High
,40.674763042352346,-73.7212033771445,255.0,51.78866627563543,25.075635786810537,Yellow,Snow,0.0,-0.4784227170132995,17.0,,366.9822380026657,9.525673378935023,High
2024-03-02 15:45:00,40.765934099252135,-73.73475965531435,143.0,29.820808717464352,90.71920742845845,Green,Fog,0.0,0.0133224730629566,36.0,40.0,168.18471735440363,14.16077716942647,High
2024-03-02 15:50:00,40.60308606322282,-73.86274297019283,73.0,19.002603929290256,88.57142222465218,Green,Rain,0.0,-0.4826974360586853,47.0,19.0,140.8529523800686,28.3210618815718,High
2024-03-02 15:55:00,40.80053233470336,-73.90782078640669,48.0,69.80575193708823,10.52346190144651,Green,Rain,0.0,0.140725955826183,40.0,27.0,164.99377370088666,26.59324754644023,Low
2024-03-02 16:00:00,40.7117873024844,-73.93744767595743,118.0,5.440155755958807,28.38491870827935,Red,Fog,0.0,-0.0494064440314401,33.0,19.0,160.34202730523992,,High
2024-03-02 16:05:00,40.804176076130354,-73.7437939266315,153.0,68.941734321137,36.392430070133265,Red,Clear,0.0,0.4307782241661895,28.0,8.0,105.1279815140739,18.031584857188,Medium
2024-03-02 16:10:00,40.69367716846873,-73.84367907100957,188.0,75.69054987914906,29.37279994236471,Yellow,Fog,0.0,,71.0,33.0,110.49800082522664,8.571789782054196,Medium
2024-03-02 16:15:00,40.7779268761871,-73.89041397325278,188.0,50.616168346314424,65.50783649984459,Red,Snow,0.0,0.9203054319815293,43.0,21.0,460.6693218214049,6.100360626721256,Medium
2024-03-02 16:20:00,40.758616273511656,-73.81935852266976,150.0,46.59298411800704,15.316655888884908,Green,Fog,0.0,-0.9151991179892254,26.0,18.0,372.5191453314169,24.42098193693015,Medium
2024-03-02 16:25:00,40.69465998443316,-73.86110682829154,225.0,8.085902406255014,53.0977485538739,Green,Snow,1.0,-0.7742665875189034,43.0,38.0,166.97481288388374,6.319950659595717,High
,40.676996881223715,-73.9911775233387,39.0,10.672462676121835,17.316344498846874,Red,Fog,0.0,-0.336323185545001,40.0,22.0,159.70544272985336,21.702706546281764,High
2024-03-02 16:35:00,40.61056998227099,-73.71046726797132,229.0,9.634636734042347,66.57495148745113,Green,Fog,0.0,-0.1570410110843172,82.0,2.0,381.5710395570372,20.542259114421817,High
2024-03-02 16:40:00,40.89592354630844,-73.72538024194279,121.0,54.35337204875344,88.81880376656946,Yellow,Rain,0.0,-0.8137688390881854,57.0,49.0,447.24705074947826,24.91258476159547,High
2024-03-02 16:45:00,40.86337571465176,-73.87256909393,55.0,41.84537697500876,87.97693758157395,Green,Clear,0.0,0.9317967431424534,70.0,40.0,191.36861188270944,9.742284585842688,High
2024-03-02 16:50:00,40.762954650641824,-73.75171251109158,114.0,73.64167959303705,69.71808590325993,Yellow,Snow,0.0,0.0161768685134651,72.0,29.0,316.3860349305622,9.53521788222713,Medium
2024-03-02 16:55:00,40.82840399349992,-73.7705553022454,256.0,47.18255159828133,98.31572735606412,Red,Rain,0.0,0.9194668210037183,42.0,8.0,153.77311276070012,17.053044558267807,High
2024-03-02 17:00:00,40.655484171153766,-73.8846207565471,228.0,38.92659709685751,52.5941888836311,Red,Rain,0.0,-0.2908626098611633,41.0,10.0,399.7875429015113,11.405257669968892,High
2024-03-02 17:05:00,40.7080081576934,-73.89374800498423,143.0,50.488489295105374,13.526722112431198,Green,Rain,0.0,0.1060563284055613,70.0,11.0,315.8845138399005,11.113501705256835,Medium
2024-03-02 17:10:00,40.62052497002949,-73.77425735956064,123.0,74.4090101263405,38.16683375325947,Yellow,Snow,0.0,0.3829143940345982,90.0,26.0,62.342277918347854,28.16878554879713,Medium
2024-03-02 17:15:00,40.63193622688467,-73.75984939040545,144.0,37.369650374922735,94.99049261666744,Yellow,Fog,1.0,0.910399243567912,72.0,16.0,394.81655991590185,15.466037228046718,High
2024-03-02 17:20:00,40.70571416353283,-73.71485328075947,250.0,53.62813177206306,60.39174534831603,Yellow,Snow,0.0,0.2432863938570766,62.0,16.0,197.2310741590603,13.39731465938685,High
2024-03-02 17:25:00,40.78207437069921,-73.9973414047298,108.0,14.207201053897338,14.90443507078584,Yellow,Fog,0.0,0.7679898627823809,22.0,9.0,400.581747200354,24.646072459226257,High
2024-03-02 17:30:00,40.77540780742114,-73.97054912053315,10.0,72.03080296287433,51.171436777860855,Green,Fog,0.0,0.6416861135038345,29.0,43.0,58.1305094811174,25.502502315890258,Medium
2024-03-02 17:35:00,40.78534474029862,-73.89711241237417,63.0,44.879640476577826,26.54228027260625,Red,Rain,0.0,-0.7315129919126242,81.0,20.0,412.98925513660055,6.854317910662778,Low
2024-03-02 17:40:00,40.62756014447229,-73.97329465239535,273.0,61.08313211350413,48.70645299615111,Red,Fog,0.0,0.589676411717003,16.0,18.0,303.9388287951955,,High
2024-03-02 17:45:00,40.68434029500858,-73.9204202503166,13.0,75.37875292045048,60.0494015739506,Yellow,Rain,0.0,0.5465148977360739,62.0,3.0,423.72012031453744,15.391783150481848,Medium
2024-03-02 17:50:00,40.601003262314904,-73.94100359533648,201.0,11.385285711162377,56.32760991814731,Yellow,Fog,1.0,0.2530944131157555,62.0,46.0,498.994908681088,,High
2024-03-02 17:55:00,40.732640148863005,-73.85560514002617,196.0,13.557814128122695,17.067727588287674,Red,Fog,0.0,-0.7766339064428083,55.0,7.0,429.88416783972065,12.952043268681452,High
2024-03-02 18:00:00,40.77391946492884,-73.809058692836,273.0,41.527954931365834,13.99003290279409,Yellow,Rain,0.0,0.5377604734435475,5.0,21.0,302.119919226776,9.40048495031245,High
2024-03-02 18:05:00,40.71763512023433,-73.92981265353018,293.0,38.18420710532771,40.57519190034151,,Clear,0.0,-0.8044917153560871,32.0,45.0,101.53811112491726,5.508607897480736,High
2024-03-02 18:10:00,40.890975974382755,-73.98283459929218,57.0,,34.72229563086243,Green,Fog,0.0,0.3614166709272635,53.0,13.0,307.7855441154949,13.092347408434536,High
2024-03-02 18:15:00,40.845350106180106,-73.95771829934002,171.0,41.27267258675509,28.749120678288428,Green,Fog,0.0,-0.6375912768866623,20.0,7.0,337.642953608871,13.262741320157058,Medium
2024-03-02 18:20:00,40.81821040963649,-73.91453224321818,135.0,7.9938453860810785,22.92435599491924,Yellow,Clear,0.0,-0.4934899452918322,2.0,48.0,371.5939375376158,16.00819921383568,High
2024-03-02 18:25:00,40.77725552186256,-73.85264263570316,,78.7632348805527,32.812042969955584,Red,Snow,0.0,0.511163664095502,32.0,30.0,397.4034638967584,17.98648326198332,Medium
2024-03-02 18:30:00,40.664952782013245,-73.84685606827613,80.0,46.844356473913685,28.95234592213779,Yellow,,0.0,-0.0454731239253274,6.0,9.0,75.96110438715513,13.314124495044432,Low
2024-03-02 18:35:00,40.893711167841495,-73.94686168865925,298.0,77.78485880757869,95.72850384163742,Yellow,Snow,0.0,0.683825933457396,8.0,49.0,407.96260903261503,14.570673245221489,High
2024-03-02 18:40:00,40.856913951669995,-73.8859283162392,283.0,79.96037714284729,21.080493239120266,Red,Clear,0.0,-0.1002597640640321,46.0,38.0,417.3475485432588,8.344543798097755,High
2024-03-02 18:45:00,40.60483339600754,-73.88721877389267,109.0,7.198012067637626,39.66300880382074,Green,Fog,0.0,0.5604481693811751,95.0,,196.97984696765727,18.027541576533675,High
2024-03-02 18:50:00,40.66432328352141,-73.95238706692422,256.0,42.38096028204343,28.97918675226293,Yellow,Fog,0.0,-0.15725702067427,3.0,16.0,190.6789820699706,16.425455627586082,High
2024-03-02 18:55:00,40.701216873099256,-73.729929269856,148.0,54.49623508046861,97.58178970501665,Yellow,Snow,1.0,-0.2117613399369768,79.0,49.0,256.16306723236266,17.880695009958327,High
2024-03-02 19:00:00,40.772108256475185,-73.73360753676027,203.0,23.64702803812773,99.76497474126246,Yellow,Fog,0.0,-0.0250276579352757,81.0,38.0,77.74057270478787,7.763880402965799,High
2024-03-02 19:05:00,40.845508148138734,-73.96265977982193,255.0,37.39466407148233,97.58191382713316,Yellow,Fog,0.0,0.1462248489294757,28.0,41.0,319.26922430004083,18.782496315969908,High
2024-03-02 19:10:00,40.75793322232137,-73.80933476221182,232.0,5.435831474598341,70.10077783177908,Yellow,Fog,0.0,-0.2568485014379127,,11.0,136.9610449893659,21.991524758737658,High
2024-03-02 19:15:00,40.871998412227114,-73.8235011364589,200.0,30.120984245495404,14.786880511047343,Yellow,Fog,0.0,-0.2600117317196719,27.0,49.0,488.3939392644824,,Medium
2024-03-02 19:20:00,40.60845876942744,-73.84077781784872,19.0,27.17053632929468,25.52943824167165,Yellow,Rain,0.0,-0.7083841876204271,39.0,0.0,499.5189647970966,21.907107954524164,Medium
2024-03-02 19:25:00,40.68868910129315,-73.80089213506831,262.0,79.98444820421045,85.69326869647556,Yellow,Fog,1.0,0.4118892758301347,93.0,4.0,171.4178917465352,17.157625420625905,High
2024-03-02 19:30:00,40.75309432649194,-73.77219385293654,67.0,56.7350415741922,74.90930279956866,Yellow,Clear,0.0,-0.1945217213678953,15.0,26.0,89.69046497995102,12.03272016820092,Medium
2024-03-02 19:35:00,40.67604762239953,-73.94483016926381,293.0,73.03702110745448,17.46466311416967,,Fog,0.0,-0.2622796585587219,57.0,47.0,95.89475585844112,25.540140341640363,High
2024-03-02 19:40:00,40.792024393907575,-73.77278442604667,257.0,15.64194476079707,56.827465049667175,Green,Fog,0.0,-0.4512492911428172,72.0,27.0,480.1361960170602,29.932973318292312,High
2024-03-02 19:45:00,40.70503343310598,-73.91856430131237,185.0,43.16531872460319,86.16787145156397,Yellow,Snow,0.0,-0.4339045582749365,22.0,42.0,92.08708408498546,17.1162238614952,High
2024-03-02 19:50:00,40.6822827739717,-73.80781307712608,39.0,55.0766669563634,46.02314067080552,Yellow,Rain,0.0,0.8160648504647021,98.0,33.0,86.13746876747126,9.64082626975079,Low
2024-03-02 19:55:00,40.758428449311616,-73.88648177864758,192.0,19.4213097935036,32.52156890012159,Red,Snow,0.0,0.5695352064327075,17.0,6.0,433.69808575914465,12.799801804267176,High
2024-03-02 20:00:00,40.73493654355126,-73.85713277354097,299.0,14.547078296230053,54.824644610590504,Red,Clear,0.0,-0.8882084409223918,84.0,41.0,242.93622409850303,23.64629486150736,High
2024-03-02 20:05:00,40.78922673663739,-73.839049762951,126.0,27.263889857437235,52.876089902215625,Green,Fog,0.0,0.0470715809149144,62.0,33.0,230.542477534638,10.462550587270629,Medium
2024-03-02 20:10:00,40.707902494365946,-73.84187912448586,105.0,59.62762643180496,31.481278253079555,Green,Rain,0.0,-0.0623436310695089,62.0,23.0,186.6350480690894,13.227260036330028,Medium
2024-03-02 20:15:00,40.64614085436366,-73.89005756356894,50.0,31.447038985295617,94.7942021817709,Green,Clear,1.0,-0.7137184090794997,46.0,16.0,168.19593308429955,9.77752657324589,High
2024-03-02 20:20:00,40.81321891362776,-73.81172911441081,131.0,70.48022728067905,78.79533813184011,Green,Fog,0.0,-0.2241631437669502,73.0,43.0,499.6209757132079,,Medium
2024-03-02 20:25:00,40.67243507021478,-73.75942038550832,61.0,57.62843496322817,86.3504575420657,Yellow,Rain,1.0,-0.9491686883537864,52.0,27.0,361.6631304903116,23.130186419280943,High
2024-03-02 20:30:00,40.841084629316704,-73.87726460219159,156.0,30.012810374840488,14.286717641524866,Yellow,Clear,0.0,-0.980687946884402,98.0,12.0,205.2156776896598,24.672533575361197,Medium
2024-03-02 20:35:00,40.7610050681381,-73.94482213289837,107.0,46.58037986763574,11.620572319537134,Yellow,Clear,0.0,0.8624684545759922,99.0,31.0,481.81751965513746,26.430608655230163,Medium
2024-03-02 20:40:00,40.85233556669608,-73.81984210660355,256.0,35.28433134515713,59.61145826840126,Yellow,Rain,0.0,-0.9456943634134354,67.0,44.0,57.7922299944797,11.591207412415969,High
2024-03-02 20:45:00,40.89882556707926,-73.71685852453243,159.0,32.35067717700612,56.4730851472511,Green,Snow,0.0,0.7802207358108564,55.0,32.0,339.0200858822562,26.32832848609514,Medium
2024-03-02 20:50:00,40.898673299372646,-73.85775567319764,35.0,14.893357049339782,72.38023652321188,Yellow,Fog,0.0,-0.8271974447456794,72.0,10.0,297.042551969348,11.353544476850209,High
2024-03-02 20:55:00,40.734583007053615,-73.91597656622207,27.0,7.49411758016937,37.68930870018723,Green,Snow,0.0,,53.0,30.0,201.55499670364483,7.384430503407581,High
2024-03-02 21:00:00,40.86103545630245,-73.83990193806089,193.0,75.70822841953894,70.08800467861846,Green,Fog,0.0,0.5871803644585536,55.0,5.0,339.1412622449393,23.518498898372897,Medium
2024-03-02 21:05:00,40.801386724997734,-73.94034356959197,256.0,19.11529985906369,61.522319151432065,Red,Snow,0.0,0.4813299482330075,6.0,28.0,299.88332604567904,6.126858197554828,High
2024-03-02 21:10:00,40.63664878280859,-73.83877410995667,144.0,61.48883342485713,91.27426456608354,Red,Fog,0.0,0.7805369632661054,3.0,4.0,135.0266808595893,25.932312408052866,High
2024-03-02 21:15:00,40.88340394470417,-73.73957595815831,140.0,5.942196988553679,36.41817486162133,Green,Clear,0.0,0.2257400149688062,24.0,11.0,406.22922686372385,7.32181012934263,High
2024-03-02 21:20:00,40.61522879978914,-73.9503761785945,219.0,6.740431827935742,67.06740779954964,Green,Snow,0.0,-0.8909988588523043,67.0,44.0,402.5618117789155,8.965865187396581,High
2024-03-02 21:25:00,40.6415821300295,-73.90906672502086,144.0,64.55987764491945,27.610852510362182,Green,Snow,0.0,-0.5368378921896213,95.0,33.0,270.67768435691437,23.71972764628065,Medium
2024-03-02 21:30:00,40.61688141556627,-73.7972169282986,21.0,52.34760843085696,33.05046333894462,Red,Rain,0.0,0.3212414377341432,38.0,5.0,182.1428957303629,29.522003552611448,Low
2024-03-02 21:35:00,40.61745735042785,-73.72502977636516,111.0,30.460688125131934,41.05635525370661,Green,Rain,0.0,-0.329197217108683,56.0,20.0,489.295261133512,15.045468921959932,Medium
2024-03-02 21:40:00,40.89327607078598,-73.99325398597828,234.0,43.87370150939642,22.22090454221532,Yellow,Clear,0.0,0.6477436401802796,59.0,22.0,361.7039823929482,24.11481645011328,High
2024-03-02 21:45:00,40.865189813873336,-73.83389397859706,256.0,45.84786871837537,84.00083206646322,Yellow,Fog,0.0,-0.7638402510282518,61.0,13.0,58.304556388070864,10.375589257551145,High
2024-03-02 21:50:00,40.6701085004717,-73.86781828750694,226.0,50.02435283985991,35.64057295074239,Green,Snow,,-0.737397017638888,91.0,,199.0907797724607,28.928787876449356,High
2024-03-02 21:55:00,40.87433530884119,-73.92122816239484,191.0,21.564278225096203,10.370853326542802,Green,Clear,0.0,0.6169435795007103,35.0,41.0,215.30207586859132,20.12577157042503,Medium
2024-03-02 22:00:00,40.61357637987896,-73.94541627071028,85.0,75.74608522998757,68.02748564781902,Red,Snow,0.0,-0.1353801329193067,46.0,42.0,62.70728629381437,28.491851815984813,Medium
2024-03-02 22:05:00,40.82326179780796,-73.82456967897683,59.0,62.37237942201503,75.441841116212,Yellow,Snow,0.0,0.5617134586990002,89.0,23.0,366.8430875545656,17.987494947538348,Medium
2024-03-02 22:10:00,40.65170100465553,-73.85476351185487,120.0,6.60837514905309,86.19544880166843,Yellow,Fog,0.0,0.2812930834464049,61.0,0.0,261.67695638503545,25.914179420558114,High
2024-03-02 22:15:00,40.7917660764542,-73.732040612962,219.0,15.152817196929243,27.17585361630992,Green,Fog,0.0,-0.9125353103445152,88.0,6.0,52.562356284826286,7.664395338706385,High
2024-03-02 22:20:00,40.86743548452976,-73.9484589409318,287.0,42.6145972381033,16.49365440852238,Yellow,Fog,0.0,0.98331792994293,33.0,1.0,388.1378836398516,25.82395618246879,High
2024-03-02 22:25:00,40.75352399784919,-73.73372598648592,28.0,21.03746066559179,50.94310117716114,Yellow,Snow,0.0,-0.6546319563802543,26.0,29.0,277.63109738242315,10.881728154805154,Medium
2024-03-02 22:30:00,40.69129475622155,-73.74099624773045,20.0,5.601824186068417,26.37244240594444,Yellow,Fog,0.0,-0.0100399392653005,16.0,36.0,176.07142770510086,22.306256278431302,High
2024-03-02 22:35:00,40.85669461632389,-73.72794314779327,261.0,11.73801771889697,36.79808688763136,Red,Clear,0.0,0.1982029008566705,30.0,17.0,407.2603331487702,8.83401140977793,High
2024-03-02 22:40:00,40.76878554165785,-73.83743105037122,181.0,50.278210762065385,35.3048870143668,Green,Fog,0.0,-0.8435117332526254,46.0,11.0,471.4537625952668,29.97260842429445,Medium
2024-03-02 22:45:00,40.886388255464155,-73.95103881700956,33.0,73.81496467022106,43.28840528624635,Red,Clear,1.0,-0.6027192095739797,97.0,47.0,131.09950259822415,11.75141043838384,High
2024-03-02 22:50:00,40.62976497464042,-73.7023381850322,288.0,39.055459030422575,33.83838454716343,Green,Rain,0.0,-0.3222837277568249,76.0,17.0,497.1162744689255,18.7648364675086,High
2024-03-02 22:55:00,40.803947680179135,-73.87793826782561,19.0,17.559442047433425,66.76122594785309,Green,Clear,0.0,-0.8403936527374132,46.0,0.0,166.88919916415466,24.409601049146456,High
2024-03-02 23:00:00,40.74593857902268,-73.91893703837704,155.0,23.74849428815396,42.23921701063015,Green,Clear,0.0,0.196773826478495,21.0,27.0,378.8473923941884,,Medium
2024-03-02 23:05:00,40.87742147352353,-73.98862705841948,194.0,19.691284256825632,14.201126579559196,Red,Clear,0.0,-0.9781655041463564,68.0,46.0,407.14255396567415,12.429343483473538,High
2024-03-02 23:10:00,40.67074635803953,-73.74695505879204,150.0,67.67036971759919,59.21365033705416,Yellow,Snow,0.0,-0.5934493993093806,74.0,28.0,172.44558908737733,26.44511405238269,
2024-03-02 23:15:00,40.645016812866565,-73.93545699142352,20.0,29.889221631653864,39.944611288378496,Red,Snow,1.0,-0.6649660456312474,32.0,37.0,149.70160093723564,12.306949591916334,High
2024-03-02 23:20:00,40.66995930876582,-73.87090164603016,70.0,22.35197639776715,91.66272294224235,Green,Clear,0.0,0.2494979334054583,93.0,33.0,410.6564536754751,19.91005670153617,High
2024-03-02 23:25:00,40.63860779720655,-73.97860749745178,272.0,66.11818331817403,95.13143411101704,Yellow,Clear,0.0,0.7167262433312109,82.0,41.0,230.33885193579883,20.962106172295385,High
2024-03-02 23:30:00,40.77803369804642,-73.74450870896874,15.0,62.99649463028427,61.31242309042315,Yellow,Snow,0.0,0.638592703911286,55.0,49.0,215.370388134305,25.83982126809484,Medium
,40.6277037169496,-73.85140414334485,40.0,41.28976228709614,89.8759416109399,Green,Clear,1.0,-0.4909298188315656,20.0,9.0,55.01025442257046,,High
2024-03-02 23:40:00,40.80394324621464,-73.91643338552271,240.0,59.90702431554656,54.91712826600712,Green,Rain,0.0,-0.178441703953549,51.0,24.0,92.65776130793242,8.693921175016705,High
2024-03-02 23:45:00,40.814625310752255,,83.0,78.50040870570459,88.08844975662518,Green,Rain,0.0,0.3251528261611909,99.0,36.0,438.2885327135704,21.70299874316285,High
2024-03-02 23:50:00,40.78102383341445,-73.90731491087938,214.0,66.40737042333932,88.21451808901907,Yellow,Clear,0.0,-0.6655750498690656,74.0,45.0,179.71931533306957,27.65518384658069,High
2024-03-02 23:55:00,40.8203678483154,-73.9760983239321,112.0,66.57315089053769,96.02290809292734,Green,Rain,0.0,0.9867119837223348,45.0,20.0,235.85774588499245,9.160764818891778,High
2024-03-03 00:00:00,40.68260956730586,-73.91123454821994,92.0,77.60737335745355,83.84599295022521,Yellow,Fog,0.0,0.7540485042714251,33.0,17.0,76.49301087733792,22.94716846047035,High
2024-03-03 00:05:00,40.819680644720506,-73.80883718946785,280.0,21.66542628182258,34.65170140229377,Green,Rain,0.0,0.9114728358707014,,31.0,411.7562981486817,24.624806976650017,High
2024-03-03 00:10:00,40.7053424261656,-73.9632258451962,54.0,23.88698939914281,13.322628248812476,Yellow,Rain,0.0,-0.0867617636381372,69.0,24.0,407.9609306136054,22.273289804750103,Medium
2024-03-03 00:15:00,40.819296130116406,-73.73855546235274,296.0,17.794050765657175,15.20097567320835,Green,Snow,1.0,-0.7270684569165777,73.0,16.0,141.9629910493665,7.505750168900048,High
2024-03-03 00:20:00,40.67246320297326,-73.79894238769192,65.0,33.51947070281548,16.481356999709586,Yellow,Rain,0.0,-0.9067383650268416,50.0,12.0,,25.990236786293064,Medium
2024-03-03 00:25:00,40.66802395559911,-73.7240897560293,230.0,72.99079048905254,61.54332773710525,Yellow,Snow,0.0,0.9301926522472046,96.0,11.0,321.51950247306326,19.425737591679464,High
2024-03-03 00:30:00,40.84305929654114,-73.80600176076199,153.0,43.23911589964017,24.678774071687904,Green,Fog,0.0,0.8920185806710754,2.0,45.0,354.4641168473336,23.800176337350276,Medium
2024-03-03 00:35:00,40.838913969584674,-73.84147430199641,105.0,17.381206608778633,80.60438768351972,Green,Fog,0.0,-0.7913992205569349,38.0,8.0,321.8214187433919,6.3040091644758025,High
2024-03-03 00:40:00,40.79826247460667,-73.79399917006083,186.0,53.860191556358416,99.17760507405048,Yellow,Fog,0.0,-0.1314356877250702,62.0,,358.2666386081204,13.300307302948978,High
2024-03-03 00:45:00,40.86880372693198,-73.91443270396594,115.0,63.946421307102355,49.54938155115592,Yellow,Fog,0.0,0.5619990617087038,75.0,41.0,149.67721043460506,17.19494352583931,Medium
2024-03-03 00:50:00,40.63713058638887,-73.96523479927822,161.0,75.03715786563463,67.06983442100505,Green,Clear,0.0,-0.4369896244202942,81.0,37.0,367.15491862293936,19.062206379204987,Medium
2024-03-03 00:55:00,40.81441172767847,-73.89137522467432,248.0,53.56218091758178,56.49119164962327,Green,Fog,0.0,0.1648822614531555,10.0,13.0,484.699730608845,25.578006774493495,High
2024-03-03 01:00:00,40.64804678441241,-73.9233928937142,65.0,70.72513749244497,23.326715884031657,,Rain,0.0,0.284116004824765,23.0,46.0,257.6710926201704,,Low
2024-03-03 01:05:00,40.60625713645737,-73.85460581334351,48.0,17.39865055243794,40.26525505802914,Yellow,Fog,0.0,0.6873919798694952,95.0,7.0,256.5406534814948,12.918898948809623,High
2024-03-03 01:10:00,40.78980574450978,-73.98195694156252,248.0,7.666725732294256,82.53107247365477,Red,Rain,0.0,-0.9701713738824752,3.0,8.0,250.0130468073157,26.139300700604405,High
2024-03-03 01:15:00,40.76746477153914,-73.73780798114625,246.0,57.24608498321691,78.69890112975237,Yellow,Clear,0.0,-0.0173430646122028,97.0,17.0,434.3401729658917,10.44054118254258,High
2024-03-03 01:20:00,40.82471084810944,-73.79730147914147,214.0,9.337918465923252,74.07873638197263,Green,Fog,1.0,-0.4126307328918581,7.0,46.0,63.042632235311615,23.8484650646137,High
,40.76509557205698,-73.77692130724243,172.0,10.695594625488596,75.0534553307564,Red,Fog,0.0,,49.0,9.0,469.7439622391467,20.002983069310726,High
2024-03-03 01:30:00,40.82908245847269,-73.75642127943685,285.0,65.9808335015314,78.22021950771348,Red,Clear,0.0,-0.2540702140222486,13.0,49.0,84.69662710152559,13.855164286156333,High
2024-03-03 01:35:00,40.71446572032212,-73.71944550494564,112.0,30.088280009740707,37.047132517927096,Yellow,Fog,0.0,0.7377201788045573,56.0,12.0,72.57890063195025,29.702571323664696,Medium
2024-03-03 01:40:00,40.63837124377718,-73.87658743232261,294.0,55.00104435977352,91.33330791788276,Red,Rain,0.0,-0.4255736750564249,50.0,46.0,423.4294562637308,13.832466766269617,High
2024-03-03 01:45:00,40.71464734486731,-73.79189756744836,215.0,62.361105776396975,78.62478309320944,Yellow,Fog,0.0,0.8971665391874273,35.0,5.0,94.23336265881818,18.836959527833976,High
2024-03-03 01:50:00,40.65530995285664,-73.7861939784444,194.0,36.47368791636171,19.34362306311384,Yellow,Fog,0.0,-0.1739846720596749,33.0,2.0,60.035430887639514,8.266121029753336,Medium
2024-03-03 01:55:00,40.71892727103392,-73.80256879624594,199.0,35.40749081892551,79.6552121529658,Red,Fog,0.0,0.2433614281733034,37.0,24.0,454.9922784429504,24.635936320014572,Medium
2024-03-03 02:00:00,40.62727447687213,-73.86453764484764,220.0,30.75784885678617,35.31188106718123,Green,Fog,0.0,-0.4977359873664488,58.0,46.0,200.52674596863673,20.410536980195868,High
2024-03-03 02:05:00,40.86802159795709,-73.77883641195847,283.0,79.8917161971516,35.408240652690054,Green,Fog,0.0,-0.4839847765120451,,46.0,306.6974984025922,14.689664093529556,High
2024-03-03 02:10:00,40.80834442034124,-73.72518071771903,125.0,24.224927202359325,30.953505473832134,Red,Rain,0.0,-0.5454978555442449,72.0,29.0,240.44174723345108,19.477452807046795,Medium
2024-03-03 02:15:00,40.68089362838977,-73.79292834002077,189.0,16.49410829201753,34.74767981212494,Yellow,Fog,0.0,-0.3321049431333236,64.0,19.0,190.69733831875612,24.708883510317406,High
2024-03-03 02:20:00,40.70849868621217,-73.96736645031122,110.0,30.261112429229467,90.43461411307472,Red,Snow,0.0,-0.5063001387698964,9.0,37.0,343.5312778313942,10.81226814145981,High
2024-03-03 02:25:00,40.86426180817232,-73.90041035280147,269.0,28.98257695553994,90.92074109872172,Yellow,Rain,0.0,,87.0,17.0,253.1856592990316,16.406964358044817,High
2024-03-03 02:30:00,40.64866380381176,-73.80818300886902,88.0,41.630402542970984,37.789137168739735,Red,Clear,0.0,,83.0,0.0,140.67522789584837,7.719906398858809,Low
2024-03-03 02:35:00,40.73504449446509,-73.77517296024324,222.0,20.28202522128613,56.08461098714336,Yellow,Fog,1.0,-0.8652286652690282,62.0,41.0,301.0341036035323,17.872940186047735,High
2024-03-03 02:40:00,40.837134030167626,-73.81238558902847,162.0,72.31204805559382,66.90830554044501,Green,Rain,0.0,-0.9361553928898596,24.0,0.0,207.68173453545543,15.886023525703118,Medium
2024-03-03 02:45:00,40.85657168071853,-73.8458916429555,185.0,6.134579691584337,61.75281961247791,Yellow,Clear,0.0,,85.0,,215.47381547127975,21.567730086953116,High
2024-03-03 02:50:00,40.704294499448736,-73.80313044044162,293.0,11.41790818523921,78.97645740108447,Yellow,Clear,0.0,0.0703283477377343,98.0,43.0,122.213340029203,6.5532769808996205,High
2024-03-03 02:55:00,40.73014865882943,-73.9416432855766,219.0,6.187062917784515,77.5242637803202,Green,Rain,0.0,0.8002667150485965,45.0,29.0,463.2550884920632,21.41403359283401,High
2024-03-03 03:00:00,40.789523209034776,-73.89768343371756,52.0,78.40660380652105,84.82348382710563,Red,Fog,0.0,0.0929192039580557,70.0,15.0,342.3744028942753,21.268214543607264,High
2024-03-03 03:05:00,40.68687772811092,-73.7680174590086,222.0,56.8469583577923,54.06098603092057,Green,Fog,0.0,0.5842052017150174,78.0,13.0,313.542939977229,8.794973284620465,High
2024-03-03 03:10:00,40.71619502677388,-73.88474197513239,133.0,43.08488302171356,26.023744163940464,Green,Snow,0.0,0.2673206427660808,54.0,7.0,70.39577133496027,8.404640062431277,Medium
2024-03-03 03:15:00,40.83817524118715,-73.83437917240659,134.0,50.470065154306695,79.24468115967495,Green,Snow,0.0,0.4624979031485881,91.0,4.0,254.5837383797113,21.00201376059624,Medium
2024-03-03 03:20:00,40.73223294300087,-73.99770572006942,84.0,62.40722979357528,23.243886087023064,Green,Fog,0.0,0.4564516359377033,11.0,47.0,482.5258549858373,29.16537637334132,Low
2024-03-03 03:25:00,40.806463759972424,-73.9668467547807,168.0,54.68009220702055,62.918330464589765,Green,Rain,0.0,-0.593861079980754,38.0,11.0,241.631818701844,,Medium
2024-03-03 03:30:00,,-73.88342255898438,211.0,79.29971967309167,57.40402988299275,Yellow,Rain,0.0,-0.0256398788774094,19.0,0.0,58.172313646261294,23.68910142612563,High
2024-03-03 03:35:00,40.770727581732274,-73.91074888785931,252.0,40.95938881756205,80.57964779778743,Yellow,Rain,0.0,-0.6765682644439868,58.0,27.0,484.2701423343383,13.30062433178086,High
2024-03-03 03:40:00,40.856029084321,-73.90607266515335,68.0,8.920417528040094,74.69504267406057,Red,Fog,0.0,-0.7409199939099296,24.0,21.0,348.31537526820705,18.269079085407867,High
2024-03-03 03:45:00,40.816910314688485,-73.71190012020786,43.0,27.20024545285615,59.071244165958035,Yellow,Clear,0.0,0.5411792164000486,36.0,30.0,446.6376922227231,13.502917880137815,Medium
2024-03-03 03:50:00,40.758305074042624,-73.84062217630338,295.0,36.27082003730758,92.5117486275969,Red,Rain,0.0,-0.8269742728135023,66.0,,75.28537467864159,18.140989326545824,High
2024-03-03 03:55:00,40.687226645148144,-73.79781935515392,48.0,77.96271902527663,77.91276945354147,Red,Clear,0.0,-0.5837981359212401,21.0,1.0,141.43871086025007,11.789620040600555,Medium
2024-03-03 04:00:00,40.682225288818735,-73.81671673265664,210.0,35.34716430413152,98.30374403117682,Red,Rain,0.0,-0.0643183437392687,34.0,21.0,104.82425227516012,5.075542304496576,High
2024-03-03 04:05:00,40.70269404453827,-73.8621502517417,40.0,46.55890304031165,64.628544324519,Yellow,Rain,0.0,0.1778108445477437,51.0,46.0,402.4236926700144,13.476043222128688,Medium
2024-03-03 04:10:00,40.777916997480645,-73.95344966501449,253.0,35.33503473391148,91.99569949883517,Red,Snow,0.0,-0.0938158498816557,41.0,13.0,390.56683510033815,19.30701218111085,High
2024-03-03 04:15:00,40.669914972576414,-73.74952333988314,150.0,55.22064514855926,54.86267063369164,Yellow,Fog,1.0,-0.2403830521273209,72.0,26.0,427.20838129898,12.915946720681028,High
2024-03-03 04:20:00,40.80112151889913,-73.88036681911558,,12.3187452955549,67.82460496052153,Green,Clear,0.0,0.7797597704514523,56.0,38.0,95.26280999444069,9.201139452796577,High
2024-03-03 04:25:00,40.64565908176812,-73.96288118497009,,43.929674236387406,52.41419524938047,Green,Clear,1.0,0.351383790431111,15.0,20.0,302.6731498174729,7.800224825266445,High
2024-03-03 04:30:00,40.795100489108584,-73.976960354106,69.0,28.84613570737441,16.19357031406377,Yellow,Clear,0.0,-0.7229953281675447,36.0,32.0,271.28249375647124,6.353239893232574,Medium
2024-03-03 04:35:00,40.83059406130921,-73.81261851095864,236.0,16.383499109172664,99.5028693017997,Yellow,Fog,0.0,-0.6744650060471973,89.0,20.0,445.6260841240404,8.052851077596063,High
2024-03-03 04:40:00,40.86802746738876,-73.94024767736133,40.0,26.549392915469852,70.57254045976474,Red,Clear,0.0,-0.1358113740349107,16.0,35.0,459.9297579730577,9.971080346594928,Medium
2024-03-03 04:45:00,40.79288113033524,-73.84955350127647,290.0,69.8592361931748,63.575500851123486,Green,Snow,0.0,0.9626322823035218,73.0,44.0,448.03540841727414,17.12982074824776,High
2024-03-03 04:50:00,40.84874520503138,-73.81485112711962,197.0,11.977447665220287,87.7768370661507,Yellow,Clear,0.0,-0.4031865744338592,98.0,41.0,167.11672878514355,15.574749757266378,High
2024-03-03 04:55:00,40.712444726212546,-73.89079102412047,284.0,25.404868918744583,87.36613519640024,Yellow,Rain,0.0,-0.7238416402845547,45.0,24.0,241.4624217830328,,High
2024-03-03 05:00:00,40.646151945432166,-73.83525731730536,276.0,32.12909284265447,76.89939347812087,Yellow,Rain,,0.9710642780248192,15.0,46.0,250.90569913287203,5.567926386075257,High
2024-03-03 05:05:00,40.8312644303435,-73.80332075513786,125.0,20.14381067027313,29.333296716227803,Red,Rain,0.0,0.6431429152661023,87.0,48.0,153.5964180559177,8.12252980465664,Medium
2024-03-03 05:10:00,40.852553256927216,-73.74430800176435,271.0,11.103497416968862,31.01619470336867,Yellow,Fog,0.0,-0.0231099652833655,14.0,33.0,345.7414808689895,11.752645992715482,High
2024-03-03 05:15:00,40.85837894671688,-73.8976657062811,10.0,42.41417911824977,24.45298033971848,Yellow,Fog,0.0,0.5137260387122371,15.0,22.0,458.1671695598269,13.596304308999628,Low
2024-03-03 05:20:00,40.8829830600633,-73.85787546359317,207.0,8.689165169832256,38.77781723811215,Red,Snow,0.0,0.4118008389086542,34.0,26.0,478.42722930425543,23.541893972711527,High
2024-03-03 05:25:00,40.813721690240655,-73.97690783705009,30.0,39.59804459589628,94.55141606344216,Red,Rain,0.0,-0.4629606701772459,64.0,39.0,407.9823861493997,11.15912370505752,High
2024-03-03 05:30:00,40.670285130183906,-73.94814698234975,253.0,18.453928413596348,88.17758431662836,Green,Rain,0.0,0.8809348899682499,27.0,47.0,,20.025039537660778,High
2024-03-03 05:35:00,40.73415858400429,-73.94380148786578,112.0,58.314040177421184,27.000372868517932,Red,Clear,0.0,0.8719688770446281,91.0,30.0,369.54046702429696,6.603130336594022,Medium
2024-03-03 05:40:00,40.6253056712944,-73.75573511384715,231.0,73.39847528642825,78.18219362150147,Yellow,Clear,0.0,-0.7933281359820876,35.0,12.0,331.2209425109067,8.013649423088818,High
2024-03-03 05:45:00,40.60056248865906,-73.93261461321895,224.0,8.040662326978902,42.59885219864741,Red,Clear,0.0,0.8665682195532085,40.0,35.0,321.6910049909346,9.401374128526248,High
2024-03-03 05:50:00,40.88641983282736,-73.8519376448615,199.0,49.91975138186792,12.490337627998397,Red,Clear,0.0,0.0992605593177102,37.0,0.0,324.1218106582234,9.74847152780857,Medium
2024-03-03 05:55:00,40.86405323101926,-73.93849132637911,168.0,55.49380100111174,39.4459361420914,Green,Rain,0.0,0.4720501436623614,74.0,17.0,423.4001988919511,12.12690039924368,Medium
2024-03-03 06:00:00,40.747167171379026,-73.90836251511313,256.0,49.6294418119034,77.83152398620963,Green,Snow,0.0,-0.619748020583063,55.0,3.0,136.02284508772743,8.85218673453021,High
2024-03-03 06:05:00,40.71169643005438,-73.7498608976461,234.0,47.81428324165645,46.28482944389239,Green,Clear,0.0,-0.2295772259716064,28.0,47.0,468.1485527279415,15.67079583493211,High
2024-03-03 06:10:00,40.714462764510046,-73.86191929299915,30.0,61.03682806150154,91.21482885351764,Yellow,Clear,0.0,0.7375678352349511,57.0,44.0,236.9593163159375,17.167747578247564,High
2024-03-03 06:15:00,40.840771896847286,-73.72221241965426,264.0,27.21731518537315,48.99918755186779,Red,Rain,0.0,-0.1005725354417541,14.0,24.0,154.28798241407284,5.29554035174342,High
2024-03-03 06:20:00,40.805760139506496,-73.87156780385416,97.0,29.59432064209969,79.58626786103602,Yellow,Fog,0.0,-0.4388624628674002,54.0,22.0,385.16952773729304,17.74189467080053,Medium
2024-03-03 06:25:00,40.70478831018741,-73.87772338582926,290.0,7.535573778821143,29.390715487322048,Red,Clear,0.0,0.1295133053569721,6.0,5.0,183.71465289617728,21.17708964654765,High
2024-03-03 06:30:00,40.85525193098381,-73.78508597195254,135.0,63.046986644100855,98.37699813918724,Red,Fog,0.0,0.7122486923799414,2.0,47.0,256.0463288827279,13.993637726847671,High
2024-03-03 06:35:00,40.80862897628343,-73.88206909645376,125.0,7.0459459352032745,93.84550053107198,Green,Snow,0.0,0.6965535922500263,9.0,11.0,497.29521982596407,18.457166207428948,High
2024-03-03 06:40:00,40.8854252148141,-73.77243347988998,39.0,49.49046623239216,73.13000855043364,Yellow,Snow,0.0,0.3361660890664537,5.0,0.0,471.0643326451718,22.35102409552884,Medium
2024-03-03 06:45:00,40.66857319023828,-73.82043680651091,43.0,14.538940945504596,21.999572379676454,Red,Clear,0.0,-0.3874976905702616,43.0,17.0,367.8861401520692,28.566098278261272,High
2024-03-03 06:50:00,40.67528857734416,-73.80564806241493,63.0,77.71193930692588,33.86732540872826,Red,Rain,1.0,-0.6013243579774212,40.0,17.0,352.99604184952705,6.150148059105921,High
2024-03-03 06:55:00,40.74917510540101,-73.75937275497895,268.0,7.231297819517258,62.49666681847951,Green,Rain,0.0,-0.6887399406887835,75.0,10.0,265.2522101549057,11.791915163689437,High
2024-03-03 07:00:00,40.6894362304045,-73.73875795137388,114.0,78.72076105399452,18.094435139267567,Green,Fog,0.0,-0.1618808824567048,64.0,48.0,265.5916139533121,22.01424743821728,Medium
2024-03-03 07:05:00,40.69790275783291,-73.78281996613143,205.0,35.035631947642074,20.66111333138934,Yellow,Clear,0.0,0.0128509024830218,22.0,37.0,326.57025560362956,10.784946831571236,High
2024-03-03 07:10:00,40.83057621133979,-73.80931468023024,19.0,63.48476500369176,50.79538244123382,Green,Clear,0.0,0.5793153465948175,55.0,40.0,106.46874422550992,6.50973999361263,Medium
2024-03-03 07:15:00,40.723619549760784,-73.92353202007868,158.0,62.71850031980108,74.99576314825248,Green,Clear,0.0,-0.1134097352597944,45.0,4.0,199.7988435376539,26.11099286578788,Medium
2024-03-03 07:20:00,40.76266511014427,-73.7032989817642,200.0,56.55894630117147,67.44736863656428,Red,Rain,0.0,0.9049124855432724,32.0,0.0,373.976622016228,24.21725632662052,Medium
2024-03-03 07:25:00,40.825577029283586,-73.78463940084622,113.0,7.661831187484637,29.87567342132571,Green,Snow,0.0,-0.2448718831984337,70.0,40.0,395.6426873075616,,High
2024-03-03 07:30:00,40.65904092867378,-73.91502052754713,177.0,66.79092109947328,97.8461153958476,Green,Fog,1.0,-0.161768966073889,77.0,35.0,273.19427111507184,14.309866099428138,High
2024-03-03 07:35:00,40.833930189567006,-73.92428230349009,94.0,27.188483246026944,37.74829802306088,Yellow,Snow,0.0,-0.9609619080199334,80.0,24.0,478.7209277567399,27.54708756698377,Medium
2024-03-03 07:40:00,40.76099107755565,-73.99778947180373,246.0,40.14517143922899,75.46944041720222,Red,Snow,0.0,0.5029227225884396,71.0,39.0,372.0550874717802,20.333934271168275,High
2024-03-03 07:45:00,40.76157920633347,-73.83481705702724,204.0,77.54430576796747,15.838442771114298,Red,Rain,0.0,0.4226241903584242,75.0,45.0,277.0658639380298,11.11355289476137,High
2024-03-03 07:50:00,40.83142134694007,-73.89087681289003,61.0,13.60027400062395,25.264523262130066,Yellow,Snow,0.0,-0.2970681406795046,99.0,42.0,53.616173017163405,25.134000968470065,High
2024-03-03 07:55:00,40.880838164830955,-73.94474964132515,281.0,46.23597282838067,87.12045628942742,Green,Rain,0.0,-0.3529173273665156,49.0,29.0,397.1805120186954,7.626257100305141,High
2024-03-03 08:00:00,40.83842234589749,-73.75405826802384,227.0,67.3519567855505,91.9200621787025,Red,Snow,0.0,0.2451486753088227,90.0,20.0,360.0580093532619,29.860945207644107,High
2024-03-03 08:05:00,40.802520420817814,-73.75370084862917,135.0,60.60687754499035,80.49966825616255,Green,Clear,0.0,0.6223447342408792,7.0,33.0,187.86961288616624,17.80746212858176,High
2024-03-03 08:10:00,40.65038408199513,-73.81689716083115,132.0,11.992905120721332,93.25565905695724,Red,Rain,0.0,-0.1781367191811937,1.0,45.0,362.1751925540544,16.07913149316145,High
2024-03-03 08:15:00,40.70389165487981,-73.98958316680701,216.0,49.14932610262525,97.50847036587872,Red,Fog,0.0,0.4006875543940404,25.0,49.0,392.22365727643154,9.824858020357055,High
2024-03-03 08:20:00,40.70038510051654,-73.8945485558299,116.0,21.728662773266528,43.17746498889716,Yellow,Fog,0.0,-0.0288055702008269,50.0,1.0,59.87189287457444,16.380300744400376,Medium
2024-03-03 08:25:00,40.67125022390481,-73.86613583373433,253.0,17.19321364717812,10.471281622757733,Yellow,Fog,0.0,0.0301795098230042,47.0,8.0,340.1717224353072,10.418483251967418,High
2024-03-03 08:30:00,40.694910075742406,-73.74782455256586,218.0,47.46981625899856,75.7892924210636,Yellow,Snow,0.0,-0.3349020516619561,77.0,39.0,450.5173064772257,6.829425540519312,High
2024-03-03 08:35:00,40.60166530768083,,239.0,74.54168611308017,12.437291510099378,Yellow,Fog,0.0,0.372803114222199,98.0,20.0,173.70321901596515,24.040170137759755,High
2024-03-03 08:40:00,40.86878504079371,-73.77911806760815,270.0,30.391593787520375,14.788522831936415,Green,Fog,0.0,-0.0632074035105696,97.0,13.0,360.8494727808875,29.827473064175297,High
2024-03-03 08:45:00,40.8906794545801,-73.9413184076232,35.0,58.216219102522466,87.73233064552366,Green,Fog,0.0,0.3237619237272937,78.0,31.0,464.26487311138254,15.717036298414396,High
2024-03-03 08:50:00,40.810109749746154,-73.89908950493668,214.0,66.86733069328174,77.76283675359586,Yellow,Fog,0.0,-0.9496399291588568,36.0,13.0,373.20075789905513,15.189886612744123,High
2024-03-03 08:55:00,40.65794786223669,-73.84172273333705,194.0,44.33464861557113,21.850826730347585,Red,Rain,0.0,-0.0797277971410017,,15.0,115.1625705557303,15.290321156932094,Medium
2024-03-03 09:00:00,40.708501665429814,-73.95730116245694,160.0,45.523275744804344,41.40176046068571,Yellow,Snow,0.0,0.9293845282001972,9.0,43.0,142.27255064070985,6.816055675580666,Medium
2024-03-03 09:05:00,40.88186272536755,-73.8842367521078,271.0,69.1770619404817,31.3476777858195,Yellow,Clear,0.0,0.6310702059632407,17.0,39.0,361.10709752384895,24.85829030801554,High
2024-03-03 09:10:00,40.78267836391691,-73.97483194343849,155.0,76.17917826446808,18.560744736838032,Yellow,Rain,0.0,-0.5737604700877583,39.0,38.0,462.558695063148,29.57913539317125,Medium
2024-03-03 09:15:00,40.78198863663535,-73.8250990817889,25.0,33.07670215951124,40.22481366866338,Green,Clear,0.0,-0.0913867792641074,35.0,45.0,409.9709217597291,18.013512221155217,Medium
2024-03-03 09:20:00,40.784498037188875,-73.81374065147678,185.0,17.97991720690649,33.9055465470226,Yellow,Snow,0.0,0.0454631562087495,97.0,41.0,426.195748029203,6.785939844911743,High
2024-03-03 09:25:00,40.73057316917526,-73.71694319217175,215.0,23.492886259736032,84.7673863654583,Yellow,Rain,0.0,0.613000331842068,38.0,28.0,401.6811313253037,14.377061493903604,High
2024-03-03 09:30:00,40.72697911113598,-73.7027112654424,70.0,78.83683892530667,67.55049097965147,Yellow,Snow,0.0,0.8270203139258305,45.0,8.0,168.02826383200355,26.401838803923503,Medium
2024-03-03 09:35:00,40.68848937587667,-73.82595327153497,124.0,51.7694772374932,77.70768836305703,Red,Snow,0.0,-0.4055896372790577,78.0,20.0,129.58261568390444,26.828751893291663,Medium
2024-03-03 09:40:00,40.89589984853157,-73.78210090919866,247.0,68.19983883815141,,Green,Snow,0.0,-0.4317292900271949,17.0,0.0,294.12196286829527,11.21810690549101,High
2024-03-03 09:45:00,40.8457569604661,-73.7679094086372,163.0,45.12711539830182,98.5798294897653,Red,Fog,0.0,0.0712204005018706,83.0,8.0,289.81770830334716,19.457907659045905,High
2024-03-03 09:50:00,40.775008737542166,,221.0,11.263074144679567,17.523521309172494,,Fog,0.0,-0.0465880409471868,89.0,18.0,257.7303970922383,24.53417668985584,High
2024-03-03 09:55:00,40.649218775304135,-73.80327777557062,107.0,15.919422732821763,88.73044916153867,Green,Snow,0.0,0.9762275286016936,97.0,0.0,86.27926426251518,9.754102695008282,High
2024-03-03 10:00:00,40.63100265621654,-73.9136813489706,273.0,45.692817439943255,26.276784908393584,Yellow,Clear,0.0,-0.6598853415563859,78.0,2.0,249.33494599616424,12.78207012024443,High
2024-03-03 10:05:00,40.76406601416374,-73.77341045019548,239.0,29.92127851660016,58.0775805316586,Red,Clear,1.0,-0.9427939828016344,36.0,45.0,58.038388235837175,28.72559322579014,High
2024-03-03 10:10:00,40.627184718880955,-73.87643696724618,275.0,34.846690522782666,10.669940504576106,Green,Snow,0.0,0.571002881885015,7.0,1.0,321.97059879290936,8.114188024447024,High
2024-03-03 10:15:00,40.76918477380323,-73.71368221411545,74.0,21.18736626868532,69.52070351897648,Green,Fog,0.0,-0.884768830775269,,42.0,304.7793105852499,6.676309038351468,Medium
2024-03-03 10:20:00,40.84325232001221,-73.79654562063163,245.0,40.13596752243035,34.44014245166373,Green,Clear,0.0,0.7175065057945684,54.0,23.0,406.41737748417097,26.73724295064985,High
2024-03-03 10:25:00,40.657993440551465,-73.9697281155985,168.0,77.84024017312464,34.236610948842696,Red,Snow,0.0,0.5503074873747025,98.0,21.0,256.2600072909486,29.497734933107203,Medium
2024-03-03 10:30:00,40.77062183495899,-73.71291611960496,186.0,6.00949990699549,43.38507833416601,Red,Fog,0.0,0.941047411577445,40.0,6.0,73.60079472716825,13.154708932516591,High
2024-03-03 10:35:00,40.774643411700815,-73.79155805696091,35.0,49.39407867176368,46.34789600461486,Yellow,Fog,0.0,-0.122674058069347,62.0,35.0,449.17816474654217,22.91873724138661,Low
2024-03-03 10:40:00,40.71494900015111,-73.87153844674569,155.0,12.119047454248822,31.089659826844812,Yellow,Rain,1.0,-0.6375722777616857,91.0,37.0,139.71440611558447,26.548801882686977,High
2024-03-03 10:45:00,40.89780624782688,-73.94874435619242,267.0,19.96085749727827,66.90708514730315,Yellow,Fog,0.0,-0.1335338235482046,68.0,11.0,117.00036263740247,19.812888330238877,High
2024-03-03 10:50:00,40.69185628914239,-73.80954354593453,244.0,17.793420872269145,32.558701724181034,Yellow,Snow,0.0,0.5176108983696843,12.0,45.0,395.3032633116875,20.751938773371883,
2024-03-03 10:55:00,40.84207321781611,-73.83989035873203,167.0,10.265998873467776,23.77153320848764,Green,Snow,0.0,-0.1212810008663309,67.0,,83.16792748573123,20.60615416117488,High
2024-03-03 11:00:00,40.818698638362775,-73.76656734420393,30.0,41.19380377436168,24.1588524054767,Green,Clear,0.0,0.4393443717294016,16.0,3.0,159.79620814896313,17.511136870862927,Low
2024-03-03 11:05:00,40.79792194259674,-73.75173292005367,142.0,31.45821806649201,42.98667008016449,Green,Snow,0.0,-0.2029346997394345,70.0,0.0,140.7422749345299,15.16985062186427,Medium
2024-03-03 11:10:00,40.67522243579903,-73.97055462630503,43.0,55.44952569057893,18.04248250428712,Yellow,Snow,0.0,-0.7807879544002507,52.0,46.0,440.67167176656966,,Low
2024-03-03 11:15:00,40.87145353831376,-73.73646621221252,191.0,23.020038265731948,68.21835623642099,Yellow,Rain,0.0,-0.2137152989371344,49.0,49.0,417.04489351106514,17.81228801738076,Medium
2024-03-03 11:20:00,40.642764045901224,-73.82829661177152,44.0,34.70156345214313,70.40355013964201,Red,Clear,1.0,0.7872801326218681,57.0,44.0,439.0719846485922,6.972517045237984,High
2024-03-03 11:25:00,40.88954792410096,-73.7993911790931,291.0,45.8342234247508,57.843113522218665,Yellow,Snow,0.0,-0.1552648998048811,91.0,3.0,76.54430065520017,8.435347939417033,High
2024-03-03 11:30:00,40.74709239955577,-73.85133535105363,290.0,7.349101766676762,29.134058750362296,Green,Snow,0.0,-0.484445340940481,30.0,32.0,72.17339747621406,7.947606369081379,High
2024-03-03 11:35:00,40.72317422372272,-73.94688602328577,86.0,72.28451088694297,18.601373314147207,Red,Clear,1.0,0.4383091745143532,66.0,42.0,107.79065215832028,25.723749217914964,High
2024-03-03 11:40:00,40.64246605877436,-73.99017612215738,56.0,68.22652465292018,10.593698023990886,Yellow,Rain,0.0,0.6250935721664195,10.0,13.0,244.0987344373859,14.005891103976436,Low
,40.72680433166914,-73.76079661070548,10.0,64.15213826929943,82.57008731099111,Yellow,Snow,0.0,-0.1703274432287853,41.0,19.0,451.984602717966,10.909217046166972,High
2024-03-03 11:50:00,40.794763594032915,-73.78635970547292,247.0,53.829903221892366,30.079342966669003,Red,Rain,0.0,-0.2164402608505713,1.0,24.0,120.8614237874849,20.858331173424656,High
2024-03-03 11:55:00,40.781499019330546,-73.88623165846562,224.0,33.544536266896785,52.71445321333321,Yellow,Fog,1.0,-0.5999781811530267,5.0,41.0,140.16726803168729,21.479115908500887,High
2024-03-03 12:00:00,40.60558248301804,-73.90768729880371,219.0,41.212285071650655,94.97867446537492,Yellow,Fog,1.0,-0.6673872109514194,33.0,29.0,231.3690455985005,12.78465987920038,High
2024-03-03 12:05:00,40.681279334758486,-73.73925078364141,243.0,26.81456725039045,47.45024102217309,Red,Snow,0.0,0.8791908458763449,74.0,21.0,150.01774743064624,10.158811492904928,High
,40.79260201809419,-73.788822279025,193.0,27.92727474461661,31.67870644064633,Green,Snow,0.0,-0.434631379518662,8.0,39.0,,22.05466392819168,Medium
2024-03-03 12:15:00,40.843541262507856,-73.80318421866512,299.0,7.275461909556729,39.26849128752269,Yellow,Clear,0.0,0.8021738364254036,24.0,14.0,194.55528134753777,11.80756206697524,High
2024-03-03 12:20:00,40.848810788331264,-73.83582944185784,118.0,55.42245888650398,11.088651515969318,Yellow,Fog,0.0,0.8171829764363419,51.0,,312.439124918198,29.63159905042426,Medium
,40.67740136614209,-73.7387999452498,210.0,57.731558499708434,84.73317928765785,Green,Snow,0.0,0.8978899075044862,67.0,11.0,58.81961921324135,23.06143543344847,High
2024-03-03 12:30:00,40.615557928393514,-73.79330800661963,103.0,7.433808716972832,87.78046383675425,Green,Rain,0.0,-0.9916090936676976,43.0,5.0,201.87996840430603,24.614814150570176,High
2024-03-03 12:35:00,40.72207543048581,-73.76315635175821,139.0,66.1502604531781,27.75935933509936,Green,Fog,0.0,0.0449656773359892,4.0,16.0,451.61494161875834,23.22579523452909,Medium
2024-03-03 12:40:00,40.64735115012127,-73.79618727789126,44.0,26.184927641264753,55.916678753708766,Red,Snow,0.0,0.2170627506664033,26.0,40.0,419.5688322187504,19.41101616576675,Medium
2024-03-03 12:45:00,40.762347925288125,-73.91383874769437,245.0,10.320381236454278,41.99603786047885,Yellow,Rain,0.0,0.3568655470014268,46.0,24.0,226.15809759057785,17.87638429728949,High
2024-03-03 12:50:00,40.80199580789547,-73.7803171038944,49.0,40.07207596610526,64.9738387181943,Green,Fog,0.0,-0.8719375574983637,22.0,11.0,386.62429011121895,15.011230812398273,Medium
2024-03-03 12:55:00,40.77804754505834,-73.8114827709364,260.0,58.355625684389885,28.507648539453452,Red,Rain,0.0,-0.0214673841925077,77.0,47.0,90.06130557011832,10.01876091667016,High
2024-03-03 13:00:00,40.71121165679582,-73.94260757044582,53.0,11.525511201913789,57.50721348780471,Red,Rain,0.0,0.8833026319645676,78.0,28.0,102.5983517511221,9.90127685462702,High
2024-03-03 13:05:00,40.733098599897694,-73.9326888075865,26.0,61.004991189678606,92.00636422167356,Yellow,Snow,0.0,-0.6967204447993722,90.0,15.0,427.3023763073137,11.409904382464076,High
2024-03-03 13:10:00,40.848089560607534,-73.80304310090605,110.0,66.58590540568258,79.52886466757067,Yellow,Clear,0.0,0.2135740206218321,61.0,7.0,449.4769512987152,29.04715596697381,Medium
2024-03-03 13:15:00,40.87367516816824,-73.7247413662196,249.0,7.321024871453398,66.68597981460285,Yellow,Fog,0.0,-0.4430091090626684,25.0,12.0,431.40225079675565,29.68752412376287,High
2024-03-03 13:20:00,40.74989219053125,-73.98513451324605,65.0,58.74814211990716,31.197135895132885,Red,Rain,0.0,-0.5486898645688034,36.0,40.0,154.80038347320985,16.930375430936788,Low
2024-03-03 13:25:00,40.705124382568634,-73.93491574755173,155.0,76.71856001326364,66.19874379102552,Green,Fog,0.0,0.6315293584339179,57.0,42.0,207.28663016849652,9.367563577598087,Medium
2024-03-03 13:30:00,40.67325710806449,-73.7658224429102,269.0,69.39632337791383,20.356941298425703,Green,Fog,0.0,0.7147249101850341,50.0,6.0,67.83190109046426,17.060196110842405,High
2024-03-03 13:35:00,40.60644711388956,-73.8083265540585,237.0,52.010138337001706,25.898487330601768,Yellow,,0.0,-0.1979447588510534,94.0,34.0,471.7165257749377,12.706098459759897,High
2024-03-03 13:40:00,40.8269018493779,-73.87191496926269,135.0,7.997745154015332,96.89796173461778,Green,Rain,0.0,-0.4986961569226795,14.0,20.0,475.5460827648489,27.114242397680993,High
2024-03-03 13:45:00,40.86622392747941,-73.81451079043535,240.0,22.497929180590543,29.88362938624906,Yellow,Snow,0.0,-0.9963905810114492,1.0,44.0,318.5165898467532,25.264645167180277,High
2024-03-03 13:50:00,40.8286825150493,-73.78608134551737,218.0,50.25586758547236,30.56072598031763,Red,Snow,0.0,-0.4658923095405907,26.0,43.0,383.124843774051,23.642914665871288,High
2024-03-03 13:55:00,40.73499886267316,-73.9299499863627,130.0,60.75527883503835,26.412371860816663,Yellow,Snow,0.0,,29.0,27.0,168.5151851779354,8.46016738030181,Medium
2024-03-03 14:00:00,40.60367094101885,-73.84455546916541,41.0,12.98096911827356,44.87796305779146,Yellow,Rain,0.0,-0.8435485768830284,65.0,31.0,115.74550664221618,10.139252721851808,High
2024-03-03 14:05:00,40.89149695661618,-73.87935866277617,31.0,24.352521633254288,63.763296971935816,Green,Clear,0.0,0.453318570172027,12.0,22.0,439.65950873031113,23.559825520490293,
2024-03-03 14:10:00,40.62961852341255,-73.71704065904092,12.0,78.31069514598346,87.70414233311735,Red,Rain,1.0,0.4861260378208833,77.0,46.0,222.3522875205177,14.02541211593716,High
2024-03-03 14:15:00,40.629115151463886,-73.81511060024107,36.0,52.72676302042882,39.86042169811306,,Snow,0.0,0.1110924297868187,74.0,39.0,167.00604367698892,29.695738234739817,Low
2024-03-03 14:20:00,40.853975769726446,-73.75820283354133,21.0,64.07567056835424,50.18619495594976,Red,Fog,0.0,-0.5743032615841708,77.0,2.0,378.59182511305926,25.475719177928607,Medium
2024-03-03 14:25:00,40.84052588776081,-73.89789095223124,43.0,15.635594599213292,55.72796358406066,Green,Fog,0.0,0.703721509229122,28.0,29.0,81.23622689304995,14.551835050508616,High
2024-03-03 14:30:00,40.603745088713886,-73.79697741238944,115.0,54.33867271753347,44.60658923259825,Yellow,Fog,0.0,0.0315402788672667,35.0,6.0,171.15256222806914,8.690936386341983,Medium
2024-03-03 14:35:00,40.62535195464662,-73.75289218613901,86.0,36.811839639654394,15.498242405542117,Yellow,Clear,0.0,0.4990302835320439,62.0,9.0,386.2072363181723,5.89159712654496,Medium
2024-03-03 14:40:00,40.88372512709947,-73.70517388525778,14.0,43.97923288484154,27.077052072791258,Yellow,Fog,0.0,0.0250353716416504,26.0,33.0,204.04119442707164,14.503201109049886,Low
2024-03-03 14:45:00,40.62812895615419,-73.70852493961054,115.0,49.57429899554241,25.198865055066136,Green,Fog,1.0,-0.8160025033197311,91.0,49.0,296.9462973845157,27.51482104239168,High
2024-03-03 14:50:00,40.66201362936105,-73.89965013084456,201.0,38.958854441856346,36.33529781355426,Yellow,Rain,0.0,-0.4495847256026808,79.0,22.0,320.32787391217755,26.083037675012857,High
2024-03-03 14:55:00,40.713863214941235,-73.75461333682331,46.0,70.91191444636605,90.11956009109032,Yellow,Rain,0.0,-0.2273551591258407,62.0,26.0,376.857823814103,11.577195738118563,High
2024-03-03 15:00:00,40.772739806007,-73.89170124161217,18.0,20.281638555824173,42.15924285007753,Yellow,Rain,0.0,-0.7798022297570946,32.0,34.0,121.1284345243306,21.45792779087726,Medium
2024-03-03 15:05:00,40.67158113345899,-73.96313027141422,88.0,47.70751225855003,21.154954061769143,Green,Fog,0.0,-0.7447042300548121,13.0,1.0,178.7730725035608,19.254493220166303,
2024-03-03 15:10:00,40.62574822258232,-73.72392655829726,179.0,64.87109957465351,98.84329426498904,Red,Snow,0.0,-0.6924019103431347,74.0,14.0,333.88708026379044,18.973907779507726,High
2024-03-03 15:15:00,40.66495654106534,-73.86769570974276,278.0,23.10194987456475,76.94829535983574,Yellow,Rain,0.0,0.4561195243447506,21.0,30.0,176.3264219226972,15.747051159369352,High
2024-03-03 15:20:00,40.68478039848613,-73.90459163101832,212.0,79.66221098470531,42.98601067566509,Yellow,Rain,0.0,-0.520537633012141,24.0,30.0,135.9880752334533,29.38485843421026,High
2024-03-03 15:25:00,40.68898903283011,-73.78499373634321,89.0,13.625450361834217,64.5241582143908,Yellow,Rain,0.0,0.568682992403007,79.0,,125.37722468399193,29.32629203408813,High
2024-03-03 15:30:00,40.703337421132424,-73.73919185399518,21.0,78.27149839535707,29.28560941320347,Yellow,Rain,0.0,-0.2548651953648162,89.0,25.0,194.49411484834215,6.074007959922602,Low
2024-03-03 15:35:00,40.834723590927304,-73.70354962407022,210.0,64.15291410618991,94.46463380377249,Red,Snow,0.0,0.0959409156877835,78.0,32.0,223.0885388959639,29.736487852562288,High
2024-03-03 15:40:00,40.81995382918672,-73.97119104140123,30.0,74.29514307217006,61.872188423588426,Green,Snow,0.0,0.8269170157601897,84.0,39.0,188.1151177346135,6.6558562582978364,Medium
2024-03-03 15:45:00,40.744946769019165,-73.89869200345795,295.0,42.401773446527315,62.40187668552676,Green,Rain,0.0,-0.5231204222836998,3.0,34.0,90.84639201710118,19.68725312185175,High
2024-03-03 15:50:00,40.85137259617015,-73.78636578737103,24.0,66.6228368730489,49.12251452542175,Green,Fog,0.0,0.622065984565936,58.0,44.0,237.6601402251191,15.08952046613567,Low
,40.62316612582133,-73.82244540406988,185.0,21.48562826966323,45.83566705992518,Yellow,Snow,0.0,0.2835557326893834,81.0,1.0,449.144353065449,24.212770267475634,Medium
2024-03-03 16:00:00,40.86882893799653,-73.93979156476786,27.0,41.90582670469362,17.26829917959767,Green,Snow,0.0,-0.8640621794226389,56.0,32.0,,27.074846798934853,Low
2024-03-03 16:05:00,40.727655700949185,-73.80330606019281,162.0,65.76753099388893,69.28712245814518,Green,Rain,0.0,-0.9991115414832508,25.0,22.0,354.95697696566856,15.794150663832214,Medium
2024-03-03 16:10:00,40.830337560220435,-73.72055132273978,227.0,8.70738001274525,60.591193019785294,Green,Snow,0.0,-0.8186148869270247,14.0,45.0,133.2160167917191,18.164171299936744,High
2024-03-03 16:15:00,40.696978488394265,-73.90238714352063,94.0,29.31825627007832,21.415438817204965,Yellow,Rain,0.0,-0.7167190713364002,10.0,49.0,269.5085907025458,6.430080516376137,Medium
2024-03-03 16:20:00,40.72757836386466,-73.81348064388712,210.0,67.79448680626197,99.14811644336046,Yellow,Snow,0.0,0.97049347180068,14.0,47.0,88.02269309991351,16.68918068178696,High
,40.61745130012742,-73.81925532410473,48.0,58.749623434949434,82.68473744201408,Green,Rain,0.0,0.1119741793777804,94.0,21.0,89.63628419458163,9.79856238635881,High
2024-03-03 16:30:00,40.725200304007835,-73.70568194441744,47.0,32.197441294334936,30.710796691274915,Red,Clear,0.0,-0.6671438627504098,24.0,22.0,327.7341628976493,14.098778935854767,Medium
2024-03-03 16:35:00,40.86066707364362,-73.88734327471427,192.0,13.650555042982722,12.17690934589471,Yellow,Fog,0.0,0.8201232750143832,94.0,7.0,191.30423734099287,,High
2024-03-03 16:40:00,40.82634154703058,-73.93508491924021,189.0,74.4092896734922,91.14743653931777,Red,Fog,0.0,0.3203827539209716,27.0,34.0,347.8392388821776,7.1283996883509015,High
2024-03-03 16:45:00,40.70536012928765,-73.70635100875872,218.0,56.50082080209291,81.52199073949961,Yellow,Clear,0.0,-0.915931528568906,9.0,8.0,298.44240851422626,8.261886294155023,High
2024-03-03 16:50:00,40.61580223936364,-73.98962568916353,51.0,32.017507503272974,84.2648548717916,Green,Snow,0.0,0.1438983480190585,60.0,45.0,306.6463279525392,21.75760939241742,High
2024-03-03 16:55:00,40.87456649036631,-73.87209919534085,120.0,20.293276951535702,86.36907575120941,Red,Clear,0.0,0.5341999788480649,59.0,11.0,427.8310238223021,26.700596592696655,High
2024-03-03 17:00:00,40.86294638271918,-73.71462607031357,78.0,16.496828705507774,86.41108075501083,Green,Fog,0.0,0.4658505146630192,14.0,16.0,330.3292643751926,10.81511956758454,High
2024-03-03 17:05:00,40.70070244410917,-73.91097708612249,220.0,24.51915195596755,74.50673133589797,Yellow,Rain,0.0,0.1261174255307806,33.0,40.0,261.6854843984589,25.28082233182158,High
2024-03-03 17:10:00,40.84230541646936,-73.98171353967328,255.0,78.09105815017826,98.985084771471,,Clear,0.0,0.5864755314516652,50.0,27.0,80.16129030783152,15.591784181740572,High
2024-03-03 17:15:00,40.800316611554344,-73.95105078333275,149.0,33.777999048833344,75.09989651302877,Yellow,Fog,0.0,0.2410813409231509,90.0,21.0,180.97510420691736,17.876748410385463,Medium
2024-03-03 17:20:00,40.80126611443473,-73.92323343370185,192.0,25.195968963434545,32.89251142288157,Green,Rain,0.0,-0.3494501103409175,9.0,43.0,74.89544459969743,6.60634544257098,Medium
2024-03-03 17:25:00,40.840768457776214,-73.92143960304463,12.0,19.596423192813063,98.66111442755576,Red,Snow,0.0,-0.9925142818150618,11.0,36.0,177.57920480388572,15.234334713749895,High
2024-03-03 17:30:00,40.71270637199282,-73.97873589994735,103.0,28.06009060060432,53.93183892731127,Yellow,Rain,,-0.4743415900120094,21.0,2.0,224.66623644729304,22.127119982554937,Medium
2024-03-03 17:35:00,40.71961382983844,-73.8794191664732,164.0,35.70634580516682,19.890808381327066,Yellow,Rain,0.0,-0.1773917912530553,14.0,8.0,234.00380145449975,18.975285354281944,Medium
2024-03-03 17:40:00,40.84601020642566,-73.81760297554023,254.0,8.717879253403913,95.71562126191314,Red,Fog,0.0,0.9891543226800577,25.0,36.0,320.1531509091936,20.4340293850288,High
2024-03-03 17:45:00,40.608313702607454,-73.98151271853628,130.0,21.230457685290496,24.453447308771914,Yellow,Snow,1.0,0.6755160412448538,19.0,6.0,332.1948497973911,28.353654603543266,High
2024-03-03 17:50:00,40.78810719574542,-73.90621287735512,230.0,28.094771099143983,36.24528687837977,Yellow,Fog,0.0,0.2032910227643254,91.0,7.0,387.2338963674996,18.048117145023213,High
2024-03-03 17:55:00,40.666249118998216,-73.79824966622927,53.0,53.355518759156254,13.04110756880804,Red,Rain,0.0,0.8511121339159875,50.0,17.0,95.87839879718832,27.21274565571476,Low
2024-03-03 18:00:00,40.78768789273687,-73.77764154533304,114.0,24.636299802209493,50.879195496990825,Red,Rain,1.0,0.7234844641805407,85.0,13.0,434.9952718209509,22.229790633310778,High
2024-03-03 18:05:00,40.68896683014666,-73.9784122476956,52.0,11.731545496981983,32.85361860427507,Yellow,Snow,0.0,0.1729400751955223,98.0,27.0,227.12086821715235,5.168281382746674,High
2024-03-03 18:10:00,40.81246824248828,-73.99808740739616,213.0,,29.702473728982667,Green,Rain,0.0,-0.1137825632850912,15.0,6.0,73.63344363353201,14.657528052537035,High
2024-03-03 18:15:00,40.873881288144936,-73.81776350995031,123.0,42.925025617303085,59.872821300803366,Yellow,Fog,1.0,-0.3155580680420422,80.0,22.0,171.5733068839387,11.551011614081157,High
2024-03-03 18:20:00,40.70390052248018,-73.73807001446303,82.0,28.07948921292632,,Green,Rain,0.0,-0.6469543913954028,24.0,49.0,414.1134286298369,22.90905347074403,High
2024-03-03 18:25:00,40.77937707349429,-73.93755084191584,175.0,69.27093521967643,69.0365745805301,Yellow,Fog,1.0,0.4624076834268555,36.0,44.0,389.368810329176,15.233725317666943,High
2024-03-03 18:30:00,40.69636027006148,-73.7496275442794,175.0,17.24796266435949,10.3068035429696,Green,Snow,0.0,-0.8317950627249187,3.0,5.0,234.3318257554715,24.66425860616115,High
2024-03-03 18:35:00,40.80488839373688,-73.84573378747893,291.0,45.22954833446537,62.261739023487536,Green,Rain,0.0,0.4191126333502575,22.0,30.0,228.1652060147964,9.803617441282691,High
2024-03-03 18:40:00,40.89838033362484,-73.93676716310891,202.0,32.126536053026896,94.81207679160444,Red,Snow,0.0,-0.7689723431249329,87.0,23.0,350.5373689620306,11.182283060222565,High
2024-03-03 18:45:00,40.83226198534823,-73.74944430052857,100.0,,48.31162053716379,Yellow,Snow,0.0,-0.4402013449600643,85.0,36.0,470.09586848903245,15.790382245934376,Medium
2024-03-03 18:50:00,40.73617085530011,-73.95477229772852,279.0,21.41449916434335,99.16193766631044,Yellow,Clear,0.0,-0.7631704996413691,22.0,10.0,142.4268021491961,7.738730359525352,High
2024-03-03 18:55:00,40.71784595791896,-73.86775454128049,222.0,15.159827695422482,96.17469926740038,Green,Rain,1.0,0.0808576502711018,34.0,28.0,296.817116080595,10.28890213731022,High
2024-03-03 19:00:00,40.72917785597035,-73.79403980002908,282.0,79.4900347710703,63.642705252722216,Yellow,Rain,0.0,0.5279319417533064,19.0,41.0,88.59117429573791,14.77748347762942,High
2024-03-03 19:05:00,40.620376991606285,-73.78971517932733,164.0,13.147245751490948,30.735986666357235,Green,Fog,0.0,0.1684367941389313,61.0,47.0,62.492002916434245,14.296053051497507,High
2024-03-03 19:10:00,40.61431784740078,-73.91444509571932,271.0,45.52192538609596,60.80429770226563,Yellow,Rain,0.0,-0.2105002470786237,14.0,40.0,323.1469749174179,,High
2024-03-03 19:15:00,40.77987181930421,-73.78757170252699,292.0,59.85432918203109,12.292138706619378,Red,Snow,0.0,0.6153487418767318,99.0,34.0,362.9630969286432,12.13570907843386,High
2024-03-03 19:20:00,40.79779555852913,-73.98448361275734,228.0,66.48681367312113,21.646163384662056,Green,Rain,0.0,-0.4057842359843893,25.0,31.0,403.56170299929016,7.710439997462757,High
2024-03-03 19:25:00,40.80320638598229,-73.87347844318336,297.0,11.431919623728517,78.93732403473463,Red,Fog,0.0,-0.0064652433788936,13.0,10.0,355.32589867769934,19.307044493099816,High
2024-03-03 19:30:00,40.669994587423695,-73.9596168255454,90.0,25.241218032573613,37.169281153523634,Yellow,Fog,0.0,0.3715708041109877,37.0,27.0,429.7786250876863,21.40387239290864,Medium
2024-03-03 19:35:00,40.89263520890768,-73.87546605965005,248.0,58.446284066489554,66.21205984281102,Red,Snow,1.0,0.4317941684123858,66.0,42.0,325.39944918005193,24.689974819467754,High
2024-03-03 19:40:00,40.640605699879885,-73.89451573124646,,25.019430607584702,17.792214657122756,Red,Snow,0.0,0.4677743693368981,67.0,34.0,360.694198262084,9.86736093614167,Medium
2024-03-03 19:45:00,40.81408150574824,-73.93496343993093,251.0,12.110991932976264,65.10491017456945,Green,Clear,0.0,0.2185110977798847,51.0,,280.91072033819745,10.939460310888595,High
2024-03-03 19:50:00,40.75500609631783,-73.96530103541085,206.0,10.28741497174648,82.76323952102643,Yellow,Clear,0.0,-0.2603161234547875,48.0,10.0,290.5857619588186,5.265931921747869,High
2024-03-03 19:55:00,40.77747211090417,-73.93142385650239,186.0,73.63642531177062,12.484808179206004,Yellow,Fog,0.0,0.7001008459911631,18.0,11.0,195.01961957398927,21.36522146320688,Medium
2024-03-03 20:00:00,40.79819969796445,-73.81274868669861,21.0,56.552680708524015,37.215581444707674,Green,Snow,0.0,0.7872377246387998,53.0,32.0,250.49216339487128,16.16835574250979,Low
2024-03-03 20:05:00,40.87649479873442,-73.71717288939047,,25.66041830597808,79.46837080152656,Yellow,Rain,0.0,0.7697187019188998,87.0,14.0,375.0294836393467,18.118395116915774,Medium
2024-03-03 20:10:00,40.81241289757382,-73.84912864114952,61.0,79.4340727801403,46.79854504114364,Red,Snow,1.0,-0.9656272653448068,63.0,24.0,286.271210728112,12.97409998075105,High
2024-03-03 20:15:00,40.870693520943405,-73.79625738387087,14.0,20.440336664962956,73.40387924711025,Green,Clear,0.0,-0.6406943846860571,25.0,24.0,146.4163303030274,19.9833430292854,Medium
2024-03-03 20:20:00,40.60266622346913,-73.7501671214532,90.0,10.755986162131846,84.91725757966941,Yellow,Fog,0.0,-0.4981017915361636,77.0,19.0,237.0632330794524,29.19004186023425,High
2024-03-03 20:25:00,40.787995856921825,-73.72844367861902,236.0,58.992981113434816,67.79204508768382,Green,Snow,0.0,0.3136145815715372,50.0,3.0,137.80324299508504,25.687834505412543,High
2024-03-03 20:30:00,40.78506111289387,-73.81754031283403,67.0,50.64477715520673,66.77445789274044,Green,Rain,0.0,-0.9703785636236132,3.0,14.0,232.55152464725705,29.064298192314737,Medium
2024-03-03 20:35:00,40.69562843088061,-73.9998037947583,110.0,34.2715693430077,86.26999965230473,Yellow,Fog,0.0,0.3647380018547781,93.0,42.0,219.04794790053305,8.276163423334866,High
2024-03-03 20:40:00,40.66326060099412,-73.814830012365,289.0,50.35870039673655,99.78107681213844,Green,Rain,0.0,-0.4656398354548572,15.0,34.0,312.7622289421829,21.96144362155104,High
2024-03-03 20:45:00,40.67014792977992,-73.85579352074173,237.0,49.01366227041865,94.24855438536838,Red,Rain,0.0,-0.3586464908412894,56.0,33.0,118.66017694186604,17.790339304992628,High
2024-03-03 20:50:00,40.74314385922017,-73.82036602633526,23.0,76.07700420444958,57.122090394199475,Green,Snow,0.0,-0.5779177217277318,56.0,17.0,320.55087360614544,19.642247002673585,Medium
2024-03-03 20:55:00,40.89606008008558,-73.92554217237902,160.0,39.07231184530913,13.682648180898816,Red,Fog,0.0,0.5918660380152525,60.0,37.0,342.66094836790563,26.03433909067556,Medium
2024-03-03 21:00:00,40.7925480277273,-73.99592541159844,52.0,47.15274064603974,64.33333271221036,Green,Snow,0.0,-0.2803381282830917,32.0,43.0,72.99444770226702,12.489537544584548,Medium
2024-03-03 21:05:00,40.7777777393238,-73.75838302836081,173.0,73.9550883000218,24.985435395169407,Green,Snow,0.0,0.1817122596197875,92.0,19.0,495.7861783066515,27.10145572960185,Medium
2024-03-03 21:10:00,40.831551743103766,-73.96454289016049,85.0,29.75900645197823,95.43293127372064,Green,Rain,0.0,-0.5777444706616963,36.0,37.0,190.65664363631944,5.447507061530706,High
2024-03-03 21:15:00,40.73559625294411,-73.72364302072485,236.0,73.38605023066144,80.62091071624455,Green,Clear,0.0,0.8730200367837861,31.0,0.0,165.67654832443714,21.599526060785628,High
2024-03-03 21:20:00,40.81265425899136,-73.7087183408735,294.0,58.1445884243656,82.28015093134618,Green,Clear,0.0,-0.9932907728950208,50.0,9.0,281.0762509860172,28.02105781330568,High
2024-03-03 21:25:00,40.60669223316124,-73.91615137909214,138.0,28.37425093647743,96.0839208707532,Yellow,Snow,0.0,-0.0175109089241565,68.0,41.0,354.5616450371805,18.528346148061743,High
2024-03-03 21:30:00,40.77413460319654,-73.91985355753513,21.0,25.030254136393697,87.85101117925323,Red,Snow,0.0,-0.4265170641376441,43.0,9.0,169.52407452523113,5.462061866403241,High
2024-03-03 21:35:00,40.62441861669532,-73.7895954278178,97.0,40.19939711763326,50.12918045906443,Green,Fog,0.0,-0.6590087423763147,40.0,42.0,182.0884023278144,16.22894702013747,Medium
2024-03-03 21:40:00,40.6099958265452,-73.85123284177337,242.0,76.63576248897785,65.47178090641499,Yellow,Snow,0.0,0.8490588350317705,58.0,3.0,204.66993718390805,9.476780306762915,High
2024-03-03 21:45:00,40.68646275293277,-73.97660274536265,43.0,75.89568591950484,18.807727159178164,Yellow,Clear,,0.1756780096529642,91.0,2.0,399.8989003168262,24.9056056101074,Low
2024-03-03 21:50:00,40.69293047700788,-73.76752055123606,85.0,13.15145452338259,54.0047371186413,Yellow,Snow,0.0,0.1655518934448601,78.0,48.0,74.60623082819778,14.277902114833989,High
2024-03-03 21:55:00,40.79178770458565,-73.83054161141294,255.0,42.59649756635097,11.932147097090894,Green,Snow,0.0,-0.464905606380471,30.0,11.0,220.4104968118772,15.436230971860684,High
2024-03-03 22:00:00,40.68222395021652,-73.83147898708243,250.0,8.126444792983492,67.88223717360171,Red,,0.0,-0.9470808470519856,52.0,23.0,300.66821163681556,10.933044718682236,High
2024-03-03 22:05:00,40.78896722861095,-73.87934973028631,208.0,73.52700844891014,44.23524222738253,Red,Fog,0.0,-0.1932348970043518,23.0,36.0,173.65300733328115,20.608297169439687,High
2024-03-03 22:10:00,40.69351364036553,-73.94760883175547,116.0,67.57088096575788,15.581878522442985,Green,Fog,0.0,-0.2495918831080184,79.0,30.0,321.6163757780598,25.398746443896684,Medium
2024-03-03 22:15:00,40.89860408820197,-73.7924566077682,32.0,31.713200234637796,58.76682529673458,Red,Rain,0.0,0.0223380363069094,70.0,8.0,213.9192463057503,17.837917304618664,Medium
2024-03-03 22:20:00,40.662805724098455,-73.8698621641345,222.0,26.29756347472561,71.38491746093713,Yellow,Clear,0.0,-0.4687005541819167,93.0,3.0,393.09388220052415,9.068789978140568,High
2024-03-03 22:25:00,40.82479703524126,-73.94349519404305,17.0,15.567267957961842,10.449009185976603,Yellow,Clear,0.0,-0.8838263786526508,44.0,40.0,245.06486272049253,,High
2024-03-03 22:30:00,40.849257416361475,-73.97022384780495,34.0,8.417358848276255,63.88924644769348,Red,Rain,0.0,0.5158271368804146,,47.0,148.8813412791582,23.246850820277913,High
2024-03-03 22:35:00,40.656731465644235,-73.78919262722471,215.0,32.773359127396475,55.9660334440126,Yellow,Fog,0.0,0.1923103661378509,96.0,17.0,249.17987196251764,16.095481825520615,High
2024-03-03 22:40:00,40.71494808624668,-73.88334579470514,105.0,54.97390145327118,73.8829543860058,Green,Snow,0.0,-0.5512475727313781,,20.0,372.958944283274,24.034454301988944,Medium
2024-03-03 22:45:00,40.88249911440687,-73.91149655346344,,42.010736408163616,19.318055169110583,Red,Fog,0.0,0.4644429535901233,20.0,29.0,277.85563349767074,8.07588237903025,Medium
2024-03-03 22:50:00,40.65193812482879,-73.84491224399513,107.0,40.6762740338934,17.987668917840153,Yellow,Fog,0.0,-0.5959502021251508,50.0,15.0,287.28948551732776,5.453038146212581,Medium
2024-03-03 22:55:00,40.668483220871956,-73.89096892324649,94.0,58.05981944834532,17.01990506714253,Green,Rain,0.0,-0.6772058286521789,55.0,30.0,149.7150046454546,10.99898471354888,Low
2024-03-03 23:00:00,40.8757610750926,-73.80077415693562,226.0,63.291891036773706,62.57669492922983,Yellow,Snow,0.0,0.4698143096401903,52.0,4.0,356.3628389914701,19.07172502441535,High
2024-03-03 23:05:00,40.80566130559699,-73.79012030362709,,60.21202269646308,81.80180655766982,Yellow,Clear,0.0,-0.5256297486637684,6.0,36.0,303.7217448697173,24.602541777761495,High
2024-03-03 23:10:00,40.844367363782204,-73.96025973230573,290.0,46.59226225377817,34.40444475734223,Green,Rain,0.0,0.859400041795499,30.0,18.0,123.08171373432634,8.946914286347885,High
2024-03-03 23:15:00,40.74115388443353,-73.91077227289708,18.0,10.136260412441544,25.05726162958278,Yellow,Fog,0.0,0.2048144009975949,60.0,31.0,444.2290482920237,19.70549635443424,High
2024-03-03 23:20:00,40.864241398329234,-73.7142802147181,32.0,48.70884409021907,10.36220008152619,Yellow,Rain,1.0,-0.038429751549188,90.0,47.0,305.8762963716161,20.979263012927927,High
2024-03-03 23:25:00,40.85008433127833,-73.92576125748721,81.0,10.844887717196752,19.11167699248108,Red,Fog,0.0,-0.8815822925381149,93.0,48.0,265.9126521066067,8.91804054716938,High
2024-03-03 23:30:00,40.77218191349584,-73.9535675419588,34.0,75.0172217007677,42.273116304834666,Red,Rain,1.0,0.7340656264402858,9.0,4.0,370.3053269189372,25.16220238798567,High
2024-03-03 23:35:00,40.83945986824534,-73.93061845047663,194.0,19.25947543340863,27.656586921110023,Red,Snow,0.0,0.4225000014076956,41.0,6.0,233.05353596128455,9.006427385771063,High
2024-03-03 23:40:00,40.80582410389773,-73.91895150383762,58.0,70.79478623614683,68.26585240126326,Red,Clear,0.0,0.4934362936118006,43.0,25.0,209.51480164541977,21.84796962316863,Medium
2024-03-03 23:45:00,40.7649060718466,-73.99506013489976,70.0,38.80487165143575,46.490427020577066,Green,Snow,0.0,0.7442391013048204,98.0,45.0,171.2081717447913,11.083111017087871,Medium
2024-03-03 23:50:00,40.654422533420494,-73.7071137698587,92.0,35.58331080555169,42.59019005737865,Red,Clear,0.0,0.818891430765393,92.0,12.0,129.20858062671078,15.913945756330016,Medium
2024-03-03 23:55:00,40.79340776104436,-73.99578172177137,133.0,29.206761330374977,29.408950642118292,Green,Fog,0.0,0.8314754596366556,49.0,19.0,487.5413814920154,23.711330290879985,Medium
2024-03-04 00:00:00,40.8704334804168,-73.7727949173554,130.0,64.5032879768031,20.831212427888424,Green,Rain,0.0,-0.4307254002802918,81.0,12.0,435.01062036947826,21.22252588003617,Medium
2024-03-04 00:05:00,40.87329259641094,-73.86168658037032,108.0,65.86817130381988,39.40872743005106,Green,Snow,0.0,0.6255263643056661,93.0,11.0,385.338058008487,24.394682461080944,Medium
2024-03-04 00:10:00,40.657828539351506,-73.86316983903131,281.0,44.91399987118693,78.43063850078426,Yellow,Rain,0.0,-0.7529111975738625,43.0,44.0,120.6205066582639,13.015292362431277,High
2024-03-04 00:15:00,40.68048113450959,-73.73318483923256,19.0,66.81546760102148,54.5369757177061,Green,Rain,0.0,-0.1178804456603397,42.0,37.0,405.0593319321425,7.030741329346639,Medium
2024-03-04 00:20:00,40.645805865084455,-73.9047215960943,26.0,79.78070001662007,27.797661706443755,Yellow,Snow,1.0,-0.7232580997423608,18.0,26.0,158.7809196760804,25.876743290905033,High
2024-03-04 00:25:00,40.88597425383791,-73.84090682823484,76.0,61.167621272491175,25.06932350655896,Red,Clear,0.0,0.2310448915462659,99.0,49.0,188.80299055297428,8.100060549811376,Low
2024-03-04 00:30:00,40.70591105969388,-73.82589770484185,214.0,54.244714502395546,61.17826200137668,Red,Snow,0.0,-0.7909638250885256,26.0,47.0,80.22194508777353,6.064817808904683,High
2024-03-04 00:35:00,40.73776018347933,-73.97982979454915,20.0,8.027392203938264,24.758950966712845,Green,Fog,0.0,0.4288133190329994,36.0,26.0,357.22168362871224,20.769417915984853,High
2024-03-04 00:40:00,40.855668845966854,-73.73350384733347,243.0,49.59253793431373,49.95219197597253,Yellow,Snow,0.0,-0.84135638203174,86.0,24.0,,6.18297974130131,High
2024-03-04 00:45:00,40.81051585179348,-73.71469550577307,57.0,21.05538185358589,89.44638097385265,Green,Clear,0.0,0.7938845266987702,69.0,6.0,475.9875380600495,29.126897585473063,High
2024-03-04 00:50:00,40.79748806807413,-73.70514598219987,274.0,21.548664549298028,79.2138210207515,Yellow,Rain,0.0,0.8280198393339051,2.0,39.0,155.4004906978427,11.644808048954427,High
2024-03-04 00:55:00,40.84465147915984,-73.86938204947644,15.0,20.54779035821181,15.793733181958128,Yellow,Snow,0.0,0.0794279310943191,35.0,43.0,142.0963476625704,26.539234937634937,Medium
2024-03-04 01:00:00,40.83641823375124,-73.90727700509211,216.0,76.0654105717506,64.85321345012588,Green,Snow,0.0,0.0197299243361317,46.0,25.0,374.4948856258963,7.5951720345867315,High
2024-03-04 01:05:00,40.68914453785663,-73.77861421531692,87.0,43.974154807615506,92.91215342726734,Red,Rain,0.0,0.1582557851519428,23.0,18.0,324.700979074662,20.10837196919168,High
2024-03-04 01:10:00,40.6302197233994,-73.73797177191179,68.0,38.905262801652015,80.44538205818733,Red,Fog,0.0,0.1593222968019036,94.0,29.0,435.09851607337583,18.074183296081877,High
2024-03-04 01:15:00,40.84607605193929,-73.9450250747569,255.0,65.15676574565373,11.436643973165747,Red,Fog,0.0,-0.0287459853478535,49.0,26.0,326.6728910051453,7.616352538158906,High
2024-03-04 01:20:00,40.82789360681512,-73.87156074807322,234.0,70.42004164742879,13.408157850384288,Red,Clear,0.0,0.7765645720241783,33.0,16.0,161.86120212449822,8.354351569225175,High
2024-03-04 01:25:00,40.805968921381,-73.92900233039902,24.0,71.63427464812439,28.43202841333889,Red,Fog,0.0,-0.5851033272168951,68.0,21.0,325.06302599710006,,Low
2024-03-04 01:30:00,40.86049799923454,-73.88366586154285,26.0,25.469755491684015,23.036873916715436,Yellow,Clear,0.0,-0.2347592881389311,43.0,17.0,53.75019625675808,27.257135014560035,Medium
2024-03-04 01:35:00,40.64082671579335,-73.93287523337679,287.0,37.89952279643714,60.01432412538866,Yellow,Rain,0.0,-0.2960841251904738,32.0,45.0,137.31002316332496,19.447855223321476,High
2024-03-04 01:40:00,40.60413620586285,-73.83245707031791,114.0,69.17510931258471,48.11340964438591,Red,Clear,0.0,-0.6035383644177059,3.0,42.0,240.37228980729736,11.537502351863484,Medium
2024-03-04 01:45:00,40.843968061171395,-73.76351853309912,222.0,74.55302942984443,27.423790925587287,Green,Fog,0.0,0.5781292178767958,26.0,45.0,357.7917298977312,15.94701480835366,High
2024-03-04 01:50:00,40.62155578635552,-73.86868424884227,13.0,22.852425263631886,20.466189437010428,Red,Rain,0.0,-0.9841558579680528,58.0,37.0,488.2508010504407,10.17979925959735,Medium
2024-03-04 01:55:00,40.61008838771806,-73.94172119280687,169.0,29.618397344622593,28.645736009429783,Green,Fog,1.0,-0.9098840050737832,62.0,24.0,490.2459127485941,21.536727855433018,High
2024-03-04 02:00:00,40.639339793909585,-73.7456799994577,142.0,37.61325801229472,34.71127246793948,Yellow,Clear,0.0,-0.4309446885168144,22.0,9.0,168.99305784865203,14.42672651383702,Medium
2024-03-04 02:05:00,40.830273014424314,-73.98008578897955,224.0,73.33966788454016,14.865751959050044,Yellow,Rain,1.0,0.6528174794356851,55.0,49.0,446.822303332462,20.98681973001375,High
2024-03-04 02:10:00,,-73.93556441204821,72.0,61.122659774418054,78.25686078263601,Yellow,Clear,1.0,0.0698687811797649,37.0,6.0,147.91444501101856,14.43080757534036,High
2024-03-04 02:15:00,40.67495924936877,-73.84508289770113,174.0,65.23546795277257,64.11258783301913,Yellow,Fog,1.0,-0.2539017284846503,51.0,24.0,51.25518013719334,9.033204113121112,High
2024-03-04 02:20:00,40.88205430293861,-73.78094753535228,240.0,51.91297355681676,83.29284806635425,Red,Snow,,0.6884048841761741,25.0,26.0,381.1791282534959,17.555010122500207,High
2024-03-04 02:25:00,40.738197762301915,-73.85122013131245,281.0,15.357831379003986,60.35621415275116,Yellow,,0.0,-0.3147603150150357,91.0,10.0,322.0008544166578,20.583500831681555,High
2024-03-04 02:30:00,40.65690922390134,-73.83090541276306,113.0,54.12945697001229,14.222893138929976,Green,Rain,0.0,-0.7596879726004719,64.0,35.0,317.2345614849858,12.338847107448457,Medium
2024-03-04 02:35:00,40.70594440566365,-73.88058877844348,,37.93825771978096,53.29175012199423,Yellow,Fog,0.0,-0.5121339925076787,69.0,35.0,,5.80208883664778,High
2024-03-04 02:40:00,40.70905555651831,-73.86884912802688,169.0,38.77876099977119,52.866482043739175,Red,Rain,0.0,0.897738380741687,72.0,19.0,331.7414899062571,25.542207756964142,Medium
2024-03-04 02:45:00,40.73809171097652,-73.76103752738571,41.0,17.126827575348635,17.416357536406544,Yellow,Clear,0.0,0.6701655920183325,74.0,24.0,310.3133231070571,21.86394593619369,High
2024-03-04 02:50:00,40.75518152999674,-73.90536793243956,256.0,15.662276336773427,58.32012714534462,Green,Clear,1.0,-0.903675741153024,,14.0,487.71658589802905,16.922382507405572,High
2024-03-04 02:55:00,40.69755422147493,-73.93674321136446,68.0,70.01671156037486,90.8532296364894,Red,Rain,0.0,0.0366003171033879,91.0,48.0,142.7675153762262,17.125013683282184,High
2024-03-04 03:00:00,40.76727377711008,-73.93011135571666,45.0,22.61838531062874,48.5786419772924,,Clear,0.0,-0.502244390708539,92.0,45.0,291.06693688852863,10.057632674256205,Medium
2024-03-04 03:05:00,40.62320831017382,-73.94947326369825,114.0,53.35859057368443,20.43249001804131,Red,Fog,0.0,-0.0601779218473101,99.0,43.0,313.35773839533203,13.031281753961384,Medium
2024-03-04 03:10:00,40.76728751489931,-73.7936941199378,61.0,18.0076145037353,67.78335880826886,Red,Snow,0.0,-0.1941421721955387,96.0,33.0,98.09114067354582,29.34227892981429,High
2024-03-04 03:15:00,40.84282833845404,-73.91826449722862,51.0,66.63476151623581,54.70421217085827,Yellow,Rain,0.0,-0.7015349542950657,59.0,24.0,126.9943096710862,12.11107333418158,Medium
2024-03-04 03:20:00,40.864960946898144,-73.72099862524766,127.0,69.32669298829596,19.278629800686893,Green,Clear,0.0,-0.5093836327450079,69.0,3.0,392.86323000256704,10.537247987054789,Medium
2024-03-04 03:25:00,40.60080163482924,-73.74596159062999,277.0,25.07977901214453,25.71295995330732,Yellow,Snow,0.0,-0.0650832694914489,95.0,15.0,361.744638500518,14.855006383863362,High
2024-03-04 03:30:00,40.6396265166598,-73.88231043167602,213.0,60.44220436857772,22.79547605287359,Red,Rain,0.0,0.8634161201842268,75.0,3.0,55.247639553775144,21.81218264687763,High
2024-03-04 03:35:00,40.60989317565243,-73.7733750749244,44.0,70.8561366482736,62.67946314478432,Green,Clear,0.0,0.1160713492587466,53.0,22.0,233.47143238424292,18.95673143761731,Medium
2024-03-04 03:40:00,40.687629286260986,-73.76032682972327,131.0,62.411352485514286,48.67942550897775,Red,Snow,0.0,0.2288489005934362,92.0,20.0,57.78379972117072,9.210010866484234,Medium
2024-03-04 03:45:00,40.85182517721721,-73.82330665766499,284.0,44.28210124059512,39.16051551953103,Green,Clear,1.0,-0.5530342064625662,41.0,43.0,117.37361405956544,19.977873524743075,High
2024-03-04 03:50:00,40.86343056270298,-73.70582185954305,199.0,41.93103197518357,42.37858482264558,Red,Rain,0.0,-0.948726898700006,92.0,34.0,385.8949212719095,6.1149407247112855,Medium
2024-03-04 03:55:00,40.77490923853683,-73.88733602141053,260.0,70.43190301770758,89.65608648528351,Yellow,Rain,0.0,0.5192028256310106,82.0,14.0,420.74316300523975,17.93427384209762,High
2024-03-04 04:00:00,40.641269841350784,-73.83921036295494,294.0,16.947145847969615,90.33782684288326,Red,Rain,0.0,-0.9750576950808808,2.0,35.0,92.7792358262559,6.924337604212726,High
2024-03-04 04:05:00,40.7415234070099,-73.84873224369353,120.0,28.514890944139974,16.15909069516652,Red,Snow,0.0,-0.7314712468069429,46.0,5.0,241.29910141232472,11.659205967963436,Medium
2024-03-04 04:10:00,,-73.95545948959347,102.0,18.00313929496246,62.48744421697007,Yellow,Fog,1.0,-0.0509713317855333,38.0,12.0,290.2215978405948,15.089086072400557,High
2024-03-04 04:15:00,40.84450932184303,-73.84481563518074,290.0,64.60691023689351,54.664332005917856,Yellow,Rain,0.0,0.3799384917597683,41.0,35.0,332.9566797493844,27.08759179509488,High
2024-03-04 04:20:00,40.615110002471646,-73.72011473912796,123.0,23.197484885333633,72.79918200375641,Green,Fog,0.0,0.1932404227708273,57.0,45.0,222.8391413130857,15.60450294807986,Medium
2024-03-04 04:25:00,40.699781476702775,-73.97191172023525,100.0,45.33242496701442,12.317333571672364,Green,Snow,0.0,-0.6188185235337709,67.0,20.0,436.3812161662566,28.05911261157444,Low
2024-03-04 04:30:00,40.82051354967848,-73.87354894559488,265.0,71.81825553111294,95.59445071850874,,Clear,1.0,-0.3962232030441799,3.0,23.0,87.6403695972452,5.8715232522475995,High
2024-03-04 04:35:00,40.66059990225289,-73.89549729336103,205.0,73.42310529086035,57.13922975682101,Yellow,Snow,0.0,-0.95936071187274,44.0,30.0,188.1805138465471,24.787106636577487,High
2024-03-04 04:40:00,40.71617252675357,-73.97925265445872,104.0,11.08747804182605,37.82614620625266,Green,Rain,0.0,-0.393596370584095,47.0,22.0,97.91777333622862,15.396164451319232,High
2024-03-04 04:45:00,40.649652656890645,-73.94996673104687,114.0,75.20015167659571,,Green,Rain,0.0,0.5521437327274314,70.0,46.0,132.0581490658322,7.055566423106459,Medium
2024-03-04 04:50:00,40.69500026720995,-73.87465122773678,17.0,60.922227879286474,68.12258975876199,Green,Fog,0.0,0.0815839743364887,45.0,30.0,201.1763650111271,12.267030232325832,Medium
2024-03-04 04:55:00,40.76391356767796,-73.81022502598015,176.0,23.3135252545999,42.42104541563316,Red,Clear,0.0,-0.062262372908225,38.0,41.0,233.1817642659504,18.000850328108847,Medium
2024-03-04 05:00:00,40.60569240115736,,226.0,29.94663189385171,82.23471836431433,Yellow,Rain,0.0,0.4911813640220863,71.0,36.0,101.26995072341292,7.47741373833017,High
2024-03-04 05:05:00,40.70996845758859,-73.94647153977341,258.0,14.312194026812897,30.58728283553361,Green,Fog,0.0,0.3874358827847399,41.0,3.0,85.3654525321093,14.517379559870834,High
2024-03-04 05:10:00,40.64033186639368,-73.93493825516504,47.0,5.818639109987529,28.68721128746093,Red,Snow,0.0,-0.9991569528968396,32.0,22.0,361.73497284648266,6.298957511007087,High
2024-03-04 05:15:00,40.85536026885151,-73.76226288587877,66.0,28.4984118445206,98.98887561746768,Green,Snow,0.0,0.2307882205549853,34.0,28.0,421.6564250272183,18.759790982700743,High
2024-03-04 05:20:00,40.68760567610356,-73.90254398754892,144.0,43.72364336430776,30.03037711407758,Yellow,Snow,0.0,0.753510101087387,92.0,15.0,205.33714668185223,6.004635289353642,Medium
2024-03-04 05:25:00,40.84512418751232,-73.85296946703298,71.0,6.440426270169187,87.11478921823586,Red,Fog,0.0,-0.3080830826952878,84.0,18.0,57.14922496851709,25.779668367628577,High
2024-03-04 05:30:00,40.744860398757055,-73.78690953997666,145.0,52.16725258141413,82.77775100123594,Yellow,Fog,0.0,0.8213442839618956,15.0,15.0,123.79060492973537,8.368813369691528,High
2024-03-04 05:35:00,40.8102069935755,-73.80138180374603,95.0,63.34550407949572,43.54570428804912,Yellow,Rain,0.0,0.8499925203760612,9.0,,228.24978609202225,15.755534833316451,Low
2024-03-04 05:40:00,40.876886535076245,-73.72172696732379,174.0,53.517880503266454,54.650261756334366,Red,Rain,0.0,0.4028231369908808,31.0,46.0,69.72004271871081,18.45905412734128,Medium
2024-03-04 05:45:00,40.63703354385308,-73.90409990745852,64.0,51.587282285644335,19.323282034002617,Red,Rain,0.0,0.6855075569641791,80.0,7.0,463.064758001637,14.173726796277473,Low
2024-03-04 05:50:00,40.83700184299085,-73.84837667232516,188.0,68.69686438135676,63.606112898313455,Red,Snow,1.0,0.1331404221619287,85.0,14.0,80.21107966729033,17.563828476314107,High
2024-03-04 05:55:00,40.65368578243371,-73.77380834840662,229.0,51.461940123079195,54.62117368748814,Red,Clear,0.0,-0.4521564714155217,83.0,26.0,65.73383657766944,12.790473912397594,High
2024-03-04 06:00:00,40.72192198066125,-73.98731393710894,184.0,57.00522850465575,57.23787202493477,Yellow,Clear,0.0,0.8970610224248432,68.0,30.0,465.4981660967937,9.978147796136389,Medium
2024-03-04 06:05:00,40.776611347486735,-73.86692486540353,187.0,71.6089760173819,89.07349766620916,Yellow,Fog,0.0,0.7421876627730757,24.0,39.0,99.67790561238598,7.67652947744261,High
2024-03-04 06:10:00,40.70378078187798,-73.84662290200642,113.0,31.195870978659386,70.76930507545137,Green,Clear,0.0,0.0162213556014521,50.0,12.0,152.95916819228898,16.350899219741585,Medium
2024-03-04 06:15:00,40.762293898013496,-73.94161851839625,171.0,42.48848371982045,11.23733093674255,Green,Clear,0.0,-0.5718095465381219,46.0,9.0,,21.032104145877778,Medium
2024-03-04 06:20:00,40.70318709884894,-73.93483478635466,119.0,31.550808482672725,98.52347199364812,Green,Snow,1.0,0.293252266308678,40.0,2.0,428.082956053456,14.504574844899,High
2024-03-04 06:25:00,40.74340597698854,,143.0,44.71671375715776,46.85393208614677,Red,Clear,0.0,-0.7777708533633299,40.0,46.0,227.51899826129196,28.266972212994713,Medium
2024-03-04 06:30:00,40.70818682159656,-73.96081151552895,257.0,50.47338550741354,46.24117129798328,Red,Snow,0.0,-0.9945491878010436,47.0,24.0,161.6847671114073,14.306740830484866,High
2024-03-04 06:35:00,40.7271688184826,-73.94018100405835,126.0,70.27345711180337,75.69205809639034,Red,Snow,0.0,-0.3825509316269428,98.0,46.0,439.57308750997834,26.027036935597817,Medium
2024-03-04 06:40:00,,-73.8264724698445,108.0,59.34629353845995,12.775270537600386,Green,Fog,0.0,-0.145779384387199,20.0,31.0,442.7101034909653,28.55420097402373,Medium
2024-03-04 06:45:00,40.779471548133024,-73.92512486117559,137.0,35.580010746904954,25.14084224718608,Yellow,Fog,0.0,0.8405793155418206,84.0,41.0,289.79201010940926,22.63532112332009,Medium
2024-03-04 06:50:00,40.682750310549345,-73.92198509689295,123.0,8.473249038140613,49.6469543693816,Green,Snow,0.0,0.9413058808171156,44.0,49.0,405.1995969265371,14.472521092354484,High
2024-03-04 06:55:00,40.8253568216776,-73.75331784544935,120.0,48.37653971055579,34.80449934205957,Yellow,Rain,1.0,0.8672711635797019,85.0,5.0,222.82847844779732,7.798882040061454,High
2024-03-04 07:00:00,40.83428631289975,-73.90736492029768,80.0,70.24911385988966,49.74033328998544,Green,Clear,1.0,0.4888329985100634,51.0,49.0,80.21970728600724,25.977152622119107,High
2024-03-04 07:05:00,40.646505920598976,-73.77606372219152,46.0,10.134206801936962,12.17434440791493,Yellow,Clear,0.0,0.1998532975496167,36.0,24.0,488.2878480988846,21.802220686245,High
2024-03-04 07:10:00,40.65416011678522,-73.76068504167353,79.0,,26.29013457885115,Yellow,Rain,0.0,0.9471327923956052,71.0,48.0,336.56755534842046,,High
2024-03-04 07:15:00,40.75368226970722,-73.98602828469298,246.0,63.56564197799083,93.39814307836846,Red,Rain,0.0,0.0241288762560651,54.0,2.0,230.82414814713087,24.639764095333177,High
2024-03-04 07:20:00,40.72145238384591,-73.8381398050315,167.0,37.08957485092791,86.74373641265969,Red,Snow,0.0,-0.594527773368257,36.0,49.0,366.82971592922263,25.479619754748775,High
2024-03-04 07:25:00,40.76650902894016,-73.73607490658105,170.0,48.45885802024165,61.23910478657967,Green,Snow,0.0,-0.0600877129967529,42.0,46.0,432.9082750521404,12.92267956051044,Medium
,40.602327718816895,-73.79393848971755,125.0,56.76692100239225,75.38022950110273,Red,,0.0,-0.469801963188371,18.0,3.0,188.78146479248417,18.427450957313457,Medium
2024-03-04 07:35:00,40.64627905706341,-73.92466405704259,105.0,59.052556018398334,98.90756470700003,Red,Fog,0.0,0.3254930905141393,54.0,10.0,310.20797992874725,27.265358826010036,High
2024-03-04 07:40:00,40.770302213023726,-73.79840904700907,172.0,48.725641723881765,52.6638900606185,Yellow,Rain,0.0,-0.4816659236878666,25.0,0.0,475.0637676649555,11.978241797214672,Medium
2024-03-04 07:45:00,40.72389969370208,-73.95200805472702,143.0,,83.03793003165868,Red,Clear,0.0,-0.8739830898366345,5.0,43.0,291.92592102294145,7.105220231915553,High
2024-03-04 07:50:00,40.79883307258004,-73.99471680655213,50.0,66.26418718061463,77.84690404094938,Yellow,Clear,0.0,-0.4372896226538558,89.0,21.0,127.6059037108629,8.24901285737127,Medium
2024-03-04 07:55:00,40.81451743622895,-73.70906569608313,114.0,44.22882000711907,31.35264659880889,Green,Clear,0.0,0.1742702235331763,2.0,31.0,230.3029593178132,10.5368828006769,Medium
2024-03-04 08:00:00,40.81317269251581,-73.70730890322862,96.0,20.41638837734117,91.40682705082848,Red,Snow,1.0,0.8832201787918041,59.0,4.0,232.2951458024844,26.97144866455941,High
2024-03-04 08:05:00,40.68653603738085,-73.80378988711057,102.0,33.97665967184643,14.971437051980718,Red,Fog,0.0,-0.0979687152405877,58.0,21.0,429.88810926834486,13.981456938800992,Medium
2024-03-04 08:10:00,40.64150831447509,-73.71366281298403,252.0,78.23710270713259,76.98186424805293,Yellow,Fog,0.0,0.7457103105145628,23.0,0.0,469.4577432575721,19.720249463064256,High
2024-03-04 08:15:00,40.79588883510405,-73.82159703625162,254.0,25.41895131730843,99.04861048506385,Red,,0.0,-0.8806964500378893,91.0,2.0,295.53049760929343,25.37828724665103,High
2024-03-04 08:20:00,40.82626584895487,-73.81320474440729,267.0,64.24399681930173,66.67979582989325,Green,Fog,0.0,0.3685187699828343,47.0,18.0,290.676847680132,26.962865120231644,High
2024-03-04 08:25:00,40.69542580158584,-73.76042938085074,54.0,67.85761691141983,59.92103576894534,Yellow,Snow,0.0,-0.1872909554850073,49.0,0.0,206.31801810304464,29.25369992040928,Medium
2024-03-04 08:30:00,40.860731698070374,-73.79468390164962,244.0,13.395732187769015,45.17671890125839,,Clear,0.0,0.0741016828007687,82.0,24.0,62.82832662713989,22.99150192675862,High
2024-03-04 08:35:00,40.647671841553546,-73.70545076769193,242.0,14.160613508853368,67.6287730844077,Green,Snow,0.0,0.1357510651201061,4.0,41.0,485.0705825409685,13.422287160903757,High
2024-03-04 08:40:00,40.737186774314424,-73.71495569353317,68.0,36.11851328479316,11.487181659960012,Green,Fog,0.0,-0.1253998203700241,14.0,12.0,337.33733858173025,13.228360051194796,Medium
2024-03-04 08:45:00,40.66596278969117,-73.84111482726479,79.0,12.70014038762372,81.14745196696187,Yellow,Clear,0.0,-0.6587751224486018,22.0,32.0,158.87326455820747,7.241725942910275,High
2024-03-04 08:50:00,40.856982681539954,-73.98338445138545,90.0,19.474090143821225,63.70971924626711,Red,Rain,0.0,0.4072680614353094,51.0,12.0,253.61993467927863,21.693498564670016,High
2024-03-04 08:55:00,40.89076297197471,-73.76901461902592,93.0,67.97997384163617,12.382297550454862,Red,Snow,0.0,0.9117697874660952,16.0,29.0,289.01806399933304,22.91336397776168,Low
2024-03-04 09:00:00,40.85409310215395,-73.74253399000824,204.0,55.81831534496377,59.383820790921945,Yellow,Clear,0.0,0.3324673709350048,46.0,48.0,94.06465827134907,6.374284123332329,High
2024-03-04 09:05:00,40.69544349883422,-73.87926525981791,33.0,11.3835012340512,43.7451041949047,Yellow,Clear,0.0,-0.4516062038821624,98.0,40.0,207.144891943158,5.6937235371143045,High
2024-03-04 09:10:00,40.70090114716645,-73.95988529742348,34.0,60.7013875197676,33.371642463106824,Yellow,Snow,0.0,-0.4292746063547117,69.0,19.0,385.4700256321111,28.29583996402476,Low
2024-03-04 09:15:00,,-73.87431346135943,163.0,8.273695968964027,56.972993320657835,Green,Rain,0.0,0.364357927845216,81.0,36.0,479.0812610821099,23.20150868044105,High
2024-03-04 09:20:00,40.607676622759705,-73.79053774173968,237.0,33.044284900974205,50.32894519397758,Green,Rain,0.0,0.9227405467316612,49.0,40.0,171.44347405873606,7.014828175567665,High
2024-03-04 09:25:00,40.88398383252556,-73.98166230981722,215.0,43.26557439675737,77.55400220460409,Green,Fog,0.0,0.1252249770015874,,39.0,157.3495759460102,29.633725474691705,High
2024-03-04 09:30:00,40.88897664595414,-73.91900505788225,232.0,13.59309750168947,26.338487900696183,Red,Fog,0.0,0.0629006626538017,69.0,41.0,395.4078112057836,23.18243865578952,High
2024-03-04 09:35:00,40.89385468007534,-73.9584993103019,61.0,59.76250538147209,44.810377416448425,Yellow,Snow,0.0,0.3781645034773577,38.0,27.0,441.35032327357936,22.081370021855495,Low
2024-03-04 09:40:00,40.83172176536393,-73.93345440887045,56.0,51.05314651654413,59.4648840903031,Red,Snow,0.0,-0.9082461376504756,,32.0,218.30014998098608,19.68478195920245,Medium
2024-03-04 09:45:00,40.81019616521628,-73.80621086941649,78.0,41.836037119465,28.86575089922235,Red,Fog,0.0,-0.2069004684999391,90.0,46.0,419.9702701078099,9.494370868811862,Low
2024-03-04 09:50:00,40.75973870445902,-73.72779582223144,69.0,21.837681858377444,29.90378781760996,Green,Fog,0.0,-0.1324091318195377,92.0,29.0,138.08692893875755,14.932828835267838,Medium
2024-03-04 09:55:00,40.828649495255185,-73.97347579639317,81.0,69.10484018157499,47.76500286999101,Yellow,Rain,0.0,0.6854648708141937,1.0,0.0,78.45558567283095,21.039050059558395,Low
2024-03-04 10:00:00,40.837130784440646,-73.82366699821621,43.0,54.253833073592375,58.3416555837981,Yellow,Clear,0.0,-0.5497551415761928,16.0,40.0,491.378376336483,6.677100062543713,Medium
2024-03-04 10:05:00,40.70651240436295,-73.99102724866543,13.0,16.607285455310556,74.75195235242205,Green,Clear,0.0,0.7751687409972767,48.0,30.0,230.440577055865,13.916758805935116,High
2024-03-04 10:10:00,40.78357825993218,-73.7089948194216,239.0,10.17346698762487,36.77564412895633,Red,Clear,0.0,-0.8414088649281144,46.0,47.0,169.0750598566159,21.21645532703847,High
2024-03-04 10:15:00,40.86266306934925,-73.74518410414322,50.0,55.65561861599461,77.08586507206341,Yellow,Clear,0.0,-0.2690323897833644,29.0,29.0,61.61512673999336,26.127348235706105,Medium
2024-03-04 10:20:00,40.85511528178412,-73.96490085895141,90.0,61.94725888862998,70.6909415718268,Green,Snow,0.0,-0.8107462612631424,88.0,12.0,352.61863313305844,14.286271588034886,Medium
2024-03-04 10:25:00,40.74689321421302,-73.71284113052917,233.0,12.690819836384025,41.94850494452815,Red,,0.0,-0.3730464741765227,62.0,23.0,330.3295910792879,27.598500388071077,High
2024-03-04 10:30:00,40.72278686187839,-73.961050598601,19.0,18.84885191205476,67.5002271765398,Yellow,Fog,0.0,-0.793138637111102,65.0,16.0,77.6134116625908,11.882042293288576,High
2024-03-04 10:35:00,40.81822321763607,-73.84288380282645,156.0,26.42566695126123,63.87380198670128,Red,Fog,0.0,0.6399483518705091,90.0,27.0,64.17576423895491,9.558770184650612,Medium
2024-03-04 10:40:00,40.835360190832816,-73.81893631878383,219.0,22.778984104511483,88.42127433573803,Green,Clear,0.0,0.2799547014442498,20.0,3.0,149.1304368139772,26.597136216413222,High
2024-03-04 10:45:00,40.63747330263451,-73.89430772143207,149.0,6.070376191526928,90.55210915895348,Yellow,,0.0,0.1852954093512302,93.0,17.0,478.8770660715052,22.653444951558523,High
2024-03-04 10:50:00,40.69952135584293,-73.76928625286898,292.0,38.77921407999387,11.213683435603732,Green,Fog,0.0,-0.0980589357717336,22.0,49.0,154.3928645422643,23.19792457369971,High
2024-03-04 10:55:00,40.7000018426388,-73.90594283743684,293.0,19.391328506013625,64.819989050016,,Rain,0.0,0.9839913731810246,92.0,43.0,199.27177013021364,13.870568447817822,High
2024-03-04 11:00:00,40.768768521189386,-73.99813454174809,131.0,9.792001427866428,31.345052133686984,Yellow,Fog,0.0,0.0466268343520004,40.0,10.0,119.08244134256223,18.078545867540875,High
,40.78438428881971,-73.82988210236464,219.0,51.664101300812,12.656154227503205,Green,Rain,0.0,0.2088050272723856,18.0,9.0,230.26313882393617,18.63888973212624,High
2024-03-04 11:10:00,40.719023649426035,-73.89845073487105,247.0,48.51299823636681,18.85587426926805,Yellow,Rain,0.0,-0.543965676844667,76.0,26.0,420.79268010882225,12.465878539322365,High
2024-03-04 11:15:00,40.78782933418941,-73.97089257274479,288.0,54.64698431758776,83.13715378427233,Yellow,Rain,0.0,0.1632669144684546,46.0,44.0,154.10039271955156,28.14203750451381,High
2024-03-04 11:20:00,40.86250245368328,-73.8033062876893,241.0,57.28427982605785,46.48356070311617,Green,Fog,0.0,-0.8314351810908278,79.0,12.0,200.5044304091217,26.91623958104859,High
2024-03-04 11:25:00,40.683733302865576,-73.82973571398863,274.0,78.36080675353716,75.8402629802691,Yellow,Snow,0.0,0.6701470111330659,,0.0,117.56087684647343,8.011945226161403,High
2024-03-04 11:30:00,40.78936852854029,-73.7759932283823,140.0,45.62267936833465,40.15583785313639,Green,Fog,0.0,-0.1804597851406297,51.0,6.0,466.9685191124878,7.304382109394437,Medium
2024-03-04 11:35:00,40.62719194149263,-73.94980819177735,173.0,66.03516181720809,65.57947616724616,Red,Rain,0.0,-0.642115476395881,35.0,24.0,300.5718918866644,8.96705302319124,Medium
2024-03-04 11:40:00,40.609767757814616,-73.87731186019445,208.0,73.95852544778792,86.44703024215359,Yellow,Fog,0.0,-0.2873651578718086,18.0,47.0,386.4840974486302,29.55205931660896,High
2024-03-04 11:45:00,40.857179236599464,-73.92423319533926,219.0,62.779607080556225,29.13830849081552,Yellow,Snow,0.0,-0.8526521841726231,8.0,43.0,51.68994598209513,12.94461409632547,High
2024-03-04 11:50:00,,-73.89995981581205,221.0,35.41526382601161,64.2667969634638,Red,Rain,1.0,0.7542123781756527,62.0,40.0,274.98734311446333,9.708858821269695,High
2024-03-04 11:55:00,40.63692885307286,-73.72950690232705,,22.236115921932697,78.42584772936267,Green,Rain,0.0,0.275167336639661,41.0,25.0,88.53956323857786,23.54073405604935,High
2024-03-04 12:00:00,40.656870369893056,-73.86269294866415,114.0,6.7324668902682525,75.0321462870558,Yellow,Snow,1.0,-0.0709990305100363,66.0,39.0,310.5487947429128,7.930809844286427,High
2024-03-04 12:05:00,40.76683317520479,-73.98224172979654,208.0,52.16717194875108,84.49972501413825,Green,Rain,0.0,-0.752669565358068,19.0,29.0,434.99216733788126,23.91232365263002,High
2024-03-04 12:10:00,40.77730533266557,-73.96979387307104,142.0,57.50886659467655,67.24147608542745,Red,Fog,0.0,-0.6859487459405511,42.0,18.0,292.1613189636399,27.01026799289065,Medium
2024-03-04 12:15:00,40.62230356776029,-73.71935423241861,166.0,26.56048497681509,33.064274557896326,Green,Rain,1.0,0.30040259781441,20.0,8.0,203.1840554489806,12.527518196298503,High
2024-03-04 12:20:00,40.889328309952674,-73.79958947923105,216.0,64.9336551842209,18.665048891215687,Green,Rain,0.0,-0.3009165329850378,42.0,32.0,228.49011206945937,28.810388907685105,High
2024-03-04 12:25:00,40.678277655958425,-73.95190454271359,25.0,76.97473163901854,49.25659135481691,Red,Snow,0.0,-0.5987614494390687,67.0,,353.9984612513216,11.151183774276271,Low
2024-03-04 12:30:00,40.860655524628605,-73.97103219354156,192.0,55.18744195304957,24.679677181313707,Green,Rain,1.0,0.7552599316483593,7.0,44.0,278.43886055057635,6.9331006211904755,High
2024-03-04 12:35:00,40.70852383593896,-73.76765905398918,20.0,49.86345330939119,63.417342005839906,Green,Snow,0.0,-0.4793332916803581,12.0,35.0,231.68501901549115,11.145742794020812,Medium
2024-03-04 12:40:00,40.87353536968118,-73.81423142019064,162.0,38.65797913170289,75.50962662284923,Yellow,Snow,0.0,,84.0,12.0,177.7607419479051,29.85688125140639,Medium
2024-03-04 12:45:00,40.63233949367139,-73.81052365715794,153.0,8.135290786489158,24.49658915981206,Red,Rain,0.0,-0.9028257548789363,99.0,38.0,313.6530725024208,27.957543711662616,High
2024-03-04 12:50:00,40.66181924189859,-73.81699761761088,138.0,47.25687370354834,73.34924300555033,Green,Fog,0.0,0.8259389339628105,97.0,41.0,238.37093948812353,19.686520690825592,Medium
2024-03-04 12:55:00,40.684248051726,-73.85717566696027,198.0,6.247371750855425,96.32251105237528,Yellow,Snow,1.0,-0.3734278801053368,62.0,10.0,423.2698719384203,23.771396172834613,High
2024-03-04 13:00:00,40.642089073870686,-73.7735636778014,110.0,33.06965900685182,62.445051773572075,Red,Clear,0.0,0.0162662782219953,86.0,44.0,161.03051786984886,19.103613764021667,Medium
2024-03-04 13:05:00,40.652688068628606,-73.95320016218352,190.0,11.75665569197393,58.57914240090738,Red,Rain,0.0,0.4370840825523203,30.0,8.0,451.4263558734404,11.887528258481794,High
2024-03-04 13:10:00,40.77785426220665,-73.983332569621,158.0,69.83155854942663,98.2944350600563,Red,Rain,1.0,0.1254348612762628,22.0,15.0,287.205596425423,24.439111582065543,High
2024-03-04 13:15:00,40.86643871109645,-73.741253276658,237.0,57.61717889157255,31.222241915323515,,Snow,0.0,-0.2450627009494395,61.0,40.0,488.2241462577373,17.283472845176064,High
2024-03-04 13:20:00,40.84800852113896,-73.85993344406542,137.0,37.41618679065028,67.36661125409032,Yellow,Snow,0.0,0.4367172391823148,20.0,37.0,344.99164221247884,20.949138359805588,Medium
2024-03-04 13:25:00,40.88153332506795,-73.73690449481217,277.0,27.6571078006565,21.47897810318059,Yellow,Clear,0.0,0.0302735162895098,35.0,32.0,84.071287436853,21.63937397908603,High
2024-03-04 13:30:00,40.82794502786297,-73.82501165867222,117.0,60.89075048379866,88.0063713931797,Red,Clear,0.0,-0.8797804295442739,25.0,23.0,63.11207748280259,14.49389760789968,High
2024-03-04 13:35:00,40.65482174676106,-73.80626955408043,22.0,14.434858155304129,80.24990753381208,Green,Snow,0.0,0.2176297570025276,89.0,38.0,87.44409961608088,20.60985085783414,High
2024-03-04 13:40:00,40.669986871795906,-73.89356847840281,81.0,62.62010348693805,22.930292106447254,Yellow,Snow,0.0,-0.8439654165959025,66.0,2.0,324.1015782544369,11.946420087116008,Low
2024-03-04 13:45:00,40.79640114358772,-73.98282502419143,175.0,15.191312482888748,96.61099299139934,Red,Snow,0.0,-0.3987335303604737,86.0,12.0,111.59742848835955,29.779556137487763,High
2024-03-04 13:50:00,40.843593131669785,-73.72450665747628,208.0,12.929575192311592,65.73465122832883,Red,Snow,0.0,0.9510059442995348,12.0,37.0,493.36698810150375,16.695464447535898,High
2024-03-04 13:55:00,40.85119547544271,-73.78962776127017,28.0,36.10529941897636,56.418123512841674,Green,Rain,0.0,-0.6962637452143043,70.0,21.0,328.04002794420137,7.298268619227087,Medium
2024-03-04 14:00:00,40.75236212281582,-73.87764569164591,286.0,49.23727185417759,23.661663374921623,Red,Clear,0.0,0.1178082755926113,29.0,24.0,146.2399462405478,18.239460837003875,High
2024-03-04 14:05:00,40.62243729981521,-73.94629643724919,295.0,5.289099836755774,21.980929707158023,Green,Clear,0.0,-0.0692675250513632,58.0,2.0,299.9567038420688,5.452861415164333,High
2024-03-04 14:10:00,40.63514382612906,-73.98793868760097,205.0,74.05202782468473,72.64337922199543,Red,Snow,0.0,0.6794636879659337,89.0,12.0,69.75275021236648,10.348858453923755,High
2024-03-04 14:15:00,40.74472055997457,-73.80006150967776,132.0,19.329729350223303,62.1132443785525,Yellow,Clear,0.0,-0.1238267140084892,54.0,17.0,111.9516857166212,21.320454986977293,High
2024-03-04 14:20:00,40.65275456534033,-73.82929892178863,138.0,9.526045065201105,91.56983730367229,Red,Snow,0.0,0.0629741470334157,32.0,43.0,353.06105898381213,19.062634462787095,High
2024-03-04 14:25:00,40.82494397538609,-73.99091127551603,166.0,17.63395410643981,10.148537322613365,Red,Snow,1.0,0.8004331337537345,82.0,23.0,,11.122107334948517,High
2024-03-04 14:30:00,40.85735343463695,-73.99680171911973,75.0,70.59579958974084,77.02403243458555,Yellow,Snow,0.0,0.0769771570281019,90.0,8.0,450.53908160759016,8.456228887538328,Medium
2024-03-04 14:35:00,40.882164174180105,-73.80832281184422,206.0,57.302987348363544,11.1794958676499,Yellow,Fog,0.0,0.9896414807699024,37.0,22.0,222.88867199954228,6.395687359657188,High
2024-03-04 14:40:00,40.68334601826921,-73.96388497342768,211.0,58.4161437294909,39.75896041561347,Red,Fog,0.0,-0.3716882596499009,41.0,42.0,,7.906747095987108,High
2024-03-04 14:45:00,40.81033282085332,-73.91115241274595,251.0,34.64557486644317,68.60835476400834,Green,Clear,0.0,-0.9122687971422916,88.0,11.0,458.09205421609,17.49039039031616,High
2024-03-04 14:50:00,40.87163498351425,-73.8498272597284,156.0,13.556223235203436,22.348667687388065,Green,Clear,0.0,-0.8459587139260967,26.0,26.0,118.78988800747152,14.75850623963749,High
2024-03-04 14:55:00,40.7068072111631,-73.96515914778641,190.0,34.51030421385211,12.04357588755235,Red,Clear,0.0,0.478026671730168,1.0,41.0,330.75059859606824,6.20009345466674,Medium
2024-03-04 15:00:00,40.6445949853479,-73.70937090978903,53.0,44.66821310307207,82.52713612871354,Green,Rain,0.0,-0.5098284685135945,54.0,13.0,226.9716001868451,8.626861341127746,High
2024-03-04 15:05:00,40.82621750337161,-73.7271587072007,40.0,11.269452112460556,59.27924136380179,Yellow,Fog,0.0,0.2842135423372247,14.0,25.0,358.98375529138093,27.97601483600183,High
2024-03-04 15:10:00,40.69514155146055,-73.8330314666503,58.0,35.90513881647719,58.98013934468961,Red,Clear,0.0,0.6656936036682262,20.0,33.0,300.33025381171933,13.33705759729554,Medium
2024-03-04 15:15:00,40.70578881664243,-73.8311210498724,14.0,50.61880218620644,84.74325295037876,Green,Snow,0.0,-0.6572500830433738,22.0,17.0,169.67928631032987,22.304468559435172,High
2024-03-04 15:20:00,40.82602228449942,-73.75262799839099,,14.107770456812007,69.9359405721782,Red,Rain,0.0,-0.5058102371634186,13.0,48.0,443.2211259367912,5.315373931921914,High
2024-03-04 15:25:00,40.710914137549565,-73.78411311046834,262.0,5.497192577040514,12.795548449496044,Red,Rain,0.0,-0.973510469918097,15.0,20.0,241.8066465433185,14.212362918007312,High
2024-03-04 15:30:00,40.79919981317444,-73.74033857504199,119.0,76.4972582280213,53.636585797803264,Green,Rain,1.0,0.1570692740274903,96.0,42.0,368.918415716069,7.348278234337184,High
2024-03-04 15:35:00,40.701120439352174,-73.85081352783119,102.0,49.45816041298197,95.49427514988405,Red,Rain,0.0,-0.4417107622144498,40.0,29.0,293.95174432672536,11.758900200909853,High
2024-03-04 15:40:00,40.60372277745481,-73.84655397008878,147.0,50.087488423053976,31.227944659221,Yellow,Snow,0.0,-0.9973668635961448,3.0,22.0,251.44821809891857,18.20007128175705,Medium
2024-03-04 15:45:00,40.88074405253115,-73.71413866664895,12.0,75.0742508721203,13.314960439202128,Red,Fog,0.0,-0.2065017335917589,82.0,49.0,262.5400820398005,29.37609699265867,Low
2024-03-04 15:50:00,40.66274768942069,-73.82966919001242,114.0,11.564799096391535,28.498986393659113,Green,Clear,0.0,-0.4445863508924275,99.0,36.0,141.0168368428241,9.344101309970725,High
2024-03-04 15:55:00,40.66121392085749,-73.91524400765067,118.0,43.77028734827127,12.747754273415318,Red,Snow,0.0,0.7822597269342066,74.0,48.0,78.84222952079881,9.514419394111345,Medium
2024-03-04 16:00:00,40.84369658192383,-73.82457094906388,122.0,46.971970238540344,15.377400094418569,,Rain,0.0,0.8940899201147783,67.0,25.0,350.6538130923573,20.789929511746195,Medium
2024-03-04 16:05:00,40.85128314781559,-73.92902745408972,158.0,14.691788812821168,,Red,Rain,0.0,0.5898509068678692,9.0,28.0,196.4041265314303,14.24930961654974,High
2024-03-04 16:10:00,40.89091965687251,-73.9449556839491,207.0,63.92867623905378,18.507478340970568,Red,Rain,0.0,0.4499960667927642,1.0,28.0,119.09365688648153,12.687700348279767,High
2024-03-04 16:15:00,40.67047508094416,-73.76612043391361,21.0,68.3694301800955,49.21219004448,Yellow,Fog,0.0,-0.2887238983404947,40.0,29.0,363.6214110987251,6.621264602651595,Low
2024-03-04 16:20:00,40.63748848235746,-73.7593193875753,131.0,40.119765277528245,60.06507589168009,Green,Clear,0.0,0.0819168407023971,66.0,42.0,154.4720942384921,14.866407320309603,Medium
2024-03-04 16:25:00,40.854638802939576,-73.9830379368243,74.0,61.15275368410145,45.6797749870256,Red,Fog,0.0,-0.6517086618002594,4.0,27.0,427.59034162695986,11.89865368041875,Low
2024-03-04 16:30:00,40.79566556727359,-73.92412496408903,242.0,39.2560185036128,54.21405951743708,Yellow,Snow,0.0,0.7584165628409292,92.0,34.0,412.99864118921386,27.782833528556864,High
2024-03-04 16:35:00,40.71939279293553,-73.97310174960246,159.0,76.79590533506031,72.7347466253843,Red,Snow,0.0,-0.8753859217874367,22.0,6.0,53.35247080602864,8.87930425476485,Medium
2024-03-04 16:40:00,40.818846761047986,-73.94297400546148,246.0,70.31863529982118,20.84176595300542,Red,Clear,0.0,0.0516977697290335,27.0,33.0,293.9120981798982,11.623895974096463,High
2024-03-04 16:45:00,40.89372053740199,-73.83835664926171,259.0,36.65911991927651,21.490778386131577,Red,Rain,0.0,-0.6167827541635833,12.0,19.0,52.811877239257264,29.39931865743015,High
2024-03-04 16:50:00,40.75956567498493,-73.84256037978079,61.0,16.384059620612042,86.19364550157641,Red,Rain,0.0,0.9326317443903556,61.0,12.0,233.956013530854,18.599331697728697,High
2024-03-04 16:55:00,40.62250185561343,-73.7951682469407,119.0,61.46329062525598,24.64409931379704,Green,Rain,0.0,-0.6605784023573229,49.0,30.0,277.0329446669507,25.92359848277022,Medium
2024-03-04 17:00:00,40.8054457703642,-73.70087002728076,42.0,34.75373000310146,96.823029947854,Red,Snow,0.0,-0.3215893023984491,35.0,6.0,138.4620060722537,21.092860447383572,High
2024-03-04 17:05:00,40.60162991543576,-73.76386969815056,108.0,24.20024232857809,,Red,Fog,0.0,-0.1892139527946039,40.0,24.0,436.1774993796554,16.284790050218334,Medium
2024-03-04 17:10:00,40.78850219650196,-73.72797414324356,190.0,23.64468985229243,43.57529216240707,Green,Rain,0.0,0.020841304345327,46.0,27.0,276.7782122129598,17.29514151212389,Medium
2024-03-04 17:15:00,40.60765736905612,-73.84292976843938,189.0,57.95185679606976,74.84442993972618,Red,Rain,0.0,0.082110929231147,30.0,13.0,487.2116859313507,26.547225986489497,Medium
2024-03-04 17:20:00,40.77962682510163,-73.72204448431859,244.0,19.540427403417247,53.04083186745367,Yellow,Snow,0.0,-0.3266000559560977,78.0,28.0,104.3414955017088,12.990883826643849,High
2024-03-04 17:25:00,40.81006383205438,-73.70564527458895,32.0,70.44580928654983,18.68874785874321,Green,Snow,1.0,0.028827965812527,61.0,5.0,317.96286678760123,25.814140078469283,High
2024-03-04 17:30:00,40.62917369829495,-73.88169030852744,24.0,26.860279349098537,42.87834468357694,Red,Snow,0.0,0.9173139936641246,79.0,36.0,266.7253501342452,15.31347031689849,Medium
2024-03-04 17:35:00,40.70946334191186,-73.83912482053255,289.0,69.12632480071711,65.96802760373846,Yellow,Snow,0.0,-0.2385339966453226,24.0,40.0,325.56594565746997,29.34213011375709,High
2024-03-04 17:40:00,40.79926832585717,-73.73100362924707,152.0,57.64358456379009,70.5498698666261,Green,Fog,0.0,0.4187313296232453,52.0,35.0,374.3642232073255,5.898790741112979,Medium
2024-03-04 17:45:00,40.78819929363072,-73.76769654088007,,70.5171634215911,45.96986013128859,Red,Clear,0.0,-0.4443340356954941,71.0,45.0,220.24323853907492,24.785382564997107,Medium
2024-03-04 17:50:00,40.87511886321109,-73.98502996282123,152.0,39.191952904660006,90.4861871029735,Green,Fog,0.0,-0.7844037595530353,10.0,10.0,126.73378724922496,15.723598076192031,High
2024-03-04 17:55:00,40.78273109526229,-73.90095717402514,27.0,75.46029390572853,60.91699074360294,Red,Fog,0.0,0.1085510907761182,75.0,13.0,360.29797156982073,21.661576307031115,Medium
2024-03-04 18:00:00,40.77659110718061,-73.72410815367877,203.0,45.70404051271704,21.67733059294268,Yellow,Fog,0.0,-0.965271782953522,65.0,39.0,317.4068533301418,27.95254904085577,High
2024-03-04 18:05:00,40.84721009102459,-73.72868311266997,102.0,74.78613593590224,28.8925691790203,Red,Snow,0.0,-0.1831580737899398,9.0,25.0,215.43326141539293,5.532631479980192,Medium
2024-03-04 18:10:00,40.606893307845425,-73.81382808654256,134.0,55.16161188414009,60.33265301911299,Red,Fog,0.0,0.9580155149796294,65.0,24.0,136.66362150766287,18.1006767189754,Medium
2024-03-04 18:15:00,40.79835944422415,-73.73308814098009,68.0,40.83610622982839,77.79621151708734,Green,Clear,0.0,-0.8844663239335704,79.0,29.0,202.40915911276713,27.638923679265982,Medium
2024-03-04 18:20:00,40.79310540358331,-73.84590539200815,234.0,41.41097339677951,77.61509922102523,Green,Clear,0.0,0.4812398255741201,42.0,40.0,314.36578387447184,20.31925298786878,High
2024-03-04 18:25:00,40.78649709518664,-73.8856828022027,165.0,17.962877288927906,63.45427264315684,Red,Snow,0.0,0.677958247737636,43.0,29.0,325.3681301038195,24.372695957640634,High
2024-03-04 18:30:00,40.63866518292633,-73.98392502023644,142.0,43.82635688590384,71.62867433904452,Yellow,Clear,0.0,0.7244125889858888,64.0,6.0,404.9991289356281,8.990396028191348,Medium
2024-03-04 18:35:00,40.64852325298135,,21.0,5.063578246863963,52.781220294420585,Yellow,Rain,0.0,-0.8237109833813052,43.0,6.0,453.2942281557642,5.7315141809708825,High
2024-03-04 18:40:00,40.72181992450308,-73.71313510007978,53.0,40.45791926451858,59.80029716278756,Yellow,Snow,1.0,0.6845570828176106,55.0,24.0,152.80198786349152,20.066546481676024,High
2024-03-04 18:45:00,40.76656883414028,-73.93113077260409,22.0,6.8866327021544915,60.108063543272856,,Clear,1.0,-0.5977887738895362,87.0,48.0,311.87215609956905,7.645512527903487,High
2024-03-04 18:50:00,40.61935321105854,-73.85199593582826,67.0,25.446781984319028,11.119188732074676,Green,Clear,0.0,0.2094913650847443,75.0,28.0,171.65113465248336,17.0337276303067,Medium
2024-03-04 18:55:00,40.75180914029666,-73.81556106304535,34.0,20.671469421868025,74.658571859215,Green,Snow,0.0,-0.92995154538922,79.0,12.0,322.9849815332168,12.913913894315613,Medium
2024-03-04 19:00:00,40.81932202193491,-73.72341184333118,271.0,15.248899196873184,81.02468279914095,Green,Fog,0.0,0.4796237089409991,80.0,28.0,426.19760174684166,8.108459050157597,High
2024-03-04 19:05:00,40.84557805293969,-73.78985607753106,146.0,56.43884683912354,16.229585877059726,Yellow,Clear,0.0,0.592347724462531,62.0,43.0,488.5948016274839,9.89435468743705,Medium
2024-03-04 19:10:00,40.68137257346561,-73.71028561500886,145.0,27.26029351620505,34.75892193197535,Green,Rain,0.0,-0.0597135009998219,89.0,35.0,448.85558263161255,13.214685395631276,Medium
2024-03-04 19:15:00,40.63206949574615,-73.89164015877141,57.0,22.8471084763873,81.9652092554664,Green,Rain,0.0,0.1536977735391689,89.0,4.0,290.0025233466786,16.881772680982216,High
2024-03-04 19:20:00,40.82463596414458,-73.75635524087697,140.0,38.185633022479024,93.4301117222046,Green,Fog,0.0,0.9287722825970192,97.0,32.0,171.83350900539122,15.688198317494528,High
2024-03-04 19:25:00,40.840873731779816,-73.85430753924533,187.0,63.15864368582557,56.36477266346088,Green,Rain,0.0,-0.5823259384340125,68.0,27.0,185.91011351608083,26.270427127998182,Medium
2024-03-04 19:30:00,40.77679164177494,-73.91013355512182,249.0,74.8748930853192,58.5010581163816,Red,Rain,0.0,0.0854821352632602,70.0,9.0,499.9226630053219,22.741442398553993,High
2024-03-04 19:35:00,40.66197554017523,-73.81274839314227,104.0,11.157232097065336,43.59542983387619,Yellow,Fog,0.0,-0.205750507585674,85.0,41.0,311.49826053343105,14.024417830440427,High
2024-03-04 19:40:00,40.80329893902179,-73.8028772885441,256.0,21.79119911703281,12.159168422293178,Green,Snow,1.0,-0.4051115975997044,5.0,29.0,50.13685533232076,8.507533741855209,High
2024-03-04 19:45:00,40.71333223428241,-73.8472173762531,207.0,39.85502261864386,68.4281265097885,Yellow,Snow,0.0,0.0468892865125984,93.0,16.0,242.56689193891577,13.479342321862235,High
2024-03-04 19:50:00,40.6104162555427,-73.87434586534303,283.0,22.254360823332064,42.01213177183801,Green,Rain,0.0,0.159026346092804,14.0,19.0,490.901353023682,21.519653117685124,High
2024-03-04 19:55:00,40.63523356638584,-73.76514673589764,39.0,43.43529915448416,79.70911643501972,Yellow,Rain,0.0,-0.2907290029791414,26.0,17.0,418.8214696479454,16.64242770721476,Medium
2024-03-04 20:00:00,40.88664677404254,-73.87220946681346,265.0,11.422487032761468,51.15272120414066,Red,Clear,0.0,-0.4312990575913675,71.0,3.0,489.0333505838626,16.799518688586105,High
2024-03-04 20:05:00,40.89464386368457,-73.76232206638345,73.0,62.109064811282614,71.16908882127974,Red,Rain,0.0,-0.1733777289236178,32.0,33.0,367.8648569802343,6.936002271644546,Medium
2024-03-04 20:10:00,40.77950174988919,-73.76263799242933,41.0,75.71682602690981,59.888892170813065,Red,Rain,0.0,0.5436802623571493,2.0,43.0,289.43282768056395,28.56914912810828,Medium
2024-03-04 20:15:00,40.68269359877324,-73.8301745907258,258.0,20.853414052924343,14.0741159963838,Green,Fog,0.0,-0.5680185654609016,52.0,27.0,189.20811113209768,,High
2024-03-04 20:20:00,40.87687007843546,-73.80264664583386,289.0,52.2251990246464,58.48788388377048,Red,Clear,0.0,0.7100786954325755,50.0,41.0,182.2180954409302,11.970057199237615,High
2024-03-04 20:25:00,40.636502607110366,-73.95363860632011,272.0,26.368234338264276,35.4519584495504,Green,Fog,0.0,0.4353280435463786,60.0,18.0,130.072349494528,15.270224126946548,High
2024-03-04 20:30:00,40.86194167257312,-73.70353129658317,50.0,55.60039526512011,54.5838987044061,Yellow,Clear,0.0,-0.5584897146410774,58.0,28.0,134.2642186637154,18.623692767354257,Medium
2024-03-04 20:35:00,40.67209244777577,-73.70581527954327,33.0,19.298277464835667,60.440280413880195,Yellow,Rain,0.0,0.8656810451082184,23.0,19.0,73.01255552214431,29.4756414835664,High
2024-03-04 20:40:00,40.60917032047527,-73.86120613689708,135.0,70.74453471398935,20.235925719650112,Green,Rain,0.0,0.4998004625712671,41.0,44.0,311.72279456891084,12.076685213065076,Medium
2024-03-04 20:45:00,40.827226850051126,-73.8447072506289,25.0,50.51262680054341,82.36364443350165,Yellow,Clear,0.0,0.696046719512069,58.0,26.0,208.40404929413953,13.483489473118674,High
,40.65180951343775,-73.84093408572494,123.0,39.36836258291643,10.909161116481386,Green,Fog,0.0,0.2797017919606557,79.0,5.0,169.20888564179222,26.159581475732654,Medium
2024-03-04 20:55:00,40.887848260705226,-73.92676770231384,282.0,60.37163727020886,44.570374874175705,Yellow,Snow,1.0,-0.6435891083342415,80.0,49.0,234.18045510975335,6.023436518525206,High
2024-03-04 21:00:00,40.69303074295781,-73.8435838093212,239.0,12.361668039236916,95.79951223002756,Red,Fog,0.0,0.4940191606479089,96.0,28.0,208.26005884294693,17.057054705886006,High
2024-03-04 21:05:00,40.72392661663477,-73.99562422737267,123.0,17.496078639479975,81.63075582747156,Yellow,Clear,0.0,0.6483898694023809,48.0,18.0,164.66891712174868,19.14881937927325,High
2024-03-04 21:10:00,40.71694142043171,-73.7317125954629,13.0,52.091049361841286,78.39310567396431,Yellow,Snow,0.0,,92.0,46.0,215.71940639164535,28.214129960357173,Medium
2024-03-04 21:15:00,40.838872686020466,-73.92449177767513,196.0,33.61982296189417,90.26983778078416,Red,Clear,0.0,-0.2969861316756608,14.0,5.0,54.61294563224929,20.684684962030214,High
2024-03-04 21:20:00,40.65211265267165,-73.8567629527003,211.0,17.606825147813645,95.97642234065653,Red,Fog,0.0,0.6808050108064401,80.0,5.0,360.9332992932809,25.51063627633801,High
2024-03-04 21:25:00,40.88836105277352,-73.75140837315945,28.0,40.95602379750994,41.45082201272061,Green,Fog,0.0,0.4707739481436221,55.0,24.0,477.0905796015133,20.51958793874814,Low
2024-03-04 21:30:00,40.73037656858976,-73.77175933437624,242.0,69.55565328847466,26.73956606087561,Red,Fog,0.0,0.7129204925864727,48.0,45.0,186.98996276691884,9.441740194122698,High
2024-03-04 21:35:00,40.84822290229306,-73.91176497601121,96.0,46.095680864911465,68.06932134920265,Red,Rain,0.0,0.9008676154511668,39.0,39.0,102.27958924515424,,Medium
2024-03-04 21:40:00,40.6102748893008,-73.79997907051086,202.0,19.373712607730184,34.99875117332401,Green,Clear,0.0,0.709538316705693,83.0,4.0,131.6093808191934,13.265836013229432,High
2024-03-04 21:45:00,40.75549180191737,-73.87532919250353,183.0,13.637299081457645,24.440039727384463,Red,Rain,0.0,0.3295418307516147,63.0,3.0,461.01899195464074,22.72219773309694,High
2024-03-04 21:50:00,40.611249042062674,-73.75298738646327,282.0,45.86982157253062,99.30680417757696,Green,Rain,0.0,-0.822007876674892,93.0,37.0,464.1809945611751,15.65990775283134,High
2024-03-04 21:55:00,40.6451489563208,-73.75501410223514,108.0,44.6614739720881,72.75545766512388,Red,Rain,0.0,0.5508916757189499,73.0,10.0,402.9718903148848,6.295075788005478,Medium
2024-03-04 22:00:00,40.76975447361955,-73.91430185098456,249.0,19.139369761186412,57.13926814026948,Red,Fog,0.0,-0.9856790290459878,19.0,7.0,230.3241447605153,22.4072173128337,High
2024-03-04 22:05:00,40.770954763313824,-73.89076531571725,244.0,60.216394730784835,88.95841640298337,Yellow,Fog,0.0,0.2965547246641189,40.0,13.0,358.19777469375754,25.798286394752218,High
2024-03-04 22:10:00,40.788005953473466,-73.93757804918441,265.0,58.30301018193153,63.31338509248575,Red,Snow,0.0,0.5807866017318717,2.0,47.0,296.53291128233536,8.811489327101208,High
2024-03-04 22:15:00,40.792367139468894,-73.81354647868972,159.0,45.56966611511552,96.4936878895342,Red,Clear,0.0,0.8776443502242186,40.0,22.0,314.8864002988758,19.933263906237904,High
2024-03-04 22:20:00,40.86175238473402,-73.89328585869268,230.0,38.28140477318341,93.88642273887896,Green,Snow,0.0,0.779513702421418,78.0,35.0,437.20301443917106,14.827140837572127,High
2024-03-04 22:25:00,40.73348874018689,-73.77230627964693,167.0,59.03629126700874,97.94822631318576,Yellow,Clear,0.0,0.3338177885744773,45.0,17.0,471.7627739392133,28.885652443396044,High
2024-03-04 22:30:00,40.63624321697112,-73.76031525520611,253.0,51.60033643643789,88.3887854323482,Green,Rain,0.0,-0.5315338137368562,25.0,3.0,121.56312685627252,22.09645231494752,High
2024-03-04 22:35:00,40.868434718894925,-73.95142736521159,99.0,17.06713705761733,92.18100741581978,Red,Clear,0.0,0.4442534351049048,68.0,7.0,362.0495026549855,19.280619907229216,High
2024-03-04 22:40:00,40.86328244261038,,94.0,44.968336807819185,73.93087514155786,Green,Fog,0.0,0.6350933362070279,32.0,30.0,181.8784719209239,26.374011014172893,Medium
2024-03-04 22:45:00,40.85048798186536,-73.74342125669214,101.0,58.21453715840011,74.05708198581668,Green,Clear,0.0,-0.5865522040061144,46.0,48.0,297.79040271093527,16.54798981617182,Medium
2024-03-04 22:50:00,40.61694028283837,-73.99623756751349,10.0,56.70396782462266,14.510168016523894,Yellow,Rain,0.0,-0.6932646638215167,43.0,3.0,222.4330405390677,8.30225316990134,Low
2024-03-04 22:55:00,40.65825492438487,-73.82703603743543,144.0,68.1135140858419,97.55810704870892,Red,Rain,0.0,0.4036735700996379,3.0,9.0,231.13307883165788,10.690706098186768,High
2024-03-04 23:00:00,40.80738055131434,-73.9623843192527,82.0,35.62701726923051,85.27808647915431,Yellow,Clear,1.0,0.1337469962702768,9.0,35.0,461.7440148047753,9.544834685180197,High
2024-03-04 23:05:00,40.609600934581096,-73.77194214500652,68.0,64.47880591910894,79.94979162192541,Red,Fog,0.0,-0.9359139929568928,49.0,21.0,65.30271812969599,9.962242669229289,Medium
2024-03-04 23:10:00,40.899710717821954,-73.85446541932781,267.0,36.70871708222032,88.61994534315606,Yellow,Fog,0.0,0.0082312236000952,98.0,15.0,199.9275372597834,23.923954596859907,High
2024-03-04 23:15:00,40.88689684376616,-73.77441005563053,187.0,36.26648438095994,76.33368539472633,Yellow,Fog,0.0,0.0667182522231626,93.0,33.0,154.95360997356033,19.969951433496377,Medium
2024-03-04 23:20:00,40.644279762768,-73.88425181531035,91.0,5.308951206392372,90.62114278812126,Green,Fog,0.0,,34.0,40.0,487.1233118153256,22.9581971703137,High
2024-03-04 23:25:00,40.756525747119404,-73.98797496260677,283.0,21.756678532281505,47.994095074833645,Green,Snow,0.0,0.3096554783917471,49.0,16.0,456.54686600804354,15.054715165348211,High
2024-03-04 23:30:00,40.86287208603635,-73.7429736745667,42.0,35.40018000210494,19.27307360795311,Yellow,Rain,0.0,0.2546212296791228,51.0,44.0,340.48495775368986,29.860019536643236,Medium
2024-03-04 23:35:00,40.8291983952506,-73.97908419762156,252.0,74.91504283692413,51.82017195350337,Green,Fog,0.0,-0.3750570060992111,74.0,0.0,56.83405920786367,18.371598847418767,High
2024-03-04 23:40:00,40.874003716850794,-73.75020215072949,45.0,68.89638842261836,53.996565990122214,Red,Rain,0.0,0.2669930506357998,14.0,41.0,82.68316336329528,19.80189304122572,Medium
2024-03-04 23:45:00,40.65441790897843,-73.99561372346851,51.0,15.264057815577637,26.301830785503817,Yellow,Clear,0.0,0.8857341028256354,62.0,2.0,102.68464254412736,11.386561777885897,High
2024-03-04 23:50:00,40.631328205293045,-73.76020649144203,119.0,50.505556336860465,81.39681211993262,Red,Rain,0.0,-0.7033694044527494,2.0,13.0,351.369728341852,20.18337031159146,High
2024-03-04 23:55:00,40.842075346374926,-73.91307548207604,212.0,53.156262571895745,96.12165759957306,Red,Snow,0.0,-0.3746437419990851,37.0,0.0,427.14070532858193,10.981512287125964,High
2024-03-05 00:00:00,40.71078634480485,-73.77791674734915,255.0,23.129733600382487,33.08811082998948,Yellow,Snow,0.0,-0.2800205850842632,48.0,22.0,196.37717996596743,17.066973456926927,High
2024-03-05 00:05:00,40.71068646212501,-73.72582804135598,10.0,50.23440741515478,10.213371028144277,Green,,0.0,-0.5229484286347883,42.0,10.0,258.87545484032734,21.31960793578292,Low
2024-03-05 00:10:00,40.73701008358658,-73.88162905323156,50.0,46.57433531872252,58.97518247439491,Red,Snow,0.0,-0.0323369091341545,23.0,32.0,451.49903118814547,28.845501875132705,Medium
2024-03-05 00:15:00,40.806207631770434,-73.93054682479472,119.0,48.15500349850552,97.2987700860297,Yellow,Rain,0.0,-0.4751735336522229,75.0,6.0,452.52878384629935,23.001385435873356,High
2024-03-05 00:20:00,40.62015715503368,-73.74576154917735,162.0,77.4228388661523,28.596458962242274,Red,Fog,0.0,-0.3047168765538341,66.0,48.0,263.0295963173527,24.790265058223113,Medium
2024-03-05 00:25:00,40.682830219205144,-73.9572091164566,104.0,19.316403027432862,65.59111502001713,,Clear,0.0,0.0804482109831941,43.0,0.0,53.12016657270793,27.226352802957635,High
2024-03-05 00:30:00,40.71666388260982,-73.98767237552663,28.0,9.123860999304776,47.462655880416726,Yellow,Fog,1.0,0.2449286636710761,86.0,41.0,304.6585152032704,11.15773865516572,High
2024-03-05 00:35:00,40.705183903828,-73.84307180886174,148.0,33.35516490781943,54.564839586062305,Yellow,Rain,0.0,-0.0160109230492109,22.0,14.0,306.72804757904987,14.32614668919897,Medium
2024-03-05 00:40:00,40.882973047151665,-73.94610346280244,172.0,34.514284281341084,51.02910092391171,Red,Rain,1.0,-0.2176504596541437,99.0,1.0,130.2738549373786,24.563489018239583,High
2024-03-05 00:45:00,40.72627974864519,-73.76531982370821,259.0,28.169297086084672,11.824812489532611,Yellow,Rain,0.0,0.9450045483881327,52.0,40.0,125.98827644660244,12.114944835999012,High
2024-03-05 00:50:00,40.65301752362903,-73.80270586137054,279.0,41.970126225976,85.49587266180593,Green,Snow,0.0,-0.1737525257651748,24.0,11.0,81.05253749015696,15.8302800303197,High
2024-03-05 00:55:00,40.68629101387483,-73.99557618240253,75.0,31.5162472832032,81.31115938999149,Yellow,Snow,1.0,-0.2373969997620317,47.0,24.0,374.1415423603662,5.701583837669645,High
2024-03-05 01:00:00,40.720593803695294,-73.7466927706511,163.0,69.142745354098,91.00094500686106,Green,Snow,0.0,0.6543050675328532,8.0,29.0,75.36920523063867,13.066426744787384,High
2024-03-05 01:05:00,40.733145248637214,-73.70812328974084,120.0,62.416528022476335,91.45545207416878,Yellow,Snow,1.0,-0.3211411028260718,95.0,16.0,240.13686851500577,21.98176817710365,High
2024-03-05 01:10:00,40.836641396957006,-73.9098911785105,295.0,73.2481039584444,17.353916510088574,Yellow,Fog,0.0,0.4462661993334911,76.0,16.0,154.57795149592084,17.513218306957025,High
2024-03-05 01:15:00,40.75600395061693,-73.91213656786574,64.0,70.19946630724147,63.36657529656659,Red,Snow,0.0,-0.5323309217935965,70.0,32.0,251.6014489361935,28.67365958728338,Medium
2024-03-05 01:20:00,40.88707296250567,-73.90902752664925,28.0,59.79172629899409,27.75128019178445,Red,Rain,0.0,0.575248844802029,19.0,12.0,180.4849003006873,5.814325466614937,Low
2024-03-05 01:25:00,40.81286740731948,-73.85546931700364,240.0,71.72037176311647,51.827313493013605,Red,Rain,1.0,-0.1041714192942735,62.0,14.0,415.9720848736581,26.760750365021885,High
2024-03-05 01:30:00,40.75936567241292,-73.85476668192628,183.0,53.65963784176086,58.200122709923754,Green,Rain,0.0,0.8103520115615219,54.0,43.0,160.79046280426763,7.839597643081035,Medium
2024-03-05 01:35:00,40.63148371188834,-73.71118301671277,68.0,15.2005733391281,57.96413681457639,Yellow,Fog,0.0,-0.9403978733483048,89.0,23.0,414.7084590554016,18.045501650855797,High
2024-03-05 01:40:00,40.63975645639703,-73.80902976698259,274.0,58.66834973597319,88.8955147713362,Red,Snow,0.0,-0.661385620126159,1.0,38.0,303.48322970774063,14.684620093571686,High
2024-03-05 01:45:00,40.63361844106371,-73.84642110414102,71.0,40.62526990408804,10.100182586570538,Yellow,Clear,0.0,-0.4817737319466872,99.0,34.0,310.2146969256437,5.479532229198595,Low
2024-03-05 01:50:00,40.61289916521708,-73.85855402369069,76.0,9.475804656665217,90.96031094847288,Green,Rain,0.0,0.983669699111864,87.0,11.0,100.34694520674316,26.85351993102594,High
2024-03-05 01:55:00,40.724741638140216,-73.9044802106121,272.0,17.2770310862982,64.10419699219577,Green,Fog,0.0,0.8136648662331458,61.0,24.0,269.9494036164731,25.702853801605407,High
2024-03-05 02:00:00,40.61410980394702,-73.72100381829274,165.0,54.04397320665437,13.825994685058498,Yellow,Rain,0.0,-0.1789486305709777,85.0,46.0,64.33260562162631,21.59026630037583,Medium
2024-03-05 02:05:00,40.87617038988243,-73.82674822763136,107.0,55.6251402407181,71.6526903902553,Yellow,Snow,0.0,0.587080803953635,53.0,18.0,484.5763875443213,27.728459250994455,Medium
2024-03-05 02:10:00,40.72121770237229,-73.97768162029045,259.0,20.82024586503374,71.22080068933228,Red,Clear,0.0,-0.5566066289637543,92.0,11.0,85.58975938535144,22.2643746356449,High
2024-03-05 02:15:00,40.72233941398236,-73.8057985393314,36.0,48.09032317331648,45.668848755890146,Green,Fog,1.0,-0.8654750262421951,41.0,6.0,172.06465946178324,23.991269626335686,High
2024-03-05 02:20:00,40.89051547160793,-73.7962557370904,83.0,58.55124961975067,85.68454826171758,Yellow,Clear,0.0,0.580861452997339,84.0,1.0,352.54200169285855,22.078213245847888,High
2024-03-05 02:25:00,40.85446471204429,-73.86668941376908,74.0,75.38320425471572,22.415617397976213,Yellow,Fog,0.0,0.4559297116081335,83.0,35.0,444.7110399389758,8.021240171453377,Low
2024-03-05 02:30:00,40.86555017088442,-73.91527327532134,299.0,23.867880773608263,78.45988109665149,Green,Fog,0.0,0.1717122512325297,11.0,16.0,190.61875442501145,19.418495179826177,High
2024-03-05 02:35:00,40.83254833665084,-73.91501431102728,171.0,62.64612109754252,53.98845670895363,Red,Clear,0.0,0.1578003803797232,27.0,49.0,293.15163020406567,10.094851845200946,Medium
2024-03-05 02:40:00,40.766135729370056,-73.75305804378999,28.0,7.163770374814389,18.118362733057975,Red,Fog,0.0,-0.0546004345772161,4.0,19.0,54.853593002080906,23.111615955391397,High
2024-03-05 02:45:00,40.89224174682201,-73.97379766366271,49.0,30.096433247567763,35.310557799580195,Green,Rain,0.0,0.1521926490604355,48.0,40.0,242.40952654678915,15.276023982566668,Medium
2024-03-05 02:50:00,40.77251973448591,-73.70544897276041,211.0,36.13191052443795,71.5361022706807,Green,Snow,0.0,-0.9162093190660664,88.0,27.0,338.63075906996943,23.257522397016253,High
2024-03-05 02:55:00,40.73429684508077,-73.89899491357154,281.0,72.43345898724503,42.86304366992942,Yellow,Snow,0.0,-0.484043378191203,62.0,19.0,318.84541293059584,28.173869212179767,High
2024-03-05 03:00:00,40.87589796309243,-73.7429690906304,265.0,29.021061053773437,70.70651142472187,Yellow,Rain,0.0,-0.1786624776517327,39.0,,374.5105905344674,19.209087799606507,High
2024-03-05 03:05:00,40.840260251808346,-73.87847825521568,138.0,41.948839923358314,64.46986860610583,Red,Clear,0.0,0.3322379704215883,37.0,2.0,277.0461678721822,24.30820223873662,Medium
2024-03-05 03:10:00,40.851912261759395,-73.91561281106817,206.0,79.38690525294776,78.77118263647604,Red,Rain,1.0,-0.5596587446152341,6.0,33.0,337.25446234935515,25.961216101728564,High
2024-03-05 03:15:00,40.75548575334792,-73.92886463676463,106.0,71.16711918783949,81.53763146701621,Yellow,Snow,1.0,0.5525401453183225,82.0,25.0,339.05765033918897,11.148920750517206,High
2024-03-05 03:20:00,40.61944724368625,-73.8584347779683,132.0,14.006897976572471,94.72157088035088,,Fog,0.0,-0.5446424612727518,84.0,30.0,393.8855961334588,23.46980969302307,High
2024-03-05 03:25:00,40.67317818353294,-73.98937538450994,259.0,60.37496857020508,33.61374605432374,Red,Clear,0.0,0.649885460883437,98.0,45.0,460.81316630617175,11.123177400097155,High
2024-03-05 03:30:00,40.65779344338156,-73.89825881689818,285.0,30.71655633629115,80.40083952585356,Red,Clear,0.0,-0.4871464860599863,24.0,40.0,426.83475913724504,29.443362503595463,High
2024-03-05 03:35:00,40.700651823251235,-73.75420847420915,226.0,75.81537993191952,29.488099355371812,Green,Rain,1.0,0.0350396482314099,20.0,45.0,59.86987454493558,17.012266715820296,High
2024-03-05 03:40:00,40.6964414109091,-73.98307264071335,24.0,17.804800450347003,79.7909654615005,Red,Clear,0.0,0.7430276956223958,50.0,37.0,310.9810284899973,28.14037398262889,High
2024-03-05 03:45:00,40.611346832829064,-73.96163169282477,297.0,16.65471496735816,47.273881272171266,Green,Fog,0.0,,25.0,3.0,267.7844819257117,14.132574008413863,High
2024-03-05 03:50:00,40.728673326429984,,74.0,12.523140004632904,49.58356449500048,Red,Clear,0.0,0.6682558777208079,60.0,27.0,270.97251691176393,12.013566562143462,High
2024-03-05 03:55:00,40.704676124189874,-73.83755061838481,276.0,75.9347168587518,55.76141410063734,Red,Snow,0.0,-0.1902763061945096,78.0,7.0,188.79632057291772,18.563408328068288,High
2024-03-05 04:00:00,40.648719085981554,-73.71071245212082,116.0,26.954298352247264,10.089652642243912,Red,Rain,0.0,,98.0,44.0,259.30917209368556,21.049179901973034,Medium
2024-03-05 04:05:00,40.622786109474134,-73.86511800586189,71.0,74.92589082150516,90.93194491285212,Yellow,Clear,0.0,0.1271381552540991,65.0,28.0,316.9892539717158,27.490712159559763,High
2024-03-05 04:10:00,40.78615576591819,-73.78244649269564,156.0,33.07738352250175,42.71354614324622,Green,Clear,0.0,0.6576705077580727,87.0,10.0,249.7698350398371,5.622356433874471,
2024-03-05 04:15:00,40.797338233335665,-73.8477694273002,168.0,25.278700170372133,92.40192153580372,Red,Clear,0.0,0.0132060111398915,67.0,41.0,159.10747710387037,13.637894427805165,High
2024-03-05 04:20:00,40.60165269573132,-73.93973747611172,128.0,70.6709719628159,42.603109199018846,Red,Fog,1.0,-0.2492570371026636,90.0,32.0,329.2236521068259,27.88392464206835,High
2024-03-05 04:25:00,40.81915314461404,-73.77517343159742,115.0,61.292671269828126,51.47608083965633,Green,Snow,1.0,0.1070566099231598,3.0,37.0,151.64731691142205,29.335391291815693,High
2024-03-05 04:30:00,40.802047280360114,-73.72360096249659,219.0,66.39280153407174,87.7323119521948,Red,Clear,0.0,0.9358584322468796,85.0,36.0,109.03001382479198,16.117427858195413,High
2024-03-05 04:35:00,40.60630251142723,-73.90983246220276,55.0,69.5345681529397,84.2176790938947,Red,Rain,0.0,-0.6568584165935649,50.0,25.0,61.110683951180334,29.92700315969018,High
2024-03-05 04:40:00,40.88644679927779,-73.9531064451734,190.0,41.420639076978894,57.13345459294792,Red,Snow,0.0,-0.5208907074998519,31.0,43.0,319.51821793201196,14.00447023739512,Medium
2024-03-05 04:45:00,40.65015062572174,-73.7905788100667,60.0,8.418055098547601,12.801335395702935,Yellow,Fog,0.0,0.7968572061432655,39.0,26.0,55.31344296559354,28.803421484396807,High
2024-03-05 04:50:00,40.76312330348826,-73.96097528898815,82.0,58.97433564043241,25.47847162790585,Red,Snow,0.0,-0.6937450358168944,23.0,1.0,109.18050736088642,17.74212086904957,Low
2024-03-05 04:55:00,40.67035411592584,-73.87571039808238,87.0,37.87706809284538,69.80868103822964,Green,Rain,0.0,-0.7776591385099147,72.0,5.0,317.43907280698113,21.98443969695076,Medium
2024-03-05 05:00:00,40.81306380992648,-73.99299607977247,236.0,61.13514512331797,36.90603177440677,,Clear,0.0,0.9038659622612076,15.0,30.0,427.63634018562817,25.933122493342616,High
2024-03-05 05:05:00,40.77110615245468,-73.90384673417537,62.0,19.358020113460512,34.7213005923803,Red,Clear,0.0,0.1128029306277393,25.0,34.0,80.41196577796958,19.677698493210357,High
2024-03-05 05:10:00,40.72553245106102,-73.75018917043022,288.0,74.49950407456558,22.938206839395946,Green,Snow,0.0,0.7258565998458364,39.0,22.0,281.0688199243409,28.627968618584745,High
2024-03-05 05:15:00,40.70282315063176,-73.75727242836378,244.0,9.062746351183964,56.51528427012841,Red,Fog,0.0,-0.9576156905566128,19.0,17.0,70.95587436034671,26.19131623149623,High
2024-03-05 05:20:00,40.89382858287567,-73.80549964502464,52.0,6.304276629501971,88.09022945366489,Red,Rain,0.0,0.6509041942361249,87.0,5.0,496.7306620293664,22.558598516687866,High
2024-03-05 05:25:00,40.8516337757666,-73.90842955201028,116.0,49.08636219936675,,,Clear,0.0,-0.8106750204899624,85.0,24.0,85.16072185483489,13.139514936004376,Medium
2024-03-05 05:30:00,40.679650569736445,-73.88927545993465,43.0,47.79797593769045,60.856019762995416,Yellow,Rain,0.0,0.5944798548628909,2.0,26.0,169.8412159046644,13.12245755280268,Medium
2024-03-05 05:35:00,40.794907681810095,-73.75343779265837,226.0,72.13110058309289,66.03773492904588,Yellow,Snow,0.0,-0.0328488919085667,77.0,13.0,478.4561473348881,23.95198801132151,High
2024-03-05 05:40:00,40.70829188490812,-73.9902772404534,208.0,20.836002672203193,95.53686498121093,Red,Rain,0.0,-0.2708080380995776,45.0,7.0,190.98831380389336,13.918912152216087,High
2024-03-05 05:45:00,40.827477030007564,-73.73922776904291,132.0,60.893596578921546,14.896110131180356,Red,Snow,0.0,-0.9519966121311192,94.0,10.0,133.34771022914424,24.283830727843903,Medium
2024-03-05 05:50:00,40.89279375613414,-73.86348393310037,236.0,51.82457519203383,10.524715408122836,Yellow,Clear,0.0,0.545211012667721,29.0,42.0,192.28912869461652,29.112828454626904,High
2024-03-05 05:55:00,40.725095212785455,-73.70074630235726,282.0,13.173629232182552,70.58433803035652,Red,Rain,0.0,-0.7434393590230508,20.0,34.0,292.94850941799245,29.46927209168916,High
2024-03-05 06:00:00,40.63369444741241,-73.76380325170716,215.0,44.37902906654746,21.962139152710233,Green,Clear,0.0,0.2216258088915201,73.0,30.0,134.67186441927817,11.027322147087816,High
2024-03-05 06:05:00,40.868090859662466,-73.8697279673431,186.0,76.37739548752187,51.088682649477704,Green,Snow,0.0,-0.9475319517086884,51.0,8.0,435.7821561276163,22.690289777667665,Medium
2024-03-05 06:10:00,40.746412835915,-73.71398053707762,133.0,33.92057877879236,35.19350088538512,Yellow,Clear,0.0,-0.0944158886314725,93.0,49.0,196.8224639995677,16.257987778921162,Medium
2024-03-05 06:15:00,40.602052316566,-73.95802922413996,187.0,48.163059037855234,37.563263728008565,Red,Clear,0.0,0.7300264297985701,23.0,6.0,160.94059399403284,25.588179558194405,Medium
2024-03-05 06:20:00,40.88319235825621,-73.7654842439257,282.0,,41.8506924104276,Yellow,Fog,0.0,-0.8224844991119067,,0.0,209.7827296045644,20.142509711297272,High
2024-03-05 06:25:00,40.749928797811826,-73.75861724056163,256.0,53.05418982178362,51.58475403337872,Yellow,Rain,0.0,0.5459967218525656,56.0,22.0,120.61075264818544,17.200647768594724,High
2024-03-05 06:30:00,40.8470170277813,-73.75318892696912,34.0,26.20132842652647,88.38094726588902,Red,Fog,0.0,0.942454031381956,81.0,11.0,293.1029204348778,13.52241661845868,High
2024-03-05 06:35:00,40.68638182271325,-73.91482370241475,24.0,60.02710545223954,87.0922373813782,Yellow,Clear,0.0,-0.1409291795700025,47.0,42.0,419.1012313894279,8.615660169184064,High
2024-03-05 06:40:00,40.72992233459802,-73.99319065024618,259.0,60.314182697240966,37.56210527494518,Red,Clear,0.0,0.6087946237752897,68.0,37.0,307.89595193204786,17.51361231745681,High
2024-03-05 06:45:00,40.651820984526346,-73.7598247214529,179.0,58.817519614142405,79.08361330685068,Yellow,Fog,0.0,-0.5395506331641815,33.0,43.0,374.60973666679575,19.465319528094135,Medium
2024-03-05 06:50:00,40.62038077625211,-73.79610705612417,47.0,71.87218226248835,16.289666055055974,Green,Snow,0.0,-0.3977960646748277,23.0,28.0,239.0201549403864,29.5047463152683,Low
2024-03-05 06:55:00,40.71391413021778,-73.74426879309839,294.0,21.481951969219104,37.24214981326875,Yellow,Rain,0.0,0.2313690287663972,61.0,34.0,482.65179672397414,21.12686791476682,High
2024-03-05 07:00:00,40.80909576593763,-73.93660425124209,247.0,61.83791995517859,80.25566227063739,Red,Clear,0.0,0.2773131016871513,43.0,10.0,497.20369854006384,11.786625884001834,High
2024-03-05 07:05:00,40.73240738208883,-73.81763151930066,265.0,30.411398191961528,94.55790613492096,Yellow,Fog,1.0,-0.2045593467474975,8.0,7.0,52.797911708285206,22.130593084910977,High
2024-03-05 07:10:00,40.81604477964145,-73.94551291544039,221.0,56.87284398306578,34.19962508475096,Green,Rain,0.0,0.786378947876224,58.0,17.0,305.9728769335504,13.309893213889572,High
,40.83140304739587,-73.99415785981596,123.0,65.15256346514661,73.60380465805545,Green,Clear,0.0,0.6276920044658976,44.0,40.0,123.49402326239311,7.73017739026783,Medium
2024-03-05 07:20:00,40.78258390766376,-73.71778458651795,40.0,51.58710230980767,71.34985589232012,Red,Clear,0.0,-0.3957715574607818,31.0,22.0,264.30099320361853,29.267016120453786,Medium
2024-03-05 07:25:00,40.68232973887337,-73.70448491449837,252.0,10.944473993774002,34.63926311697551,Yellow,Rain,0.0,-0.6877426281430921,66.0,41.0,93.99670517174286,18.590701322852755,High
2024-03-05 07:30:00,40.61963669818677,-73.95881152642008,199.0,13.52369276346211,47.84938332592701,Green,Rain,0.0,0.4844980622384152,69.0,29.0,448.23146860024406,20.384379155469414,High
2024-03-05 07:35:00,40.64080098477391,-73.76311306381098,213.0,47.03134710799859,38.47214304927785,Yellow,Fog,0.0,-0.3644912414719281,86.0,37.0,278.35572005054746,23.584368891340276,High
2024-03-05 07:40:00,40.82111223208222,-73.99255899978901,158.0,39.105243648829926,84.32323454367638,Yellow,Snow,0.0,0.7559754906834713,39.0,6.0,227.6442805114072,22.95775622061479,High
2024-03-05 07:45:00,40.867201910765985,-73.89720692858415,176.0,34.786152623237754,46.523881293776505,Green,Fog,0.0,-0.9221560100810676,72.0,41.0,363.22189408061473,9.596965980658442,Medium
2024-03-05 07:50:00,40.87016303460789,-73.91708331661174,68.0,57.543450167469665,14.691746427225874,Red,Clear,1.0,-0.7426833007744014,82.0,13.0,63.20614643235763,19.37510177471953,High
2024-03-05 07:55:00,40.64385699555463,-73.74452710568333,67.0,51.42603243015888,88.44887678532773,Green,Clear,1.0,0.4300407019929253,86.0,35.0,319.49005745054956,15.936426625944362,High
2024-03-05 08:00:00,40.8827537407201,-73.99273678690294,154.0,34.47823143293127,79.60536060822692,Yellow,Fog,0.0,0.0743158949327211,77.0,0.0,50.61529946795112,28.07123004655745,Medium
2024-03-05 08:05:00,40.709365907236354,-73.88358327519728,157.0,7.597875074695924,,Yellow,Rain,0.0,0.0959938448185546,55.0,43.0,260.64070093517176,17.34777736907896,High
2024-03-05 08:10:00,40.85955175832747,-73.86745619750388,294.0,43.612667892962975,65.94245232526472,Red,Snow,0.0,0.3438684171234045,5.0,23.0,127.1515816212449,10.27149241252216,High
2024-03-05 08:15:00,40.743266733387166,-73.95077759998385,226.0,45.58021000928184,87.44090446918834,Yellow,Snow,0.0,0.1172203314854343,63.0,,108.12365086584504,25.58673938521359,High
2024-03-05 08:20:00,40.8741623297485,-73.91525528227406,182.0,29.581465340243145,44.3106135027159,Red,Snow,0.0,-0.3797546315596762,51.0,20.0,281.2407229047669,28.827603521028344,Medium
2024-03-05 08:25:00,40.89611375673864,-73.75277751127815,98.0,60.45618633371448,19.23732876539696,Green,Rain,0.0,0.6071559677859009,84.0,4.0,425.5185537811432,28.418082169388587,Low
2024-03-05 08:30:00,40.89933445684036,-73.8428312641178,50.0,49.0661981196131,17.920548928381887,Green,Fog,0.0,-0.8784588774885296,18.0,25.0,153.49722787464646,23.329227816294026,Low
2024-03-05 08:35:00,40.781679306855395,-73.77433651717936,75.0,22.02378535201369,54.5810521395886,Green,Rain,0.0,-0.8789179557738462,27.0,34.0,475.4502283413006,16.893414930278276,Medium
2024-03-05 08:40:00,40.61857809668571,-73.76072934286779,199.0,22.31680473483775,,Green,Fog,0.0,-0.0367056669115062,,10.0,386.05450948783465,25.929898325531138,High
2024-03-05 08:45:00,40.741587475667345,-73.75881049956853,118.0,24.0453835628698,,Yellow,Rain,0.0,0.116914926304027,67.0,45.0,125.06635277236828,19.521440899400595,High
2024-03-05 08:50:00,40.75628215816757,-73.73713714685512,270.0,51.1065977153141,62.910766109607266,Green,Snow,0.0,-0.5668688179251828,82.0,5.0,175.71817709656747,9.39915302531315,High
2024-03-05 08:55:00,40.62902656616181,-73.72006636665455,289.0,30.822805534180244,32.51372539647615,Green,Snow,1.0,-0.540884484191575,19.0,0.0,387.3992523146864,18.587206844155,High
2024-03-05 09:00:00,40.82104251472183,-73.94205203870622,133.0,76.0970966036599,81.44936873811935,Red,Rain,0.0,-0.405536972804486,50.0,11.0,463.76947948722386,25.25056027486597,High
2024-03-05 09:05:00,40.78040294705628,-73.94259567032509,116.0,18.91017919329323,60.364286651941335,Yellow,Fog,0.0,0.3667845525447761,97.0,35.0,328.251087195212,17.120863324312314,High
2024-03-05 09:10:00,40.71826942590103,-73.87641626267413,184.0,42.14609869509337,49.056153139444646,Yellow,Clear,,-0.42892908828926,58.0,2.0,116.37255215481107,17.629972968978166,High
2024-03-05 09:15:00,40.73849910144393,-73.984289817238,255.0,34.81450159297316,45.27836042713245,Yellow,Fog,0.0,0.591581691518509,41.0,15.0,229.3862651834729,22.308279723131008,High
2024-03-05 09:20:00,40.73502407055934,-73.96013887643254,78.0,75.45476532367651,92.98454794383352,Yellow,Fog,0.0,0.9591730689627092,96.0,41.0,285.74208181924536,14.590534819771634,High
2024-03-05 09:25:00,40.739406283992565,-73.91554633077826,140.0,39.50568182149979,53.64808412781654,Red,Snow,0.0,-0.3026419375921929,21.0,18.0,63.03901993603336,19.556105431443783,Medium
2024-03-05 09:30:00,40.69726383239961,-73.90254983217392,283.0,67.98478086233932,15.63113080104856,Green,Fog,0.0,-0.6308791229218345,86.0,32.0,268.1162572438109,17.393880932213946,High
2024-03-05 09:35:00,40.79493761097051,-73.87740636960274,87.0,42.46265079234769,73.73754655996139,Green,Snow,0.0,0.7350461354791111,25.0,3.0,313.70707370202786,20.802357695691477,Medium
2024-03-05 09:40:00,40.78761445456899,-73.74201207852569,28.0,53.111155414003576,30.220057552629537,Green,Clear,0.0,0.5844069430677634,74.0,22.0,136.92700574456111,8.953911918141989,Low
2024-03-05 09:45:00,40.714955505094494,-73.75896673516252,112.0,20.42669394625684,38.02656057593345,Red,Rain,0.0,-0.0044113847294979,31.0,37.0,276.5713286181352,,Medium
2024-03-05 09:50:00,40.60588194192476,-73.96434501490731,31.0,74.7881622065505,70.42898901256748,Green,Clear,0.0,0.8191719858287916,74.0,26.0,259.70600467424043,16.60320213942832,Medium
2024-03-05 09:55:00,40.722951414630664,-73.9972549660495,16.0,75.07502518253764,82.20718584959165,Yellow,Rain,0.0,-0.157211859572073,93.0,7.0,107.30871100859494,28.10980158646533,High
2024-03-05 10:00:00,40.620722979041815,-73.81810559393556,246.0,22.928005601329403,32.58859967299772,Yellow,Fog,0.0,0.3418360282218011,34.0,42.0,275.9703868981161,14.84293937604946,High
2024-03-05 10:05:00,40.87574498510739,-73.86748327420038,190.0,53.77216730967564,70.04241275692466,Yellow,Snow,0.0,0.9316200187125236,43.0,26.0,236.5030578850198,24.080621114483368,Medium
2024-03-05 10:10:00,40.66032179281441,-73.7727488871255,203.0,51.46489857223181,11.908977094498011,Green,Fog,0.0,-0.7453017149038881,87.0,29.0,471.1105617823785,16.34925588471628,High
2024-03-05 10:15:00,40.74480677038583,-73.85351675934308,220.0,18.357095687386412,32.27876641497522,,Snow,0.0,-0.7055422926954078,6.0,18.0,144.8959084283897,18.32095423226611,High
2024-03-05 10:20:00,40.87967864079603,-73.99785006285995,49.0,52.63960908324703,93.6535484087904,Yellow,Snow,1.0,-0.7587972067843001,,23.0,114.66287129622408,26.622417041533215,High
2024-03-05 10:25:00,40.779248494611245,-73.86099676546134,146.0,39.765919182099594,50.80650225443877,Red,Fog,1.0,-0.4089854702988147,22.0,32.0,141.37220391478257,29.63690636640371,High
2024-03-05 10:30:00,40.867883431988425,-73.77059409794624,120.0,71.14122032611236,99.44763102027926,Green,Fog,0.0,-0.1153728192000365,4.0,25.0,175.34147285026003,6.052994545864772,High
2024-03-05 10:35:00,40.88485322828948,-73.79087772657996,119.0,,72.68275476622186,Yellow,Rain,0.0,0.2504540457858506,53.0,43.0,180.6666724436009,26.70796057997728,Medium
2024-03-05 10:40:00,40.80132056152023,-73.76169936074645,222.0,60.76854881133243,86.357013640026,Red,Fog,0.0,-0.2546436725798133,40.0,24.0,69.7379061036059,7.873178708025878,High
2024-03-05 10:45:00,40.74145789006973,-73.80854039131863,193.0,56.17080635866241,68.42915600211735,Green,Snow,0.0,0.1592179994565821,26.0,24.0,173.65887298346564,21.732092982640076,Medium
2024-03-05 10:50:00,40.64471353248666,-73.92160770489052,11.0,57.167634643062655,17.685176187171,Red,Clear,0.0,,53.0,22.0,139.4059384669958,10.6827477795644,Low
2024-03-05 10:55:00,40.71161019354333,-73.84622773160692,88.0,79.03602170987149,58.09619819826334,Red,Snow,0.0,-0.999513868822151,79.0,43.0,103.1681516018712,20.438043763646245,Medium
2024-03-05 11:00:00,40.88158856655865,-73.83601207458344,204.0,8.289248748535826,99.46862489083853,Red,Clear,1.0,0.6244644497957255,17.0,6.0,243.75071811823608,25.89273589109956,High
,40.78950310295289,-73.94220777834421,185.0,51.76810071007291,16.142015600745346,Green,Rain,0.0,-0.8532145613956315,48.0,41.0,465.7980550866514,17.461176036314313,Medium
2024-03-05 11:10:00,40.739602349983976,-73.73097716070353,128.0,50.19880966563906,54.119559529104535,Yellow,Fog,0.0,-0.9489683954862702,79.0,,177.62033398380345,15.674388956805442,Medium
2024-03-05 11:15:00,40.81748675673585,-73.77408235514906,168.0,79.57119639448597,51.28574279676141,Red,Snow,0.0,0.5350588783734211,95.0,34.0,142.32255320790628,28.75963766381556,Medium
2024-03-05 11:20:00,40.893761633453174,-73.80681422583372,236.0,11.795294764717491,32.992535417871096,Yellow,Clear,0.0,-0.9436245280421524,63.0,5.0,207.96346667253175,16.00528552255325,High
2024-03-05 11:25:00,40.895109667964995,-73.7998309142042,267.0,9.233086667932302,77.78215366313721,Green,Clear,0.0,-0.3109239682314211,3.0,3.0,366.5044273611268,7.357477250420792,High
2024-03-05 11:30:00,40.88263378346842,-73.84915525998197,93.0,65.90729074419198,82.12658581551656,Green,Snow,0.0,-0.162442162394844,67.0,,334.23765114927215,16.077208785930168,High
2024-03-05 11:35:00,40.84699240892729,-73.73264753353509,276.0,44.73143472561245,34.560200787945604,Yellow,Rain,0.0,-0.3671997260184589,60.0,21.0,136.80445631731527,15.844253832151216,High
2024-03-05 11:40:00,40.62032219364212,-73.7473385089794,258.0,32.740168292195435,32.09187622723008,Yellow,Rain,0.0,-0.708125997469548,88.0,22.0,156.82616277771768,8.217409218417464,High
2024-03-05 11:45:00,40.62559900297047,-73.9826971763923,190.0,30.55185149393018,44.74376008491243,Yellow,Rain,1.0,0.0760658383098982,1.0,35.0,375.26096976688154,22.305483429532416,High
2024-03-05 11:50:00,40.73887066999918,,221.0,35.705855111785986,59.31303067695339,Green,Rain,0.0,0.5885312251023429,85.0,45.0,457.1612538079228,10.829102863674866,High
2024-03-05 11:55:00,40.708936307809914,-73.90292358008473,246.0,44.41162359041357,29.341763977745163,Red,Snow,0.0,-0.7546542517723027,25.0,32.0,364.03567817013226,12.55701951444556,High
2024-03-05 12:00:00,40.72338242358338,-73.8227512918004,285.0,72.01328717328772,54.36325419896179,Red,Rain,0.0,0.0631979415348427,20.0,9.0,359.59728481857644,6.092743814069697,High
2024-03-05 12:05:00,40.8523937816708,-73.90798490122236,31.0,71.78087125587878,29.934958628512096,Red,Snow,0.0,0.3056121477986673,83.0,17.0,342.84258527357593,27.034973387016144,Low
2024-03-05 12:10:00,40.78717251862725,-73.97914832282724,298.0,11.07677391431497,64.67303199870486,Yellow,Rain,0.0,0.4957493144823808,26.0,32.0,355.1635339058676,6.907206828257274,High
2024-03-05 12:15:00,40.88622157719577,-73.88069234516992,233.0,33.09226624491579,42.96823852397279,Red,Snow,0.0,0.9712482236046722,83.0,14.0,276.2865313882156,25.840290721069355,High
2024-03-05 12:20:00,40.69262450623801,-73.77451443165508,145.0,48.595484176464765,99.15756315286656,Green,Snow,0.0,-0.9592235151506908,71.0,18.0,266.5239236435252,14.995801449650637,High
2024-03-05 12:25:00,40.760289972123864,-73.97979536086837,214.0,37.294285729951376,70.84979136992409,Green,Clear,0.0,0.730987133240965,99.0,21.0,463.7017678606352,15.371041679102753,High
2024-03-05 12:30:00,40.8765899136642,-73.7903018287804,252.0,60.10296756178834,13.978944456055704,Red,Fog,0.0,-0.3861577140345564,79.0,38.0,358.9518313060495,22.86499107822336,High
2024-03-05 12:35:00,40.699337012575526,-73.77180637898147,,55.06679431451665,39.40127649012485,Yellow,Fog,0.0,0.5463505956795898,71.0,47.0,53.10329622525492,5.918429486708708,Medium
2024-03-05 12:40:00,40.82696442126047,-73.71606120339338,189.0,42.053377443977,75.88048445773057,Yellow,Fog,0.0,-0.2868315614127847,93.0,12.0,144.09486506082413,23.44748267104726,Medium
2024-03-05 12:45:00,40.774525458036784,-73.88969487159103,33.0,19.3896753378288,22.110222125796653,Red,Fog,0.0,-0.510768721144726,39.0,40.0,427.5242220938309,9.437291800485369,High
2024-03-05 12:50:00,40.89616078119616,-73.86755873305125,223.0,31.27827699007335,32.082981661951926,Yellow,,0.0,-0.6188442519223403,64.0,33.0,426.29410903257417,17.25630472015986,High
2024-03-05 12:55:00,40.79273609039929,-73.93841171589226,284.0,8.079006233624662,19.020991394360895,Yellow,Snow,0.0,-0.4928829832984611,65.0,32.0,187.40325117559908,17.595761890388513,High
2024-03-05 13:00:00,40.61181618930338,-73.89240804022626,47.0,32.088481681315116,71.77709408121265,Red,Snow,0.0,0.1925675511869666,43.0,16.0,336.8555111635603,17.403023365545273,Medium
2024-03-05 13:05:00,40.73732526132733,-73.8798826010698,128.0,49.34468553494139,70.69117459514439,Yellow,Clear,0.0,0.0424214148957593,45.0,23.0,337.37420265289364,7.980191095298751,Medium
2024-03-05 13:10:00,40.73072560373036,-73.73217653858204,15.0,44.812569108981535,91.29286278155288,Green,Clear,0.0,0.5806474422993808,48.0,10.0,299.8821239401895,20.602994198649057,High
2024-03-05 13:15:00,40.646023218041634,-73.79882378376539,140.0,28.887684010909418,24.99037532384819,Yellow,Fog,0.0,-0.0888055458211101,93.0,41.0,172.65474470801388,22.236479234815643,Medium
2024-03-05 13:20:00,40.89193184700817,-73.933315000752,120.0,73.70693995647599,24.21485444826027,Green,Snow,0.0,0.9018396557296552,43.0,38.0,341.7534083746826,22.6604568657239,Medium
2024-03-05 13:25:00,40.87377536352497,-73.91501222321533,71.0,9.397891643655116,29.856993272584017,Red,Snow,,-0.9492708477711158,81.0,20.0,430.75337415462275,19.10047131099078,
2024-03-05 13:30:00,40.8614757897713,-73.92850591251171,158.0,35.80050159527978,91.18713855515146,Red,,1.0,0.2626170204205194,95.0,10.0,273.30139464920455,14.02688178613701,High
2024-03-05 13:35:00,40.84183792962932,-73.75662438608244,207.0,72.12367711603257,61.00300956201192,Green,Snow,0.0,0.856905068048823,19.0,38.0,148.82359134772105,28.26346243352378,High
2024-03-05 13:40:00,40.677442968007355,-73.90750953735494,160.0,20.98677021581493,10.924648630017805,Yellow,Clear,1.0,0.4446407150324132,52.0,21.0,78.24104351755997,27.476674281186995,High
2024-03-05 13:45:00,40.68536079342623,-73.75969080801092,90.0,64.50176004472473,77.23546848253613,Green,Snow,0.0,-0.7731588536012106,95.0,37.0,400.02725128849886,23.513069971852723,Medium
2024-03-05 13:50:00,40.77197013976901,-73.8041222952099,230.0,68.25138048840986,67.40637905427113,Green,Clear,0.0,-0.0573252981990948,97.0,13.0,339.1185732754786,20.987141839158472,High
2024-03-05 13:55:00,,-73.9032410785382,161.0,39.27606297568198,80.02010523061892,Red,Rain,0.0,-0.8179666467425994,92.0,13.0,235.0323023274227,24.908284989684834,High
2024-03-05 14:00:00,40.6018292376689,-73.74853912106808,31.0,51.309151546185376,12.149419983174656,Red,Rain,0.0,-0.7861835337826066,73.0,12.0,450.7471673581641,23.06525530887812,Low
2024-03-05 14:05:00,40.64734747420125,-73.9382701032035,183.0,16.67277693134274,69.61488680369695,Green,Clear,0.0,-0.423318492216572,73.0,31.0,174.8272856433648,20.396505482456288,High
2024-03-05 14:10:00,40.75016126598141,-73.9433650627314,271.0,13.566436176560863,28.3229999205292,Yellow,Clear,0.0,-0.2842312986384465,72.0,14.0,297.27028376232806,14.798541832948922,High
2024-03-05 14:15:00,40.79220666475208,-73.88827067212402,28.0,25.135084113067624,21.50222934736737,Green,Fog,0.0,-0.9998189166662884,71.0,41.0,303.01639754958796,25.998450685496003,Medium
2024-03-05 14:20:00,40.7877187735877,-73.83746260216384,201.0,62.48815625612042,94.56515409100848,Red,Rain,0.0,0.8896478751843115,,43.0,330.44672562654233,15.702338160581183,High
2024-03-05 14:25:00,40.75303501808239,-73.77543977143475,,59.13466210586636,75.99926188247453,Red,Clear,0.0,0.0505694161611971,36.0,13.0,239.6139506524452,19.023259854563804,Medium
2024-03-05 14:30:00,40.65442741917383,-73.96692826167435,75.0,27.367810881362445,,Red,Rain,0.0,0.7947316977770065,30.0,,395.7501879891611,5.689512883035065,Medium
2024-03-05 14:35:00,40.774724669028814,-73.71000816662469,234.0,61.703192623914745,42.491866645133875,Green,Rain,0.0,-0.8140607361679624,3.0,36.0,277.7133732274525,7.558001743712177,High
2024-03-05 14:40:00,40.75976237185792,-73.87185913747159,212.0,75.57005073815637,62.88215456832943,Red,Clear,0.0,-0.398961215109155,34.0,4.0,158.32175278936722,9.845365749218224,High
2024-03-05 14:45:00,40.618342569680955,-73.77821540373583,66.0,,16.894937419804123,Green,Fog,0.0,-0.0971518264431046,,40.0,398.1223981022161,15.284825065344393,High
2024-03-05 14:50:00,40.68861658523315,-73.81220942171934,98.0,20.15440336699572,94.70685693847462,Red,Fog,0.0,0.0952369316324408,52.0,16.0,491.8944758296563,25.67489071534587,High
2024-03-05 14:55:00,40.79351805383521,-73.96523721825622,279.0,64.5176451841341,87.62400509098634,Red,Snow,0.0,-0.234332177628217,94.0,18.0,423.53759214289346,5.616407499050697,High
2024-03-05 15:00:00,40.80389073436222,-73.95202484174047,169.0,36.269486003989286,19.081581721296544,Green,Rain,0.0,-0.4291657684759096,31.0,9.0,308.4340218277697,15.7036319848867,Medium
2024-03-05 15:05:00,40.86981915167851,-73.84313909087008,280.0,36.576148815849685,63.58710680747689,Green,Rain,0.0,0.6220809342443192,28.0,28.0,348.7549888635497,26.724242071864047,High
2024-03-05 15:10:00,40.60383856849856,-73.73361648715058,70.0,43.53525654729267,89.09578437286271,Yellow,Snow,0.0,0.7887547391750303,36.0,32.0,375.54679185146745,5.834643327509302,High
2024-03-05 15:15:00,40.64659226255717,-73.80723846819986,180.0,69.07025735970309,86.14612210222522,Yellow,Fog,0.0,0.488904075840024,37.0,4.0,321.53166188304755,7.456448204527087,High
2024-03-05 15:20:00,40.619639880585325,-73.94302927055197,57.0,6.2268498807636865,12.007787407507656,Yellow,Rain,0.0,0.4595200686999483,40.0,48.0,406.4627604169675,7.080907160950021,High
2024-03-05 15:25:00,40.60001638114008,-73.89639111594653,292.0,9.699933192709716,19.844368890714975,Red,Fog,0.0,-0.711217455944982,79.0,5.0,181.25450777241775,25.49421568747306,High
2024-03-05 15:30:00,40.76503999194138,-73.87785190596723,74.0,77.64760437504744,41.37464369633134,Red,Fog,0.0,0.12823526864011,46.0,5.0,273.025621851833,24.83705362771424,Low
2024-03-05 15:35:00,40.7384607180597,-73.71463216478953,208.0,17.989366753691968,88.64038818954214,Green,Fog,0.0,0.9480204389226968,16.0,12.0,443.34733240957166,19.902749590990716,High
2024-03-05 15:40:00,40.891107138783134,-73.92467625961758,119.0,66.16004138264478,82.01432860741858,Green,Clear,0.0,0.9895624265013324,37.0,32.0,168.60844081061057,25.562332803405084,High
2024-03-05 15:45:00,40.76616324595849,-73.86923503722409,173.0,66.26411637310898,22.01333763776437,Yellow,Fog,0.0,-0.4512079420345769,88.0,44.0,162.79465485462435,5.235200437738206,Medium
2024-03-05 15:50:00,40.84284095356269,-73.86553514014527,279.0,11.27298226155699,84.24456040037786,Green,Rain,0.0,0.7345583377936922,19.0,23.0,395.4544632862619,16.854734531045036,High
2024-03-05 15:55:00,40.89240977292371,-73.90277751525063,72.0,41.64662339932557,43.95333087822373,Red,Rain,0.0,0.8370075254973315,59.0,18.0,144.50949314119407,9.775146863065252,Low
2024-03-05 16:00:00,40.699306655798665,-73.95314404303485,124.0,37.375474147836265,53.56603303019811,Green,Clear,0.0,0.6387859641212992,72.0,5.0,351.1847951467448,17.039289350521912,Medium
2024-03-05 16:05:00,40.71569567002951,-73.81056226442026,124.0,17.529162559200305,45.585537045059894,Red,Fog,0.0,0.476379496100658,24.0,42.0,429.6101575634572,12.83298458756244,High
2024-03-05 16:10:00,40.87872206236892,-73.94365957753944,30.0,14.8384751163372,10.036916710328992,Yellow,Clear,0.0,-0.2425781916436091,94.0,45.0,321.0078434620207,8.081883546117474,High
2024-03-05 16:15:00,40.8448243306735,-73.71273448111717,251.0,75.8996633237236,90.16891858864648,Green,Snow,0.0,0.8022645201523158,28.0,11.0,142.55654555211012,7.943434439946086,High
2024-03-05 16:20:00,40.894651440939086,-73.88716187144203,212.0,67.10490425262319,58.58176158920257,Yellow,Rain,0.0,0.1250855288557912,15.0,6.0,353.9560704287805,13.956605276458896,High
2024-03-05 16:25:00,40.868770793172914,-73.8604534286367,274.0,12.939990566269651,88.43081655219939,Green,Rain,0.0,0.0755553141542764,82.0,20.0,424.62169928122256,24.603425274769588,High
2024-03-05 16:30:00,40.65122032261526,-73.73124799329048,281.0,32.51774974605544,48.11572625898136,Red,Snow,1.0,-0.6680262859229018,59.0,37.0,444.76200958605943,18.604238306633928,High
2024-03-05 16:35:00,40.65037931825787,-73.99498686427671,86.0,78.5988681742937,97.19963274522836,Red,Fog,0.0,0.7242739688234225,40.0,17.0,205.43241764406807,6.521633687765528,High
2024-03-05 16:40:00,40.78720191934749,-73.71040280618053,143.0,12.910107065414673,57.086217086994715,Yellow,Clear,0.0,0.5140710742253547,79.0,20.0,300.80426125718395,29.647346514590662,High
2024-03-05 16:45:00,40.87846908431973,-73.88024670891035,239.0,37.65938656829547,91.62231580913532,Green,Snow,0.0,,46.0,45.0,225.3236060495703,24.072854988616445,High
2024-03-05 16:50:00,40.67779192777274,-73.70684051571125,184.0,10.160402054305106,59.62188650116969,Green,Fog,0.0,-0.2026104287588792,99.0,23.0,469.9371632271926,22.32216463676934,High
2024-03-05 16:55:00,40.71848356600196,-73.7806120063689,262.0,14.044172654865177,17.71691795950649,,Rain,0.0,0.2011103169621559,4.0,20.0,277.5386489576368,17.372633173760043,High
2024-03-05 17:00:00,,-73.90015957058344,53.0,41.2961634142309,25.934967580307617,Yellow,Snow,0.0,-0.114102471921069,28.0,24.0,454.9758790492102,22.649892033110685,Low
2024-03-05 17:05:00,40.64209165047158,-73.75350432177905,124.0,31.99659569962049,25.712843149896784,Red,Fog,0.0,-0.5283489987977628,64.0,15.0,238.3509057794205,18.52621923246049,Medium
2024-03-05 17:10:00,40.79581634209416,-73.95963437602651,260.0,54.94953922161426,,Yellow,Rain,0.0,-0.1182519784912519,29.0,47.0,493.92374656811114,9.086111385180043,High
2024-03-05 17:15:00,40.87236995697164,-73.92229749689392,101.0,24.854162289229382,48.77536539403668,Green,Clear,0.0,-0.9828931962946345,27.0,42.0,355.77120586308575,5.868753206758472,Medium
2024-03-05 17:20:00,40.81634859177787,-73.99582306469877,130.0,13.615037393000048,55.305019969337785,Yellow,Snow,0.0,-0.9072383163416868,43.0,9.0,300.8031077754314,24.349391230837313,High
2024-03-05 17:25:00,40.791486015148905,-73.86644189767084,129.0,25.283840709244313,84.89930636753529,Red,Clear,0.0,-0.239047604391354,96.0,27.0,119.73589195690695,20.81641364080101,High
2024-03-05 17:30:00,40.70219144474936,-73.97700884499574,162.0,11.950519880277795,13.23427649153411,Red,Fog,0.0,0.358528130610759,63.0,37.0,231.6579423053182,5.979664021699403,High
2024-03-05 17:35:00,40.872988277787,-73.86982851771972,243.0,42.534619174911064,60.25325384786103,Red,Clear,0.0,-0.781610423350934,45.0,1.0,462.9908817509299,25.95485375098027,High
2024-03-05 17:40:00,40.7861180805767,-73.8472098554512,90.0,19.125771615086897,61.87367337296334,Green,Clear,0.0,-0.7165143006139711,,2.0,381.9912758685487,16.610181668920205,High
2024-03-05 17:45:00,,-73.77082697242463,155.0,28.542673166703626,54.74805526338392,Yellow,Clear,0.0,-0.0284917528083199,52.0,49.0,110.67268679483992,22.360061388272335,Medium
2024-03-05 17:50:00,40.80730025143556,-73.83287538742994,125.0,65.3610130022289,23.948127059993674,Red,Rain,0.0,-0.9918692273526422,71.0,43.0,66.38255090795117,15.202020577762362,Medium
2024-03-05 17:55:00,40.73752667028751,-73.96816340352818,96.0,44.53545933159621,33.74003672514036,Yellow,Snow,0.0,0.650341898101441,97.0,4.0,243.82996031770395,17.15632566198218,Low
2024-03-05 18:00:00,,-73.7061747775905,112.0,26.76751349553843,13.693607617505693,Green,Clear,0.0,0.9314807794582058,85.0,44.0,200.80971492061204,20.52449595891745,Medium
2024-03-05 18:05:00,40.6154295485996,-73.7391010394761,269.0,6.450559226205758,63.79563267050507,Red,Rain,0.0,-0.5233908395488351,18.0,29.0,172.78582946155538,23.999759591694843,High
2024-03-05 18:10:00,40.628296147288566,-73.76052420257979,160.0,45.18219756849201,83.09967775631249,Red,Fog,0.0,0.6889102687872064,34.0,26.0,492.2429930657809,29.449735565702067,High
2024-03-05 18:15:00,40.76937534302004,-73.81883940441068,188.0,5.336067590338512,72.02603669955691,Green,Snow,0.0,0.7009918485070896,88.0,28.0,149.6817582802305,28.502318882827844,High
2024-03-05 18:20:00,40.64608898126927,-73.77370892881326,181.0,12.033859848562887,67.44450701209556,Yellow,Snow,0.0,-0.3143842420045022,13.0,24.0,128.5528435666613,25.283033465118557,High
2024-03-05 18:25:00,40.85538294469964,-73.82294390798388,24.0,38.25131156283805,62.47442937592001,Yellow,Fog,0.0,0.61551108501867,92.0,9.0,255.93947830163097,27.31202510260541,Medium
2024-03-05 18:30:00,40.67849763046482,-73.71172916978664,198.0,32.45803687498551,56.65592667036437,Yellow,Clear,0.0,0.1620190667220491,10.0,44.0,194.30511539343485,8.473236200959057,Medium
2024-03-05 18:35:00,40.6015555768588,-73.75090077964023,121.0,30.723543394033364,35.42821117098861,Yellow,Clear,0.0,0.4171092472926239,77.0,30.0,393.34213115471454,26.381986273116297,Medium
2024-03-05 18:40:00,40.68444097287272,-73.79105420455375,144.0,9.093995678621289,37.2491189007104,Yellow,Rain,0.0,-0.8313044105891834,45.0,21.0,350.06909892447277,7.895807616891222,High
2024-03-05 18:45:00,40.66667257954406,-73.78368216017198,25.0,66.95561462942405,14.77299468725339,Green,Snow,0.0,-0.2171328217749604,5.0,2.0,140.61514386350683,12.960322440573892,Low
2024-03-05 18:50:00,40.62353430431407,-73.71322938130689,75.0,27.117525878159142,72.50838346806641,Red,Rain,0.0,0.9168120043573772,43.0,35.0,415.7355504086125,25.39620216795238,Medium
2024-03-05 18:55:00,40.73053945949943,-73.94605259143503,107.0,11.750962267980851,37.44435863549407,Yellow,Snow,0.0,-0.9757887418383298,87.0,46.0,110.8526773325041,11.417791677415082,High
2024-03-05 19:00:00,40.80888658316087,-73.79372817171428,42.0,57.80273362157571,57.76834475126648,Green,Fog,0.0,-0.6695722100309325,11.0,5.0,280.9255949868186,11.575835110013102,Medium
2024-03-05 19:05:00,40.79014964903782,-73.73506046461009,35.0,50.565943262452755,12.383660033078836,Yellow,Rain,0.0,0.4524770374536895,50.0,13.0,347.606139997174,5.984865650051875,Low
2024-03-05 19:10:00,40.87311561587876,-73.78194571225322,223.0,53.88271991731707,36.29188205698959,Green,Fog,0.0,0.0814423273113711,74.0,15.0,264.3005816604631,25.70041804554015,High
2024-03-05 19:15:00,40.60629209715109,-73.86111653988281,121.0,68.56187244434881,41.37409281167963,Yellow,Rain,0.0,-0.6233506228712105,13.0,13.0,161.06027619034074,19.43089499669088,Medium
2024-03-05 19:20:00,40.856467884366,-73.71042776219446,245.0,15.864853222083024,83.59288429860204,Green,Fog,0.0,0.4493671339623695,20.0,42.0,117.15817420220712,16.40282689490331,High
2024-03-05 19:25:00,40.60651170972872,-73.95416965949595,206.0,34.183668977157296,45.34914115742515,Green,Rain,0.0,0.1664488478347805,80.0,4.0,170.9727277819734,23.483754301608908,High
2024-03-05 19:30:00,40.625007725611155,-73.79059918540116,49.0,64.12740613835436,80.09459368468946,Red,Snow,0.0,0.4919834309848649,77.0,26.0,61.1022790048691,27.032358698851223,High
2024-03-05 19:35:00,40.653269582741885,-73.81868164399158,290.0,18.977406113946177,32.45865477418031,Yellow,Rain,0.0,-0.8982300812608512,5.0,8.0,345.04333433185656,19.996991069984528,High
2024-03-05 19:40:00,40.833386540817266,-73.75264644301099,267.0,65.18309558767558,45.0226453529701,Green,Clear,0.0,-0.9593093771991208,47.0,4.0,342.7211674701647,5.160821310798054,High
2024-03-05 19:45:00,40.80446329868718,-73.77540018722472,215.0,36.99264225524585,40.6478273755593,Yellow,Fog,0.0,-0.047367236983316,44.0,41.0,283.2931949476434,27.6918538348367,High
2024-03-05 19:50:00,40.68705486228561,-73.89620695499156,169.0,9.352242635469208,69.01101063956686,Green,Clear,0.0,-0.2029001736265436,97.0,12.0,396.1290725172254,28.721330573275964,High
2024-03-05 19:55:00,40.619904692705525,,150.0,41.774731148045,78.30369570654577,Red,Snow,0.0,0.8760300062118325,42.0,29.0,215.17878246585795,10.844618983522622,Medium
2024-03-05 20:00:00,40.6098109501266,-73.80189295174712,295.0,63.635249756491675,44.295337309949595,Red,Rain,0.0,-0.1881678390394068,48.0,27.0,482.67396266965744,15.14739993414286,High
2024-03-05 20:05:00,40.70373231147472,-73.75918093369494,95.0,55.50048579430859,15.723766980586934,Green,Fog,0.0,0.2400809859077177,88.0,4.0,228.98131178988208,21.214151070912894,Low
2024-03-05 20:10:00,40.63122480364974,-73.73365670433036,143.0,55.11548721050682,50.90689242354441,Red,Clear,0.0,-0.9316267155693694,10.0,20.0,70.63762777286709,24.291578685309464,Medium
2024-03-05 20:15:00,40.781151453946286,-73.85872488671909,208.0,41.04018315030588,92.86612651843936,Red,Rain,0.0,0.1196823530254582,16.0,32.0,286.93609319525433,10.82760854689823,High
2024-03-05 20:20:00,40.672309042154744,-73.92027035303816,17.0,30.3209379018233,56.84264729961411,Red,Clear,0.0,0.8219732915248816,20.0,44.0,109.6932175079904,27.01941431890286,Medium
2024-03-05 20:25:00,40.807734049389595,-73.93843296895011,254.0,29.197448384629254,13.220217585380944,Green,Rain,0.0,-0.1319966292626955,41.0,40.0,374.12086025315665,8.554993492412306,High
2024-03-05 20:30:00,40.679146377656465,-73.78371527838073,90.0,36.1806033149024,30.216347050615752,Red,Rain,0.0,0.5409796991010809,93.0,6.0,50.44885963717858,9.2053814586655,Medium
2024-03-05 20:35:00,40.64075785809705,-73.86268997921411,181.0,62.75736480510714,,Green,Snow,0.0,-0.6314244493830339,63.0,22.0,109.34498192457164,27.51028071027474,Medium
2024-03-05 20:40:00,40.67101799465762,-73.79521278884022,22.0,78.68676381612393,94.9973908829412,Yellow,Snow,0.0,-0.1645648132332293,20.0,19.0,82.99438814873088,29.6362713987748,High
2024-03-05 20:45:00,40.667850236296424,-73.91576086112913,261.0,47.57628546836282,31.4296738652951,Red,Fog,0.0,-0.6324278362762745,70.0,19.0,253.1640131854177,7.582665514893784,High
2024-03-05 20:50:00,40.65042881184284,-73.82439537262508,130.0,21.15453684088859,,Red,Snow,0.0,-0.8353440727889063,78.0,36.0,450.11126794658617,28.822878606869555,Medium
2024-03-05 20:55:00,40.8801769224853,-73.97706850313378,113.0,41.98785431916837,89.40552299307689,Green,Rain,0.0,0.205428723263582,49.0,5.0,201.55224778512127,11.050562777430804,High
2024-03-05 21:00:00,40.61817554417077,-73.71103945216753,236.0,79.46891782245045,47.27248787371533,Yellow,Rain,1.0,0.0300459813781097,73.0,25.0,449.4676850615804,13.512326183725996,High
2024-03-05 21:05:00,40.75493295352795,-73.88351775322735,281.0,79.18965308276664,24.19076245331692,Red,Snow,0.0,-0.2607215791466184,5.0,10.0,154.443001162914,26.474639510561396,High
2024-03-05 21:10:00,40.81213894609167,-73.81808701768264,169.0,52.36542742726211,38.23259472330872,Yellow,Snow,0.0,-0.3489566527563588,25.0,37.0,381.13612557617085,12.002151615322354,Medium
2024-03-05 21:15:00,40.80799089604717,-73.8566623188647,65.0,32.171255099685965,20.67129835969559,Green,Fog,0.0,-0.0091146238755033,91.0,9.0,139.04291085732757,12.716574025329416,Medium
2024-03-05 21:20:00,40.606230036765375,-73.77548538421414,46.0,79.66888478857553,93.44179702917924,Green,Clear,0.0,0.3929180476358018,76.0,33.0,381.6839028715644,28.325021054796565,High
2024-03-05 21:25:00,40.65594090250079,-73.83868788759182,208.0,47.59432598816548,27.893998260391218,Yellow,Clear,0.0,-0.6176389231644783,81.0,11.0,408.25803817321207,5.033753557531527,High
2024-03-05 21:30:00,40.719387062272304,-73.70911832257025,263.0,35.45584054252808,49.365032094771855,Red,Clear,0.0,-0.7933150553286421,90.0,41.0,84.48285274973941,13.750959362361172,High
2024-03-05 21:35:00,40.62636697466478,-73.85642623285612,144.0,8.47509307328493,43.93162394502155,Red,Rain,0.0,0.2825552243330251,82.0,39.0,239.35728454769233,17.562015308662964,High
2024-03-05 21:40:00,40.89780456427944,-73.80478565551726,132.0,28.904532233001397,76.48663916166117,Green,Rain,0.0,-0.4621153978634855,46.0,21.0,466.67876364619815,28.257446411815927,Medium
2024-03-05 21:45:00,40.79699161206872,-73.90487323109217,229.0,68.37267885915323,19.54825033008311,Red,Clear,0.0,-0.3221529779370014,59.0,45.0,163.59863641652518,8.826586357629166,High
2024-03-05 21:50:00,40.85525090584898,-73.74886851546881,226.0,10.123010304431787,51.67242046121604,Green,Fog,0.0,0.3970711624618588,48.0,39.0,364.68319323210744,14.973821200854555,High
2024-03-05 21:55:00,40.74381668185136,-73.74145178308464,121.0,19.41378335441147,93.56391334480328,Yellow,Fog,0.0,-0.7404323203857976,65.0,15.0,279.27964174949875,6.34501197190047,High
2024-03-05 22:00:00,40.77648808063885,-73.70214314472727,51.0,45.08352147571007,77.38009351471413,Green,Snow,0.0,-0.9472695809981132,60.0,32.0,,,Medium
2024-03-05 22:05:00,40.66067143091893,-73.75392114079678,61.0,63.01861901168037,46.81651148346777,Green,Fog,0.0,0.1367056354620588,65.0,31.0,222.75765689472175,23.616353453632986,Low
2024-03-05 22:10:00,40.88250300942739,-73.87681192781447,279.0,40.497660748331825,19.17247035729251,Green,Fog,0.0,0.5181383766400562,3.0,28.0,248.39059333880945,27.908017066419443,High
2024-03-05 22:15:00,40.70104802169285,-73.93256263767377,270.0,7.70314158417822,48.52169364130113,Green,Clear,0.0,0.4393897573625187,76.0,46.0,256.42398807842403,28.942479111391084,High
2024-03-05 22:20:00,40.71368425200184,-73.88444385398147,175.0,49.04955029377688,32.32494894105065,Yellow,Rain,0.0,-0.4916883737910291,20.0,47.0,165.66462492418253,28.871698700664545,Medium
2024-03-05 22:25:00,40.63020665813073,-73.81020712629932,131.0,20.87974252870788,18.15583441501479,Green,Fog,0.0,0.7428102560571561,55.0,39.0,389.3871970260146,27.446337144389116,Medium
2024-03-05 22:30:00,40.79668952732376,-73.77286434247475,159.0,14.09700116168944,22.01791302872797,Yellow,Rain,0.0,-0.3613102576413929,35.0,28.0,176.1539287322251,14.501711376657514,High
2024-03-05 22:35:00,40.85667403805851,-73.73238923969298,79.0,79.696517348675,69.51176841407903,Green,Snow,0.0,-0.7125713313233835,66.0,12.0,,24.803554431733932,Medium
2024-03-05 22:40:00,40.68037090232434,-73.86103284612004,192.0,35.93308233016769,52.076524001195935,Green,Clear,0.0,0.4648977446467237,23.0,36.0,489.1555530637447,13.735249602537342,Medium
2024-03-05 22:45:00,40.80169226151568,-73.90387557276495,217.0,68.67136682927224,55.45560405882719,Yellow,Rain,0.0,-0.9830767640617244,31.0,16.0,193.81863870422657,24.36999949904954,High
2024-03-05 22:50:00,40.686460929886245,-73.9469478440873,44.0,14.793823801498242,18.76350058461591,Yellow,Clear,0.0,0.7330034857013379,46.0,17.0,221.2348054271413,12.855012667621995,High
2024-03-05 22:55:00,40.6412416380977,-73.76676849292622,232.0,47.89486825687115,64.38838294834628,Yellow,Clear,0.0,-0.6181381856598103,97.0,28.0,84.04398147822309,6.411349986002758,High
2024-03-05 23:00:00,40.779298149560134,-73.84849725311336,92.0,32.07476667485305,65.71628142610763,Yellow,Snow,0.0,0.5887784565102641,63.0,17.0,188.85376590614865,13.43911959302281,Medium
2024-03-05 23:05:00,40.81986795561989,-73.76325845002488,284.0,14.867097434737287,45.41061307527616,Red,Clear,1.0,0.0398582409996026,11.0,49.0,259.6791408176815,28.22464414162363,High
2024-03-05 23:10:00,40.71350115900456,-73.71847012710406,59.0,72.39270128061433,66.51160342363676,Red,Snow,0.0,0.9266617444235432,85.0,31.0,141.37376043905874,13.521946332033862,Medium
2024-03-05 23:15:00,40.815823631217576,-73.92118130944912,299.0,76.85349179073634,14.055129101002365,Yellow,Snow,0.0,0.6792796614101066,30.0,34.0,86.93983672277335,5.890979372904263,High
2024-03-05 23:20:00,40.83032921389374,-73.74691800574446,215.0,37.333186462152355,60.111986551235525,Red,Fog,0.0,-0.4021237432171494,82.0,24.0,287.66557528303576,15.411925517045317,High
2024-03-05 23:25:00,40.71518580688406,-73.70775234010152,211.0,56.604354562119866,64.87493647247297,Red,Snow,0.0,0.4385410694833607,76.0,6.0,448.0374726558353,18.53214810132506,High
2024-03-05 23:30:00,40.63009147913709,-73.86867638864965,60.0,67.37658072549509,32.457907120065926,Red,Fog,0.0,0.8494489018769633,67.0,28.0,401.84061992800474,8.770859939890062,Low
2024-03-05 23:35:00,40.84974124019609,-73.98098645581273,34.0,62.906810123821664,12.06390229554002,Green,Rain,0.0,-0.5448078390516744,6.0,,215.1127769348381,24.114717767467848,Low
2024-03-05 23:40:00,40.715440661655975,-73.74874237206953,188.0,36.03215579398064,34.21022739756471,Yellow,Rain,0.0,-0.8565640905502003,81.0,19.0,259.49983896166145,12.008715112261305,Medium
2024-03-05 23:45:00,40.665193837260375,-73.8780288479062,95.0,60.64912058418879,53.510311768629855,Yellow,Snow,0.0,0.6425043680843681,68.0,8.0,113.14374141896876,29.97691260792046,Medium
2024-03-05 23:50:00,40.70146118364862,-73.93788478111763,270.0,58.18967640240148,72.63590755510546,Red,Clear,0.0,-0.8660698729142138,36.0,28.0,452.45821229358546,15.45820121905734,High
2024-03-05 23:55:00,40.681744511512136,-73.98544578562256,19.0,34.28985912910245,18.114427861377383,Green,Clear,0.0,-0.3417197419705176,96.0,38.0,414.2857752517137,7.950489170631798,Medium
2024-03-06 00:00:00,40.678044623136856,-73.83311387890062,150.0,24.74933116210161,86.11451408105266,Yellow,Rain,0.0,-0.8798391612601979,47.0,46.0,393.7880033350688,11.86502919699846,High
2024-03-06 00:05:00,40.78817573652544,-73.85061929068317,87.0,10.366082980906937,31.62714329792508,Red,Snow,0.0,-0.4218556987343114,39.0,40.0,325.39150289831707,10.53027112259733,High
2024-03-06 00:10:00,40.66124363786349,-73.91777596630924,60.0,59.941511147931834,85.13068078586879,Red,Fog,1.0,-0.1469748082822812,16.0,49.0,283.818082516708,16.63429204311825,High
2024-03-06 00:15:00,40.825359537202395,-73.95536686967385,77.0,65.14836744802865,50.26590318873197,Red,Rain,0.0,0.1173561083707828,74.0,47.0,183.77889105666725,25.371518932554693,Medium
2024-03-06 00:20:00,40.73937319838235,-73.99600346460598,95.0,75.68498593769839,35.987025567773614,Green,Rain,0.0,-0.5318540561892771,55.0,47.0,118.9075356463144,9.05546594682231,Low
2024-03-06 00:25:00,40.87906225917924,-73.95424045034962,31.0,23.06658091886029,54.03855995303836,Red,Clear,0.0,-0.2640091134863038,63.0,20.0,302.0433107546183,7.07104650332103,Medium
2024-03-06 00:30:00,40.65649298544988,-73.9053685703397,190.0,19.708275229815612,70.9557849204724,Yellow,Rain,0.0,0.3554317898777983,35.0,27.0,133.43263807903702,23.220868866799076,High
2024-03-06 00:35:00,40.80561073751205,-73.72752247437582,63.0,44.154836356611135,73.31756197192085,Red,Snow,1.0,0.8010623338602247,88.0,27.0,214.68201530743204,12.79209115719332,High
2024-03-06 00:40:00,40.80297844956541,-73.96901648646828,260.0,48.02085945548902,97.21446134545616,Green,Fog,0.0,-0.947241927335542,99.0,12.0,185.9017535541171,14.70430657091798,High
2024-03-06 00:45:00,40.645357495738125,-73.79647878106253,281.0,29.927906599095635,91.2784009509731,Green,Snow,0.0,0.6432724900517435,69.0,32.0,,10.457158666819437,High
2024-03-06 00:50:00,,-73.79914338363368,53.0,,18.00039920169609,Yellow,Clear,1.0,-0.4786989017163052,96.0,45.0,289.7494873252118,8.557977990159253,High
2024-03-06 00:55:00,40.79152564547739,-73.73905082420634,156.0,8.20624067525035,74.12018373219293,Red,Snow,0.0,0.0500432666078249,12.0,32.0,,25.414903333365803,High
2024-03-06 01:00:00,40.65170289916776,-73.8490265187988,274.0,70.3463036842028,,Yellow,Rain,0.0,0.2363355878707138,10.0,22.0,176.64795538554012,20.336097479420705,High
2024-03-06 01:05:00,40.62404888676806,-73.95883951541725,18.0,70.6006266221104,44.35439925936426,Red,Snow,0.0,0.2248799629733133,57.0,12.0,481.60020104408295,8.481828749386722,Low
2024-03-06 01:10:00,40.859615761938294,-73.75064001208025,275.0,45.451160227338576,24.46903387163762,Red,Snow,0.0,-0.5074034905626958,19.0,33.0,381.2390849851265,14.58708747997153,High
2024-03-06 01:15:00,40.86714800760821,-73.7141111168025,280.0,64.96722115849154,92.13336017009168,Green,,0.0,-0.6777294570026942,87.0,44.0,279.0673904271856,13.93402850973953,High
2024-03-06 01:20:00,40.60544412185849,-73.70339738057811,297.0,30.280177912916553,79.86784004454377,Yellow,Fog,0.0,0.3324099471021393,,18.0,135.55210292739412,16.724647911648397,High
2024-03-06 01:25:00,40.708627647369525,-73.85422625646895,238.0,67.81810453621557,51.576248982953395,Red,Clear,0.0,-0.8824827392830521,33.0,15.0,494.3115859370265,12.748258362537916,High
2024-03-06 01:30:00,40.74618183679138,-73.73264400594907,220.0,8.99593815075286,68.10443730922606,Green,Fog,0.0,0.9057793465389816,60.0,35.0,186.93096886263243,20.26226287293786,High
2024-03-06 01:35:00,40.67233134951671,-73.72600637628203,248.0,47.93739934882856,47.583021652636354,Yellow,Snow,0.0,0.0029619858907226,36.0,26.0,302.31999192619935,21.788978312248226,High
2024-03-06 01:40:00,40.71146976195033,-73.7949419878387,,79.91198878659169,78.65253638727066,Yellow,Clear,1.0,0.5003826994003466,70.0,15.0,297.24099256139783,19.350594185209474,High
2024-03-06 01:45:00,40.69950912700307,-73.87159924184351,118.0,59.14448877280587,54.04369797880156,Green,Clear,0.0,0.8261519874322802,39.0,36.0,104.13794631036606,26.098977061383597,
2024-03-06 01:50:00,40.83342269871529,-73.88528616380138,150.0,11.727024618611097,44.45325329803358,Yellow,Rain,0.0,0.8936196488321135,86.0,36.0,55.48387836103081,16.892331717107623,High
2024-03-06 01:55:00,40.84802739119722,-73.85115278268717,155.0,76.67755293017584,27.061109803695697,Yellow,Clear,0.0,0.9377335892592832,44.0,19.0,292.22342911772046,25.85487327963478,Medium
2024-03-06 02:00:00,40.662006215518105,-73.99944315962159,202.0,,87.39275934806686,Green,Fog,0.0,-0.0729621539323033,59.0,43.0,342.4533846067409,14.66688006359481,High
2024-03-06 02:05:00,40.83550986359127,-73.70848116176549,276.0,9.02411591843261,84.55929619690582,Red,Fog,0.0,-0.4963711074333723,20.0,10.0,75.30602965982706,6.262817765463048,High
2024-03-06 02:10:00,40.8855592431273,-73.84719082240778,163.0,65.94611248084598,36.78799847153393,Red,Fog,0.0,-0.5170988339866414,60.0,47.0,486.4006899877425,18.77931775939761,Medium
2024-03-06 02:15:00,40.89187611326757,-73.7042849991264,147.0,34.724052981165855,18.267168985536117,Green,Clear,0.0,-0.8676996504934704,58.0,33.0,97.3006664593804,12.79120779459519,Medium
2024-03-06 02:20:00,40.80844491701112,-73.8858824992483,227.0,21.71229292514123,17.371134692058174,Green,Clear,0.0,0.2925886145974055,79.0,42.0,367.3559723503718,21.705728465784738,High
2024-03-06 02:25:00,40.76420686612707,-73.75982716922469,160.0,34.966434226853785,85.5252983075359,Green,Clear,0.0,0.3322295264609989,73.0,3.0,460.530624892146,26.87745188078508,High
2024-03-06 02:30:00,40.71067845765839,-73.98322417941127,173.0,59.3747854692451,48.502640667237685,Green,Clear,0.0,-0.6578765247538538,49.0,16.0,167.70469702027992,28.081621119607533,Medium
2024-03-06 02:35:00,40.68583719655831,-73.7752131720247,43.0,,34.28649465664385,Yellow,Fog,0.0,0.8807371134286821,82.0,45.0,119.78897067224194,19.903755382526196,High
2024-03-06 02:40:00,40.6102764104655,-73.89012731617,34.0,37.906683569396264,91.99796092107732,Red,Snow,0.0,-0.6783857708340819,33.0,37.0,89.91071801492018,19.915031994241048,High
2024-03-06 02:45:00,40.6588476072189,-73.84339078037317,189.0,42.4230887329503,91.90117070141974,Green,Clear,0.0,-0.5999787786307245,38.0,1.0,377.0890049864752,28.617315162297388,High
2024-03-06 02:50:00,40.75256706986267,-73.99415085958691,58.0,37.09209963393913,24.55131383836245,Red,Snow,0.0,-0.6305959144240134,23.0,16.0,315.93681287353013,7.196255287481474,Medium
2024-03-06 02:55:00,40.70178111986633,-73.88349996745687,284.0,34.29113031059649,34.017401572697906,Green,Fog,1.0,-0.5267107780645999,86.0,31.0,442.2064579320555,27.646849073906168,High
2024-03-06 03:00:00,40.87138824078475,-73.73897815115633,205.0,22.59162156919315,37.462727669025696,Red,Clear,0.0,-0.4965849948306096,64.0,7.0,297.7335611778076,23.86547916691836,High
2024-03-06 03:05:00,40.82218949162176,-73.78591983060382,91.0,53.816114704130165,57.6317662902764,Yellow,Fog,0.0,-0.0326396087598415,22.0,48.0,351.61727849121917,10.44691512000964,Medium
2024-03-06 03:10:00,40.8110886266624,-73.75236363714404,250.0,25.350073737709305,27.15489492545756,Yellow,Snow,0.0,0.542673356532579,9.0,21.0,443.8515577431419,9.837874552731911,High
2024-03-06 03:15:00,40.714496102794605,-73.90588097195203,248.0,37.03097233361913,97.4109284889353,Yellow,Clear,0.0,-0.6418124461379229,90.0,34.0,100.74031934924996,15.507198586701708,High
2024-03-06 03:20:00,40.65511970043514,-73.94164970084964,189.0,69.23518377082065,,Yellow,Fog,0.0,0.8413563766289449,97.0,25.0,457.5292067524558,20.68698320680516,Medium
2024-03-06 03:25:00,40.65869476316251,-73.75134362788839,53.0,26.77093768916669,71.08276775839565,Green,Clear,0.0,-0.3896098825849086,13.0,2.0,262.20131980225585,22.50763098619829,Medium
2024-03-06 03:30:00,40.683045837095435,-73.84980639032472,221.0,45.519438818240744,78.60119146612993,Yellow,Clear,1.0,0.6194819532267009,68.0,19.0,66.50918307660817,17.67196004813703,High
2024-03-06 03:35:00,40.721110703890666,-73.71072696688596,268.0,53.79885621023789,63.092879909599795,Red,Snow,1.0,0.4920491558893114,2.0,40.0,490.9958065840825,24.055186917260578,High
2024-03-06 03:40:00,40.788988701241905,-73.75533839412702,130.0,59.67688028049375,28.47796443866758,Red,Clear,0.0,-0.327058522919291,99.0,16.0,201.01056362770765,24.97821930503611,Medium
2024-03-06 03:45:00,40.82497689192883,-73.9662581242888,121.0,72.87298081197531,56.97875084417222,Red,Fog,0.0,0.6988588318881213,99.0,5.0,313.133513432538,7.464320169518952,Medium
2024-03-06 03:50:00,40.77699167088544,-73.88764615678855,265.0,69.71747527769072,55.56143665702683,Red,Rain,0.0,-0.1544193617177311,93.0,33.0,376.1066341424888,25.853111870348872,High
2024-03-06 03:55:00,40.719197195724846,-73.89652556426621,19.0,15.55354009344872,40.234930133429145,Red,Fog,0.0,0.5453756137517778,41.0,28.0,88.36420790753206,15.927982603583589,High
2024-03-06 04:00:00,40.7358947835757,-73.99304553287129,23.0,77.44171314581878,93.20580400077402,Red,Rain,0.0,0.3446141897969574,2.0,26.0,344.7174943018199,23.549090514409514,High
2024-03-06 04:05:00,40.83453438269523,-73.87298771460965,100.0,55.58940048681093,48.71126499967242,Green,Snow,1.0,-0.8090138249282977,78.0,33.0,198.0273454324756,27.69525571050326,High
2024-03-06 04:10:00,40.73961571718527,-73.72672572240145,280.0,71.4457350401801,99.0166577529462,Red,Fog,0.0,-0.4975029571684606,92.0,23.0,285.1618907443719,29.08422863828481,High
2024-03-06 04:15:00,40.604581661428654,,242.0,56.82606466360967,56.02202111336916,Green,Clear,0.0,-0.548308919533544,13.0,24.0,477.2046736548437,21.78970562174114,High
2024-03-06 04:20:00,40.81215498437338,-73.91606367202208,68.0,28.181499092395065,44.818827022262305,Yellow,Rain,0.0,0.7797955011208091,79.0,47.0,293.3660188849824,26.56747797632192,Medium
2024-03-06 04:25:00,40.76163559356406,-73.76269881182115,298.0,17.580388782077712,70.09554878332,Yellow,Clear,0.0,-0.5022612663624992,52.0,35.0,286.5123929133171,29.38220676921127,High
2024-03-06 04:30:00,40.8704479614545,-73.7856532018967,262.0,15.666488256815567,67.34280460735891,Red,Clear,0.0,-0.9863505665424506,97.0,34.0,70.66288377246377,13.763664544474873,High
2024-03-06 04:35:00,40.88099209647495,-73.77482608557469,247.0,21.033102419147855,36.31266695307443,Yellow,Rain,0.0,-0.4485736654992718,38.0,47.0,108.69778915108768,23.064811255152012,High
2024-03-06 04:40:00,40.60089519783397,-73.77618231521406,115.0,34.07233874943942,32.83385886551473,Green,Clear,0.0,-0.5020528926759844,5.0,24.0,270.9267911448062,16.45091879390183,Medium
2024-03-06 04:45:00,40.856112819136605,-73.72174957733456,128.0,68.20211087203538,49.337379245534414,Yellow,Clear,0.0,-0.0151903964078135,80.0,1.0,434.9801661278241,13.039156528022632,Medium
2024-03-06 04:50:00,40.73053067827319,-73.7958294477062,203.0,24.921501351871846,18.24615663584602,Green,Clear,0.0,-0.1069164605214161,88.0,35.0,90.73064261704656,15.181291059783248,High
2024-03-06 04:55:00,40.62788506802805,-73.96868602674478,97.0,78.49870604851135,23.36928159495179,Red,Rain,0.0,-0.3786695921765524,58.0,12.0,346.86231873180327,8.88543501653412,Low
2024-03-06 05:00:00,,-73.87579658177533,49.0,33.06832740970445,58.62887983060705,Yellow,Rain,0.0,0.2022515673901048,77.0,9.0,169.3948216394796,24.045271459116854,Medium
2024-03-06 05:05:00,40.76586362654138,-73.85660177627696,95.0,53.550811061093185,43.70223946510778,Yellow,Snow,0.0,-0.9012490167490554,73.0,29.0,287.3486656715809,17.065566064093986,Low
2024-03-06 05:10:00,40.65036319845299,-73.88097321469652,93.0,13.712613671878383,36.39965474486816,,Clear,,-0.3813167736019884,36.0,20.0,496.57427217929353,25.494824125612723,High
2024-03-06 05:15:00,40.82168533059117,-73.95025669476678,162.0,37.09484271815504,65.97809624644336,Green,Fog,0.0,-0.4955993301893464,69.0,47.0,189.5440257056057,8.78483491905608,Medium
2024-03-06 05:20:00,40.62089312797992,-73.78061226331914,160.0,20.25501221079486,54.427508914173536,Green,Clear,0.0,0.0992397164521985,28.0,38.0,84.71458645409149,6.733143401648227,Medium
2024-03-06 05:25:00,,-73.96700909236104,268.0,43.53585941413658,83.31386153674877,Red,Fog,,0.6777374350733716,19.0,33.0,333.9902119238594,21.829015243202704,High
2024-03-06 05:30:00,40.615609478056065,-73.82432482087339,97.0,74.02168634102067,79.83789782431244,Red,Rain,0.0,-0.653621179217176,67.0,17.0,86.45688376008928,28.862011701099224,Medium
2024-03-06 05:35:00,,-73.91434374954694,268.0,46.34186526751371,18.285414715220025,Green,,0.0,0.5265635164287712,15.0,17.0,184.112028996848,10.42992647524812,High
2024-03-06 05:40:00,40.66247228596323,-73.91523125909231,65.0,52.698325269315895,36.25774655549952,,Clear,0.0,0.2875858991074562,72.0,15.0,175.08239586327835,27.90507560375678,Low
2024-03-06 05:45:00,40.71315559158357,-73.86807124949017,238.0,62.39068327238602,47.84536271389517,Green,Fog,0.0,-0.0922782186482125,6.0,18.0,129.22709736021474,16.327291285220745,High
2024-03-06 05:50:00,40.795030475136464,-73.97723099738255,165.0,18.170014667724764,53.00288134127299,Green,Clear,0.0,0.9310742062727382,22.0,4.0,184.47887206893327,10.738651562829356,High
2024-03-06 05:55:00,40.84024050904105,-73.72267016738775,292.0,47.79740598235406,47.43624655595747,Yellow,Snow,0.0,-0.130578483976463,73.0,25.0,429.8825699564794,11.446503504615244,High
,40.86076918638961,-73.91963056522002,16.0,15.854045013053664,30.89212724400677,Red,Fog,0.0,0.8151401246617584,18.0,14.0,273.83830556105806,14.73526156838997,High
2024-03-06 06:05:00,40.7466091254636,-73.84980124801608,62.0,10.09273502743447,15.949092655062426,Red,Fog,0.0,0.9390806232405366,69.0,41.0,301.61313201555504,23.625640535971915,High
2024-03-06 06:10:00,40.75627129802761,-73.74784115164051,50.0,24.177447150860345,72.40897820147288,Red,Clear,1.0,0.8025151215660877,50.0,34.0,219.69483316183096,25.383472684286037,High
2024-03-06 06:15:00,40.71281309000578,-73.78490284679759,158.0,29.032322048056617,81.2633117883519,Yellow,Rain,0.0,-0.4198309187016913,68.0,4.0,260.93972848865576,6.481989329244113,High
2024-03-06 06:20:00,40.874658703407505,-73.92827801211743,91.0,58.35367837871649,62.47190877780245,Green,Rain,0.0,-0.1980791462291511,19.0,27.0,414.8897288735284,12.398690007649888,Medium
2024-03-06 06:25:00,40.762923096780334,-73.77625162765445,124.0,35.750304049983896,77.42754639279812,Yellow,Fog,0.0,0.1081086190655187,86.0,41.0,169.64678567145603,23.014924729387996,Medium
2024-03-06 06:30:00,40.72015979310745,-73.7405386861829,231.0,5.258113182878727,78.42981400814594,Red,Snow,0.0,-0.965368598570955,40.0,6.0,248.41697736921907,9.40758771612846,High
2024-03-06 06:35:00,40.88110668028612,-73.86507514289347,148.0,28.06033497694722,72.92129635174781,Yellow,Snow,1.0,0.2213858116095926,25.0,41.0,177.6000821282601,27.84197258867391,High
2024-03-06 06:40:00,40.66054845772369,-73.82296818274038,186.0,26.89785080605037,90.80767088279542,Red,Clear,0.0,0.7855357424281135,65.0,42.0,377.6414436975736,10.97833936506998,High
2024-03-06 06:45:00,40.861014562001785,-73.8408840495324,215.0,78.82773523293534,89.887487724558,Green,Rain,0.0,0.3549847814010858,35.0,14.0,352.59609169476926,6.643593056083192,High
2024-03-06 06:50:00,40.81402288978721,-73.81842006392444,136.0,71.54439321181783,73.30584547716472,Green,Clear,0.0,0.0601048923510314,50.0,31.0,250.17032374625165,24.26366378988559,Medium
2024-03-06 06:55:00,40.88441912535751,-73.8514332379485,155.0,31.655575717588206,78.44890169212117,Red,Snow,0.0,-0.2849463813522057,65.0,17.0,349.6877751057937,27.989136229464417,Medium
2024-03-06 07:00:00,40.63250256118635,-73.76716380446825,81.0,51.603236642016874,32.17400352326361,Yellow,Rain,0.0,-0.0315116967783049,73.0,17.0,,19.357181456928146,Low
2024-03-06 07:05:00,40.69423050739849,-73.72605819911023,39.0,50.94866962585204,28.457997592452863,Yellow,Snow,0.0,0.6337418251979712,37.0,31.0,340.2725949568626,14.17302421721099,Low
,40.86932146793211,-73.73686560059885,18.0,68.29190114872047,88.51413278840731,Green,Clear,0.0,0.4147270369175801,80.0,2.0,155.6344648280421,10.127007319861017,High
2024-03-06 07:15:00,40.665243968209786,-73.93908643566701,82.0,36.37603409037824,22.009286669671575,Green,Fog,1.0,0.5137392948230894,69.0,18.0,388.76784120008887,28.828964930484258,High
2024-03-06 07:20:00,40.87940153602315,-73.91354371523784,254.0,71.552458811402,50.908876022786245,Green,Rain,1.0,-0.1570035794261581,12.0,45.0,227.223937164252,18.7378384881416,High
2024-03-06 07:25:00,,-73.9262069518096,135.0,73.55693069892918,76.70980071253325,Yellow,Rain,0.0,-0.1851229461131764,13.0,47.0,320.36854417460034,27.04869941809014,Medium
2024-03-06 07:30:00,40.6783788249382,-73.7873455903786,232.0,44.00878171421369,30.6063849291846,Green,Rain,0.0,-0.3737976451725864,69.0,13.0,347.12853504701815,17.792406442094723,High
2024-03-06 07:35:00,40.75501300897276,-73.76217478760151,20.0,11.629651849436824,66.79267422355771,Red,Rain,1.0,-0.932582215806325,73.0,21.0,457.9671944781659,15.00129413241027,High
2024-03-06 07:40:00,40.760090122505574,-73.765796718751,87.0,62.92919989286538,34.46892111558356,Yellow,Snow,0.0,-0.0444572218222059,61.0,14.0,320.0784331803254,10.917145271963497,Low
2024-03-06 07:45:00,40.84175449669151,-73.77062588663979,109.0,28.299578506760888,56.02092160796385,Yellow,Fog,0.0,-0.8012562714045144,14.0,48.0,342.5493521772757,28.38081465894645,Medium
2024-03-06 07:50:00,40.80127255251551,-73.7468098543565,47.0,16.46232006643573,91.48727690010196,Yellow,Clear,0.0,,56.0,32.0,375.7148719677973,29.56227129186751,High
2024-03-06 07:55:00,40.72439907456161,-73.93006399655205,258.0,73.56676198843854,29.023920869428764,Yellow,Snow,0.0,0.2011891072281375,17.0,11.0,346.50624928755417,17.607607186936622,High
2024-03-06 08:00:00,40.67569072368447,-73.91143470382903,82.0,79.86648840508013,14.095079217206225,Yellow,Fog,0.0,0.1581747234900423,78.0,35.0,297.531299680459,20.841646279467337,Low
2024-03-06 08:05:00,40.65474989474609,-73.97309786112963,47.0,15.69221300799184,92.0488945519492,Yellow,Snow,0.0,-0.2937873824546568,53.0,23.0,477.96434213863665,25.027051321689935,High
2024-03-06 08:10:00,40.72374094154653,-73.86851057208375,295.0,78.5972683406523,36.30554831031605,Yellow,Rain,0.0,-0.1813967315375764,80.0,17.0,265.0007732091582,29.23370234225308,High
2024-03-06 08:15:00,40.654754918719625,-73.7572988554869,193.0,15.58775442185505,70.63318086422701,Red,Snow,0.0,-0.0597075342410047,83.0,49.0,407.6088044285717,8.432071581201733,High
2024-03-06 08:20:00,40.65673597734529,-73.96276124277679,184.0,76.61999936139172,25.977865112183164,Red,Clear,0.0,0.7048603988731059,29.0,6.0,81.74148723318231,21.98198617731105,Medium
2024-03-06 08:25:00,40.8346413441626,-73.81719619433937,299.0,79.55308295055545,85.5210680877301,Yellow,Rain,0.0,0.4224192311689254,87.0,32.0,114.95124572996632,7.90817437676269,High
2024-03-06 08:30:00,40.757259438929545,,14.0,27.442988149473127,94.04318109697032,Yellow,Snow,0.0,0.7434669096807163,44.0,24.0,102.04109251124788,18.350749607430387,High
2024-03-06 08:35:00,40.70590698917459,-73.88566042710175,30.0,23.09361132852006,15.610604581743493,Green,Rain,0.0,0.1983444182007248,96.0,20.0,488.38499324052185,29.203769573547387,Medium
2024-03-06 08:40:00,40.83971167919184,-73.95976564722746,160.0,74.03490884586233,70.67282777163857,Red,Rain,0.0,-0.5447615208900396,32.0,10.0,476.0315230489795,7.307463109195041,Medium
2024-03-06 08:45:00,40.85664168852881,-73.72561525486893,244.0,12.99304281290073,77.52366351040641,Red,Clear,0.0,0.215946487072443,85.0,44.0,370.471813554568,14.330271005878854,High
2024-03-06 08:50:00,40.84185419057482,-73.91462940127043,118.0,6.074997911688557,62.0346983616658,Green,Rain,0.0,0.5745350224331982,1.0,3.0,416.1542283483324,10.650461089722173,High
2024-03-06 08:55:00,40.70648249279124,-73.73487333900849,159.0,59.80395459134321,24.960075372714144,Yellow,Clear,0.0,-0.3733211982976459,92.0,41.0,489.76846803781496,10.151882671747508,Medium
2024-03-06 09:00:00,40.77989254612346,-73.8440525058298,15.0,38.54329717517145,76.36219049040187,Red,Rain,0.0,0.4168878076107094,31.0,32.0,91.81213825693894,14.937657493588976,Medium
2024-03-06 09:05:00,40.88547334073226,-73.96925807279486,137.0,66.86534840856098,93.96114118338429,Red,Fog,0.0,-0.6683204122549629,27.0,38.0,333.46711068438833,14.68742948231038,High
2024-03-06 09:10:00,40.89853056855455,-73.71698856743319,80.0,66.32823764444116,60.26274608960078,Yellow,Clear,0.0,0.2446829090782729,86.0,48.0,432.916295359247,16.63388318140258,Medium
,40.74788871789142,-73.76507478572609,117.0,57.03732288060544,75.1761734026511,Red,Snow,0.0,0.8830481643790662,7.0,11.0,388.9359702874415,21.759819506588997,Medium
2024-03-06 09:20:00,40.76554378928838,-73.8295052250179,126.0,21.74169389102592,98.71963001947496,Green,Snow,,0.8816439248573533,14.0,40.0,61.47761714921208,16.209822135255845,High
2024-03-06 09:25:00,40.791588708394485,-73.96222235195933,100.0,22.984235971443997,77.54412820727133,Green,Snow,0.0,-0.0356255419015274,93.0,20.0,424.9426463816095,16.276446396608627,Medium
2024-03-06 09:30:00,40.664481061385935,-73.80035961574188,268.0,73.0346768436143,91.65307104705975,Yellow,Fog,0.0,-0.8893818769950126,20.0,49.0,252.54765903070853,18.20359478515084,High
2024-03-06 09:35:00,40.76728804352018,-73.73214954840627,10.0,75.02570525268465,58.87408152393117,Red,Rain,0.0,-0.1879972245726369,14.0,13.0,155.2047722978885,29.031788992501458,Medium
2024-03-06 09:40:00,40.8228727722455,-73.7767227861294,41.0,7.882460025269864,15.501998979429086,Green,Rain,0.0,-0.977647942626804,46.0,8.0,379.8908669747891,25.947927607804232,High
2024-03-06 09:45:00,40.67360928747579,-73.7845328005275,285.0,59.25298043023205,15.372605950070472,Red,Rain,0.0,-0.0866507559956566,64.0,26.0,109.9152598810083,25.723519336487577,High
2024-03-06 09:50:00,40.756999637004554,-73.75481848556791,229.0,78.14892352308762,55.443268561255806,Green,Rain,0.0,-0.3639268439557377,7.0,23.0,189.7285530576445,15.13363637693281,High
2024-03-06 09:55:00,40.70916166049078,-73.89060236281874,78.0,9.750012183163596,80.18560590393562,Red,Clear,0.0,0.5474641396577613,27.0,29.0,147.03848746102577,18.22802170451683,High
2024-03-06 10:00:00,40.70282905521058,-73.98077725888447,241.0,60.46851448432996,58.25073499980972,Green,Fog,1.0,0.8767961739338925,54.0,19.0,125.98133270561688,28.590008463664837,High
2024-03-06 10:05:00,40.708618403542026,-73.99060527970316,180.0,8.79676467940153,17.735212768172314,Yellow,Clear,0.0,-0.1511251433153078,7.0,26.0,,25.35436249096947,High
2024-03-06 10:10:00,40.63768786454906,-73.91551109110603,88.0,45.478735804346414,43.7448145254507,Green,Snow,0.0,-0.2635283090796152,24.0,16.0,56.90912335552349,29.175115985886663,Low
2024-03-06 10:15:00,40.74516153182177,-73.76216346128506,22.0,53.51232344974339,15.38385087874029,Yellow,Snow,0.0,-0.8930839402054895,66.0,6.0,220.0380685898083,22.953259438810715,Low
2024-03-06 10:20:00,40.68686604521557,-73.95131974080812,181.0,8.476340793767196,70.15680974594216,Red,Rain,0.0,-0.3135295514104343,56.0,9.0,162.76311326972132,7.499138118399715,High
2024-03-06 10:25:00,40.684448635656445,-73.87644482593416,67.0,32.727152689367266,41.5621350361658,Red,Clear,1.0,-0.7865213706993985,59.0,19.0,492.2875393463444,10.060608849738024,High
2024-03-06 10:30:00,40.68749092321866,-73.86339058425251,203.0,32.88801948275449,96.95807797442026,Yellow,Fog,0.0,-0.3001637203799616,50.0,18.0,144.39015349238886,29.70633640805362,High
2024-03-06 10:35:00,40.824195037476954,-73.93826354893855,68.0,79.5016654297922,43.353340849896114,Green,Rain,0.0,-0.6910918103849142,79.0,48.0,410.214830901673,12.836720878324694,Low
2024-03-06 10:40:00,40.655578695436674,-73.85086093966117,37.0,45.75141475224859,64.362038961426,Green,Fog,0.0,-0.3061510836559196,76.0,48.0,358.9121173362347,24.211701122646367,Medium
2024-03-06 10:45:00,40.66586901360921,-73.71236055844078,73.0,16.698248146023644,28.61644757504661,Red,Fog,0.0,-0.0333461351242561,21.0,3.0,388.2592360745627,14.311818227173529,High
2024-03-06 10:50:00,40.758437048812226,-73.71042301599671,106.0,42.61543714449887,11.443395305666993,Red,Snow,0.0,0.2923623434340068,35.0,29.0,352.38410695334437,24.81925054132991,Medium
2024-03-06 10:55:00,40.81103064749999,-73.9538631414511,297.0,16.081556888534955,50.69622266956067,Red,Clear,0.0,0.3765929073558154,56.0,13.0,201.6182698798422,26.50248341175332,High
2024-03-06 11:00:00,40.831021647905224,-73.81450644218897,174.0,48.32221409566765,18.432824274145723,Yellow,Snow,0.0,-0.1254195373209163,9.0,9.0,476.7993830471876,17.31218665071013,Medium
2024-03-06 11:05:00,40.76119745483987,-73.79901789011213,240.0,71.13749120367308,16.906865709686016,Red,Snow,0.0,0.3878901043283487,26.0,38.0,426.6146127151797,22.924358348231,High
2024-03-06 11:10:00,40.81344356109003,-73.94359704437859,99.0,54.039176541263544,15.117099088869878,Green,Snow,0.0,0.2435277276585972,70.0,22.0,64.01504154776747,10.569216883186977,Low
2024-03-06 11:15:00,40.89662265146496,-73.88368462755545,86.0,74.57041595174616,72.63543519054531,,Snow,0.0,-0.2475028436392199,72.0,20.0,160.94849923388034,23.539152578021888,Medium
2024-03-06 11:20:00,40.89303123912251,-73.85401139584023,107.0,73.28731275251899,68.50405067664687,Yellow,Fog,0.0,-0.2777732931577374,6.0,34.0,83.1635958890138,22.840218219364264,Medium
2024-03-06 11:25:00,40.86353996417889,-73.7550565626472,132.0,66.89094478152806,46.52453092649047,Green,Rain,0.0,0.6059879365818344,98.0,9.0,264.50587714662987,11.735450587241996,Medium
2024-03-06 11:30:00,40.855832714476655,-73.94814599917564,268.0,47.720644318572006,,Green,Clear,0.0,0.9159999461028034,57.0,23.0,134.00267243359627,12.64746298249048,High
2024-03-06 11:35:00,40.69339679232024,-73.95820380946702,16.0,72.67778776274655,33.247045706060796,Red,Rain,0.0,0.4287184532491359,60.0,14.0,248.0692619645475,6.357896162390629,Low
2024-03-06 11:40:00,40.80654825493066,-73.97887479747476,255.0,27.488793017821138,99.0842976542388,Yellow,Clear,0.0,0.1999594502565203,58.0,36.0,350.2009206418572,16.886140179758016,High
2024-03-06 11:45:00,40.83244309425315,-73.81687655201911,21.0,74.8851297141918,27.2967696686312,Red,Fog,0.0,0.6453887719892459,40.0,45.0,427.10915202180354,9.374971255312548,Low
2024-03-06 11:50:00,40.67857595786179,-73.88536316469816,183.0,21.688418238427456,92.6474188901254,Red,Clear,0.0,-0.5034080686104818,55.0,9.0,51.41547287668853,26.14519597285177,High
2024-03-06 11:55:00,40.654899561999095,-73.88676194771939,50.0,35.54037467672201,59.26601448151579,Red,Snow,0.0,0.9128939417021706,93.0,9.0,167.22524944906462,29.914290754299483,Medium
2024-03-06 12:00:00,40.797542818541416,-73.94615045965013,200.0,14.006726186901334,89.49781563212,Green,Fog,0.0,0.706077615849964,54.0,24.0,75.07169345108768,22.8696275592074,High
2024-03-06 12:05:00,40.87991107225422,-73.93045393599964,133.0,19.967457046725286,18.46608158548911,Yellow,Snow,,0.4944599808401742,72.0,30.0,343.146126456215,17.302393053886647,High
2024-03-06 12:10:00,40.84467289203114,-73.74322724870892,105.0,8.50602090226568,74.39313401285017,Green,Fog,0.0,-0.4378931436906674,71.0,27.0,151.02741614454465,14.100205162570596,High
2024-03-06 12:15:00,40.88726722941517,-73.82662846996978,195.0,40.26945882892923,44.71927227456665,Green,Rain,0.0,-0.3691816701740089,93.0,49.0,108.1725845721405,6.852768456911264,Medium
2024-03-06 12:20:00,40.87105709577199,-73.80752706397571,42.0,12.926979564000048,53.141196513240054,Red,Snow,0.0,0.4246182747961198,87.0,46.0,314.83671442202547,8.531772054482168,High
2024-03-06 12:25:00,40.83569576423062,-73.83586323935654,208.0,71.83247548136318,24.6922269012829,Green,Rain,0.0,-0.94084120903526,40.0,33.0,328.1956221543254,17.38509146794662,High
2024-03-06 12:30:00,40.717307722193176,-73.92373433855718,193.0,74.00662331141369,89.18110873017609,Red,Rain,0.0,0.4277910722346421,5.0,19.0,327.38419554879937,8.732377149308316,High
2024-03-06 12:35:00,40.70621389261374,-73.71435787945484,266.0,46.40306113448912,35.10835213720638,Red,Clear,0.0,-0.5676521422542833,10.0,10.0,342.66410596680686,25.984307146809428,High
,40.70781488567879,-73.76274386820016,28.0,19.68206246589231,32.343707018546,Yellow,Fog,0.0,-0.6499583035367158,40.0,28.0,235.25105953402124,21.67171665732644,High
2024-03-06 12:45:00,40.82045259985517,-73.82768830517254,288.0,54.94934824900165,27.57981698358379,Yellow,Fog,0.0,-0.7701819830001562,58.0,21.0,89.69283971023799,7.98042183180277,High
2024-03-06 12:50:00,40.729021386232624,-73.70219470336465,192.0,33.91782990484843,52.060894590524505,Red,Snow,0.0,0.1759905304732105,29.0,16.0,370.96733301316493,11.09480661838921,Medium
2024-03-06 12:55:00,40.68392076839675,-73.73913508612702,26.0,30.851138079924844,12.445866988901772,Green,Snow,0.0,-0.9977295660598722,35.0,34.0,289.4210002934505,12.442315962960867,Medium
2024-03-06 13:00:00,40.64703300173743,-73.75786812030606,149.0,57.573881375622435,67.06481524161003,Red,Clear,0.0,0.8695075152001763,61.0,48.0,473.5280383286165,18.964182698429543,Medium
2024-03-06 13:05:00,40.85975254894065,-73.84078496117597,240.0,50.14757663348622,83.63822757406777,Yellow,Fog,0.0,0.1992814046124238,,48.0,111.45408034370377,17.086977909633518,High
2024-03-06 13:10:00,40.81549461124868,-73.73476931216666,34.0,76.85991849718012,15.977221568577711,Green,Fog,0.0,0.9779622028264436,83.0,38.0,52.57143873300488,17.126643182486383,Low
2024-03-06 13:15:00,40.64155217560086,-73.71910937858951,123.0,70.3088382626218,82.56493237763996,Red,Snow,1.0,-0.3043897235685568,55.0,1.0,325.2244562277081,20.58481163257575,High
2024-03-06 13:20:00,40.69554651913997,-73.94216872340462,240.0,61.346976644030704,39.004686506699514,Red,Fog,0.0,0.2538710751903492,20.0,30.0,285.89228977566415,25.989361539298297,High
2024-03-06 13:25:00,40.65095786801024,-73.80248825333433,214.0,70.39749546402541,51.41192246579842,Green,Rain,0.0,0.8036670615938029,15.0,8.0,152.44661705463946,20.038972802871783,High
2024-03-06 13:30:00,40.81464672312324,-73.96755104611347,157.0,31.19273655557072,51.16474877611565,Yellow,Clear,0.0,-0.4385296673641894,63.0,44.0,,7.108781984167199,Medium
2024-03-06 13:35:00,40.86139038592533,-73.78849195576656,297.0,35.7930459033375,12.109233458521144,Red,Snow,0.0,,22.0,23.0,364.5224042900619,9.639865807514797,High
2024-03-06 13:40:00,40.698462102596,-73.81977991360395,150.0,23.82627983753932,76.45357669516818,Green,Clear,0.0,0.5671999446011353,37.0,36.0,227.62824454556704,17.85162446048674,Medium
2024-03-06 13:45:00,40.85816997769211,-73.8073189136144,12.0,52.88241083636298,12.00071270816138,Yellow,Fog,0.0,0.841685066481769,81.0,6.0,469.6101795875848,14.71873579381222,Low
2024-03-06 13:50:00,40.866535964714146,-73.87429580697237,267.0,51.43139592558067,63.25699956003765,Red,Fog,0.0,0.4404654851675076,38.0,1.0,464.6822918973597,10.808769112069283,High
2024-03-06 13:55:00,40.695788673378125,-73.72212621739743,201.0,,63.39019405057672,Red,Rain,0.0,0.5619579925962361,50.0,16.0,328.79117826579443,9.718197886966308,High
2024-03-06 14:00:00,40.74422676048725,-73.70320795053911,148.0,64.63987578129485,47.48893974314627,Green,Clear,0.0,-0.1440089362698877,44.0,21.0,482.9139504825399,12.709281315659789,Medium
2024-03-06 14:05:00,40.83806152050916,-73.80624260389648,188.0,73.86052609279292,47.62191527138744,Yellow,Snow,0.0,0.0804401918245301,61.0,24.0,220.0162168588891,28.511190814227064,Medium
2024-03-06 14:10:00,40.72056336654995,-73.87198718285681,31.0,65.47658988781893,61.54148025110232,Yellow,Clear,0.0,-0.3519716340718648,98.0,24.0,200.94331948570115,5.139715101870269,Medium
2024-03-06 14:15:00,40.66737515476421,-73.90738266320197,31.0,18.707207216058883,28.245080902882837,Green,Rain,0.0,0.6432968703853987,43.0,48.0,151.4693042253492,6.3630164337785216,High
2024-03-06 14:20:00,40.64656736527155,-73.81985812492502,190.0,73.97263903430924,24.799218571146113,Red,Clear,0.0,-0.1999324219500866,57.0,40.0,122.83486051574904,16.219792498317105,Medium
2024-03-06 14:25:00,40.74688536047008,-73.71591356316478,173.0,26.681371710245816,80.21260161403158,Red,Clear,0.0,-0.1515061572524896,85.0,,56.54193303643025,28.134858883146187,High
2024-03-06 14:30:00,,-73.8904658320663,68.0,9.196711882787838,19.945199260737304,Red,Snow,0.0,0.8982880908629034,68.0,6.0,349.3281837481102,13.730569030696358,High
2024-03-06 14:35:00,40.648765542260726,-73.89970683605554,185.0,71.76698230739306,62.58876906083791,Red,Fog,0.0,0.1602816567152902,89.0,33.0,167.09560029236917,11.220703047642376,Medium
2024-03-06 14:40:00,40.64150588782703,-73.77341296721816,228.0,32.778322868039524,70.12085656806477,Green,Snow,0.0,-0.8305298579699949,39.0,23.0,432.4660630521364,10.428400490141104,High
2024-03-06 14:45:00,40.78096511899422,-73.70416903807356,111.0,54.14445749953092,11.217837599765335,Yellow,Fog,0.0,-0.3194443852846966,45.0,20.0,137.0088838323882,9.75552697976842,Medium
2024-03-06 14:50:00,40.80478918063946,-73.77898038900005,295.0,39.17218203572493,52.02405935411031,Red,Rain,0.0,0.6955270085041236,81.0,14.0,422.23928688455186,7.261241597113619,High
2024-03-06 14:55:00,40.72487856909571,-73.97396855110445,17.0,75.69737199974715,29.95761037989801,Yellow,Fog,0.0,-0.9452613049976376,96.0,47.0,152.46606921732229,5.222580395169669,Low
2024-03-06 15:00:00,40.6095282683,-73.92235449042238,181.0,72.42352535658351,74.34868156045265,Green,Rain,0.0,0.2098444679675,71.0,20.0,298.47712271504145,12.284717978928905,Medium
2024-03-06 15:05:00,40.69080267992477,-73.87879443471199,153.0,59.179310920941816,82.24673766172073,Green,Fog,0.0,0.0905482696028623,55.0,43.0,67.08181601211757,9.4876170179175,High
2024-03-06 15:10:00,40.659424127595905,-73.76842623731126,128.0,42.41043016842613,50.126202318239514,Red,Fog,0.0,-0.602268587276267,54.0,2.0,87.30923525992685,6.450788821584306,Medium
2024-03-06 15:15:00,40.89766507049022,-73.74864651736459,172.0,63.47222849960136,99.363707943706,Yellow,Fog,0.0,0.7079626544870241,49.0,37.0,434.1609159733949,17.437882937188377,High
2024-03-06 15:20:00,40.67544480367462,-73.8951633968891,170.0,56.57199028427668,70.36062665234954,Yellow,Snow,0.0,-0.2401383591565113,68.0,28.0,59.67570406336664,6.464319077132748,Medium
2024-03-06 15:25:00,40.601455752354795,-73.85919912627259,117.0,34.2956703559431,73.00124522623545,Yellow,Snow,0.0,0.6660978791950372,56.0,3.0,54.74203627325564,22.991128214250736,Medium
2024-03-06 15:30:00,40.669219182292025,-73.82192251368265,31.0,17.03782653905256,23.314154999081133,Green,Clear,0.0,0.9870857260601108,62.0,17.0,389.3164261906222,17.443826684014923,High
2024-03-06 15:35:00,40.88423725680232,-73.71081676265254,212.0,5.011059107490957,46.53135641369985,Yellow,Fog,0.0,-0.4775882428505293,21.0,39.0,129.5477002252225,27.84991357768751,High
2024-03-06 15:40:00,40.73997605027796,-73.88943901953299,266.0,66.83902116312433,95.68533936427384,Yellow,Snow,0.0,,67.0,28.0,80.50405246638843,5.453609079258363,High
2024-03-06 15:45:00,40.7210107593893,-73.75231030478405,169.0,16.564010796469972,22.87340292714719,Red,Snow,0.0,0.2618200599489624,76.0,25.0,443.3033978088365,12.321160154029666,High
2024-03-06 15:50:00,40.61772327278602,-73.91492733217592,107.0,72.21745301049958,86.7461140281367,Yellow,Snow,0.0,-0.7631787219207282,88.0,46.0,165.31595568061783,10.997809732092383,High
2024-03-06 15:55:00,40.60195221310275,-73.87130039878106,55.0,58.98421263051288,86.28726363932915,Green,Rain,0.0,-0.7010006868060406,90.0,13.0,323.94499390429684,6.873574682815182,High
2024-03-06 16:00:00,40.78605729384467,-73.96650201279071,246.0,74.36937334740688,12.198880557026136,Yellow,Fog,0.0,0.7346462092569828,1.0,16.0,134.25748211711868,28.664806320168825,High
2024-03-06 16:05:00,40.79454055810585,-73.92529563630858,33.0,33.01544062652889,93.38526978542228,Red,Rain,0.0,0.2988409415345261,84.0,25.0,94.01947205870368,25.34993608003085,High
,40.63530723642041,-73.88802860119105,89.0,14.633300873603524,81.96569856290466,Green,Rain,0.0,0.0716789503838608,6.0,37.0,278.78599370485006,20.00770618317614,High
2024-03-06 16:15:00,40.804774426673326,-73.78717007096809,250.0,22.86903763300692,49.31763775113622,Red,Fog,0.0,-0.6642155182218723,12.0,42.0,477.7138671278465,28.051480236828752,High
2024-03-06 16:20:00,40.84684452985381,-73.73249844362077,293.0,51.47671933252809,67.99486630315616,Red,Fog,0.0,0.2313528073637774,14.0,,284.4684948829869,17.685449812512275,High
2024-03-06 16:25:00,40.68450129567426,,173.0,15.661876090042943,64.89847793349821,Yellow,Rain,0.0,-0.1363377745212295,19.0,35.0,222.8493728515006,20.58351672413562,High
2024-03-06 16:30:00,40.79996084907783,-73.926707360399,48.0,34.784164395896454,22.18872629229006,Green,Rain,0.0,0.2456843321137667,19.0,19.0,76.91319197540858,14.457218747493153,
2024-03-06 16:35:00,40.886882196166574,-73.88182509044559,200.0,40.0577600568816,19.028512504853197,Green,Snow,0.0,0.8814612129314972,89.0,7.0,383.6349355675848,23.825404526260815,Medium
2024-03-06 16:40:00,40.79189693860779,-73.97265715154217,277.0,41.73781184521964,85.73101965047559,Yellow,Rain,0.0,0.5588150662579765,88.0,23.0,400.7108482036642,9.241197190606488,High
2024-03-06 16:45:00,40.719321264289896,-73.87141240086639,124.0,36.38684432336908,28.399473191510996,Yellow,Clear,0.0,0.0551278493539468,80.0,14.0,477.2938245408991,9.013914965768317,Medium
2024-03-06 16:50:00,40.7208904113275,-73.95911432731894,200.0,15.388482753343926,49.83792999023034,Green,Snow,0.0,-0.543483421766253,9.0,40.0,214.06818711762975,27.76721361226329,High
2024-03-06 16:55:00,40.846687218710976,-73.83044353564632,54.0,58.14058752267495,61.05165855387304,Green,Snow,0.0,-0.7003608096499814,58.0,39.0,173.58700006473666,8.11624683029402,Medium
2024-03-06 17:00:00,40.628183872854684,-73.85137488374926,52.0,15.112308927782962,37.84195351479429,Red,Rain,0.0,0.9151032911942844,70.0,36.0,450.99498290754474,29.82137429308074,High
2024-03-06 17:05:00,40.768026984977375,-73.71358577057202,206.0,12.159029492869026,82.69759294655775,Green,Fog,0.0,-0.9561421703479608,45.0,18.0,209.15833661460312,21.718387170684316,High
2024-03-06 17:10:00,40.86266821645713,-73.74403979898919,132.0,58.344097886782166,66.57981195281829,Yellow,Clear,1.0,-0.8291492081539538,49.0,17.0,486.4496834797729,15.719746160236806,High
2024-03-06 17:15:00,40.613558490279715,-73.71199200648444,221.0,57.8922167423564,28.34001459064191,Green,Clear,0.0,0.3871345705967168,83.0,23.0,402.93959390261256,12.481380097360258,High
2024-03-06 17:20:00,40.89910822566683,-73.87850127998409,145.0,17.500577548232776,62.87335204006484,Yellow,Snow,0.0,-0.231961528122663,83.0,31.0,201.60281927424512,8.420681557993172,High
2024-03-06 17:25:00,40.69128519672365,-73.74449938004578,37.0,24.07965537435778,16.292874282629448,Red,Clear,0.0,0.582844314474779,63.0,19.0,119.03056102178871,15.067414223276486,Medium
2024-03-06 17:30:00,40.75674281637682,-73.90806919314,186.0,45.81200253641267,63.97677749157019,Red,Rain,0.0,0.7670842781278557,53.0,37.0,57.2947493509024,18.73797831586689,Medium
2024-03-06 17:35:00,40.64561462042962,-73.90870994034681,228.0,8.323268502669528,83.99288679653898,Yellow,Clear,0.0,-0.8854747095015507,88.0,44.0,111.55726698514388,5.233684726154454,High
2024-03-06 17:40:00,40.84591305342148,-73.82215444843598,61.0,14.401389697653968,43.633512468457795,Yellow,Rain,0.0,0.322216412756924,16.0,15.0,235.60821584910897,13.510779230560644,High
2024-03-06 17:45:00,40.68360528324268,-73.7349970968867,141.0,13.115319025594117,78.49619554474181,Green,Rain,0.0,-0.4679763397589436,96.0,28.0,484.8209375035673,16.60586501934452,High
2024-03-06 17:50:00,40.73269242239434,-73.89566904115786,53.0,7.3391442042847155,71.34151024098992,Red,Fog,0.0,-0.0753344956623378,36.0,34.0,499.7913829187385,27.979755209173728,High
2024-03-06 17:55:00,40.81900818095132,-73.90468536959199,48.0,53.410183659464,52.32090648136016,Green,Rain,0.0,0.5215083094619204,37.0,37.0,,14.769341883418203,Medium
2024-03-06 18:00:00,40.65051536086665,-73.97796334428196,242.0,7.026703200197655,37.36887703736664,Green,Rain,0.0,0.2706946562518548,74.0,48.0,68.61018723280118,21.93776865179844,High
2024-03-06 18:05:00,40.81640682101533,-73.71510581626072,147.0,60.34257662341696,83.61777479661006,Yellow,Fog,,0.7742134294285323,68.0,26.0,84.0344653110989,28.00238532237008,High
2024-03-06 18:10:00,40.61781825875632,-73.89245546039064,63.0,56.24228865569312,43.505538041726375,Green,Clear,0.0,0.1603665908978155,66.0,28.0,297.676374649464,17.76437550581145,Low
2024-03-06 18:15:00,40.73354724792589,-73.93390506456538,173.0,71.87400070230552,16.504976346721854,Yellow,Snow,0.0,0.9214857437995028,54.0,13.0,272.9189055524125,22.593706259992228,
2024-03-06 18:20:00,40.81518524006024,-73.89478505015656,,78.2154981677254,21.444707724648637,Red,Clear,0.0,0.2478789572563873,29.0,9.0,368.4734086258261,21.42126623817126,High
2024-03-06 18:25:00,40.69487148076055,-73.74776153627968,18.0,15.7306841629427,95.26381446161582,Yellow,Clear,0.0,0.4859595740754319,17.0,10.0,63.64734190714472,28.106854722078907,High
2024-03-06 18:30:00,40.79235536957456,-73.9974754943203,101.0,18.893810312687837,15.00977670571158,Yellow,Snow,0.0,-0.7718497570507257,25.0,35.0,333.89575135467993,27.204017511972047,High
2024-03-06 18:35:00,40.82217336549758,-73.95763283563582,87.0,49.10963027937301,44.2216906471652,Green,Rain,0.0,0.6057776249097726,26.0,0.0,163.33612854985304,6.65073587643279,Low
2024-03-06 18:40:00,40.876157936687505,-73.77736117408239,96.0,76.55306454159907,46.59357106703628,Yellow,Snow,0.0,0.7025510052001154,34.0,10.0,215.68271971500369,7.618973965616577,Low
2024-03-06 18:45:00,40.687683034207275,-73.73187609874388,215.0,77.67735885015504,30.83578729000343,Red,Clear,0.0,-0.7990505665291834,33.0,13.0,486.4983743430919,25.34469553824688,High
2024-03-06 18:50:00,40.71474886217557,-73.94190301928066,292.0,38.69235587787282,86.5716795675379,Yellow,,0.0,0.5380403080435245,85.0,29.0,294.0732880224001,8.593619158648304,High
2024-03-06 18:55:00,40.74729865214101,-73.72784355661523,44.0,48.22345150033801,47.83818756803654,Red,Rain,0.0,-0.6449327722765543,47.0,23.0,75.60420771288662,24.26062643178708,Low
2024-03-06 19:00:00,40.75887925151552,-73.8310129323916,123.0,50.85424597097819,28.9299680717364,Yellow,Rain,0.0,-0.2978547639738549,56.0,36.0,112.24224277176492,22.59269309197064,Medium
2024-03-06 19:05:00,40.60534594956268,-73.76054703183415,215.0,44.45465378147647,70.87214003063767,Yellow,Clear,0.0,-0.2762483246761098,60.0,36.0,398.7652755259583,12.625141294949469,High
2024-03-06 19:10:00,40.888296002375505,-73.86763379401754,154.0,,66.43522124868589,Red,Snow,0.0,-0.7148219396076689,32.0,42.0,311.72138235912183,25.460420627239127,Medium
2024-03-06 19:15:00,40.83400836922424,-73.86140575736988,191.0,56.00019958248967,27.370932482217547,Red,Snow,0.0,-0.6110982418007798,90.0,25.0,464.24554751570577,10.208035420772354,Medium
2024-03-06 19:20:00,40.79403299474474,-73.97202790992961,236.0,46.64874479596525,95.9570090505024,Green,Rain,0.0,-0.0118185596298732,43.0,18.0,292.25051555276673,23.822868844898196,High
2024-03-06 19:25:00,40.790623539068314,-73.84486805804777,118.0,63.16391905008928,50.00376567172289,Red,Rain,0.0,-0.9833063464924988,29.0,24.0,124.51131134471704,23.257058270049953,Medium
2024-03-06 19:30:00,40.60397530842924,-73.88494376656912,116.0,33.12831648866084,45.38082684582567,Red,Rain,0.0,-0.7312375972528526,43.0,12.0,190.44199971087687,11.6354579635995,Medium
2024-03-06 19:35:00,40.68476517071829,-73.70095144429487,111.0,63.964207604298025,57.66903860354559,Yellow,Rain,0.0,0.1446120233007495,2.0,28.0,252.08800343569305,11.931132883082178,Medium
2024-03-06 19:40:00,40.634391443847626,-73.92620377302832,126.0,8.000227992620967,63.07746046133077,,Rain,0.0,-0.3879812307589791,24.0,2.0,299.16531657183657,26.534910411420597,High
2024-03-06 19:45:00,40.73614669029727,-73.75572220324676,79.0,16.69818611196736,86.29660309865176,Red,Clear,0.0,0.4374458644451711,69.0,5.0,233.86408429670192,9.202033087899492,High
2024-03-06 19:50:00,40.84441340773122,-73.94549862903268,274.0,25.195968623552165,80.74446728125683,Red,Snow,0.0,-0.8866154720033126,5.0,12.0,484.8659432169816,5.593856018079012,High
2024-03-06 19:55:00,40.700688372919146,-73.92329426991226,18.0,30.18974956041338,40.96595852068201,Green,Clear,1.0,0.0719543605115347,12.0,13.0,233.36537618071685,20.35220151392027,High
2024-03-06 20:00:00,40.6749710516896,-73.86384988126255,88.0,,52.869462284755095,Red,Clear,0.0,0.4057720525444666,96.0,46.0,436.2346296910944,7.840618466873831,Medium
2024-03-06 20:05:00,40.762995359533456,-73.84153193900396,203.0,26.99880965413783,73.58272152749244,Red,Snow,0.0,-0.8308042692631341,74.0,12.0,165.9575663223987,29.01150782821992,High
2024-03-06 20:10:00,40.88933833720355,-73.98549054014087,85.0,56.11159901036,98.07116179913768,Yellow,Fog,0.0,-0.5735103090489464,23.0,39.0,252.82962470113472,13.109786256650969,High
2024-03-06 20:15:00,40.79661268104829,-73.85750773419956,161.0,24.830555915247515,46.1934845217509,Red,Snow,1.0,-0.4175404228007722,85.0,43.0,476.91095416777694,10.287218302294953,High
2024-03-06 20:20:00,40.87919707005497,-73.84255473642934,113.0,74.77666165518009,70.07714390381508,Green,Clear,0.0,0.8841885275695558,28.0,9.0,337.074344701413,12.592692172054022,Medium
2024-03-06 20:25:00,40.64286057258751,-73.773812745423,44.0,42.51788014789913,22.61065299096116,Green,Snow,0.0,-0.3493791069650491,48.0,44.0,229.46601846919864,25.69461401050431,Low
2024-03-06 20:30:00,40.7367751337832,-73.85028873181834,198.0,22.990604151182517,79.31239474568068,Green,Rain,0.0,0.9042987865567198,25.0,15.0,150.71857649642106,14.745939137406696,Medium
2024-03-06 20:35:00,40.85476717271569,-73.82575276125864,176.0,12.932168480738724,73.7272067823224,Red,Snow,0.0,0.3871469579799087,26.0,37.0,108.1842016699074,17.94685678631441,High
2024-03-06 20:40:00,40.750133784679655,-73.8990564169646,280.0,22.179935708996144,87.20444542705168,Yellow,Fog,0.0,0.8731621305254178,91.0,44.0,457.49922884439025,20.143569536197884,High
2024-03-06 20:45:00,40.75557606314017,-73.78800788580631,95.0,22.82199642000365,86.90028596151973,Green,Rain,0.0,-0.2142788247478027,12.0,6.0,477.8758685225049,13.88010167250855,High
2024-03-06 20:50:00,40.8228913252323,-73.91346098631482,255.0,,78.7651473880523,Red,Rain,0.0,0.2274843476955654,61.0,4.0,201.1078436859393,28.950647301914017,
2024-03-06 20:55:00,40.70163151373945,-73.87784414929729,225.0,67.57229165751363,48.928242477794505,Red,Snow,0.0,-0.3317132272390395,29.0,12.0,445.334523223038,8.01063048375644,High
2024-03-06 21:00:00,40.72546541144868,-73.84653014359586,40.0,45.999174634388474,27.67741611269432,Green,Snow,0.0,0.1836694648326147,21.0,0.0,180.59982190025556,,Low
2024-03-06 21:05:00,40.8956085980905,-73.81464783265314,275.0,28.974326838598536,31.25691642463721,Green,Clear,0.0,0.8970684356680634,11.0,41.0,272.1877247593616,25.072842506701097,High
2024-03-06 21:10:00,40.618392179809526,-73.98189920704533,163.0,47.99911819026364,94.81034309849024,Green,Clear,0.0,0.0342617994425429,76.0,19.0,185.2630319151002,11.82032520456577,High
2024-03-06 21:15:00,40.605681045508256,-73.80436839110797,296.0,43.23979571772229,46.44838031465101,Green,Fog,0.0,-0.4894628695460683,25.0,13.0,69.71695416446785,8.22677046767399,High
2024-03-06 21:20:00,40.68514509153134,-73.84420502779437,259.0,52.985622853248856,62.23811031827677,Red,Fog,0.0,0.0696132629182528,10.0,46.0,239.85458545232788,19.82454764648156,High
2024-03-06 21:25:00,40.6119524777933,-73.97779164339882,166.0,53.90324585828234,12.239213112065734,Yellow,Clear,0.0,0.8088587524039184,34.0,35.0,441.0425625538585,21.44651162450851,Medium
2024-03-06 21:30:00,40.663147607782584,-73.8882668123186,87.0,22.515044447342135,66.50436587177502,Yellow,Fog,1.0,0.3858130721524015,42.0,13.0,232.05724574012984,14.083615562360716,High
2024-03-06 21:35:00,40.86142487689792,-73.95055760546212,95.0,34.62874927004536,29.114123907721225,Green,Rain,0.0,-0.7923879890128316,51.0,2.0,474.0853467203282,5.356919416742282,Medium
2024-03-06 21:40:00,40.85302945010936,-73.92318508208824,106.0,42.16981754531369,65.9493976888119,Red,Rain,0.0,-0.8025161590466148,39.0,11.0,445.0255917560437,21.55293731585111,Medium
2024-03-06 21:45:00,40.78118353301078,-73.77459163495026,255.0,57.34145414256105,29.444017289018,Green,Rain,0.0,0.8006049375994151,98.0,25.0,466.66884863571113,12.615089557401587,High
2024-03-06 21:50:00,40.67052042254084,-73.9146528585575,299.0,13.25886304972532,11.619944793409372,Red,Snow,0.0,-0.492159986248833,68.0,2.0,246.6949752236554,7.58889288471951,High
2024-03-06 21:55:00,40.645832441549594,-73.88757366848343,258.0,15.100751680412053,30.45207533431257,Yellow,Clear,0.0,,16.0,3.0,151.82660767783088,6.582234904995561,High
2024-03-06 22:00:00,40.76388280857704,-73.81535852041699,145.0,16.230960713503165,74.57753215573648,Yellow,Snow,0.0,-0.69171496906859,13.0,41.0,117.55008132699751,26.924588324482897,High
2024-03-06 22:05:00,40.848478543342225,-73.70746240375102,207.0,71.63149605573977,78.5751349737339,Green,Rain,0.0,0.6238726457397483,7.0,28.0,448.56225879722746,8.92582058692086,High
2024-03-06 22:10:00,40.67812016609783,-73.72910755731476,132.0,14.341651678932203,43.829955339373434,Yellow,Clear,0.0,-0.0690706871387025,78.0,7.0,148.2699957948303,12.132858765725874,High
2024-03-06 22:15:00,40.738291122240355,-73.72924803049241,193.0,28.55302845549525,74.7964008305661,Green,Clear,0.0,0.0161534964510658,18.0,43.0,105.65304901849244,9.670422660708113,Medium
2024-03-06 22:20:00,40.87835960402424,-73.85465839385392,157.0,33.60901472333583,99.20740449319182,Yellow,Fog,0.0,0.9690543827189972,36.0,16.0,373.7737677749825,25.076178373104945,High
2024-03-06 22:25:00,40.63303819504417,-73.83760163503507,259.0,74.84100892855001,82.77749297863448,Yellow,Snow,0.0,-0.5155337241997049,93.0,17.0,145.75962816703318,12.8690914884107,High
2024-03-06 22:30:00,40.79816811937024,-73.86663797137359,270.0,9.102502761654652,47.50179607455135,Green,Fog,0.0,-0.3650163385604119,95.0,39.0,207.47010141585147,16.638300103434112,High
2024-03-06 22:35:00,40.84735406906657,-73.89913919488231,91.0,75.69167466494669,35.78351286362029,Yellow,Fog,0.0,0.102125793740718,4.0,4.0,124.78912867166308,12.420834338176558,Low
,40.69878070347857,-73.82372874942025,282.0,47.77886256956119,88.85918202841803,Green,Fog,0.0,0.5494948788046192,69.0,35.0,370.47442194367153,14.333824535377108,High
2024-03-06 22:45:00,40.79887814638371,-73.80040240860168,288.0,36.8755091496173,88.45601522049576,Yellow,Rain,0.0,-0.9665135088932976,28.0,5.0,57.62970475396631,28.64048100582129,High
2024-03-06 22:50:00,40.61706125559502,-73.90811049939266,211.0,78.21711037775094,68.1750015998478,Red,Snow,0.0,0.3242057392065838,,11.0,190.4583605215049,24.632665289630825,High
2024-03-06 22:55:00,40.63670706478636,-73.83572967317654,233.0,5.386275045742929,22.65249752148784,Red,Rain,1.0,-0.1569785734974089,47.0,8.0,474.1150149764033,16.365821086887827,High
2024-03-06 23:00:00,40.68969170226319,-73.78713138165674,172.0,18.285441084336632,26.209972860197738,Yellow,Rain,0.0,-0.1338736563944385,56.0,6.0,154.07236419572655,22.571398625941264,High
2024-03-06 23:05:00,40.86550163610791,-73.84739308127543,42.0,68.07488318132702,50.922944537424456,Red,Fog,0.0,-0.4498573146651687,57.0,34.0,155.29861824319602,25.20695584365535,Medium
2024-03-06 23:10:00,40.6849040355627,-73.91732649258624,16.0,14.883291341573964,42.45858447756914,Yellow,Clear,0.0,0.7930357603194478,28.0,7.0,232.45136985898623,28.635383438776667,High
2024-03-06 23:15:00,40.73505183424098,-73.72864068885886,285.0,53.454174804308416,60.65901492091305,Yellow,Clear,0.0,0.1092772529597805,58.0,42.0,455.47748202054805,23.411830537383707,High
2024-03-06 23:20:00,40.74944420852842,-73.70362717861977,103.0,52.510646862215864,84.80053450746732,Red,Fog,0.0,,67.0,1.0,79.0982151874291,28.220040314870893,High
2024-03-06 23:25:00,40.824244669329445,-73.97371933112636,44.0,36.35851955448588,29.590585599924243,Yellow,Fog,0.0,-0.5843730985165163,8.0,42.0,464.31680570760625,22.731392474297383,Medium
2024-03-06 23:30:00,40.768921979385766,-73.96202654120391,276.0,33.0894966165542,96.05436687855804,Yellow,Rain,0.0,-0.925167154797387,2.0,46.0,78.10928170312977,29.70253226717887,High
2024-03-06 23:35:00,40.87125082692807,-73.99269861499646,,50.39269003461904,45.139509542244674,Red,Rain,0.0,-0.0462216659023511,43.0,30.0,461.60834464326945,,Medium
2024-03-06 23:40:00,40.64034237002028,-73.88295485311716,294.0,30.135051253010715,65.35969916308636,Green,Rain,0.0,-0.0026796453434789,21.0,43.0,238.06747014296195,21.182634790788704,High
2024-03-06 23:45:00,40.78063674868217,-73.97126775615918,18.0,74.41826591472244,65.98731838271135,Red,Snow,0.0,-0.0055790389017713,45.0,11.0,260.2208241453391,29.54380009348408,Medium
2024-03-06 23:50:00,40.7214912253217,-73.88800739223262,256.0,21.45012585704237,98.76460974848956,Yellow,Snow,0.0,0.6511210162175369,55.0,32.0,383.8029443125574,7.845010896231598,High
2024-03-06 23:55:00,40.75795894540201,-73.86808103102403,131.0,30.74116121827559,25.558525870858933,,Rain,0.0,0.77225366168056,72.0,2.0,91.51807188986982,29.514076840325615,Medium
2024-03-07 00:00:00,40.75995430029556,-73.9678197061029,192.0,45.22217479111084,64.01829456609525,Green,Snow,1.0,0.2418160481703206,8.0,39.0,145.52139583542137,16.86665045623576,High
2024-03-07 00:05:00,40.81416603368652,-73.77790560549195,45.0,38.63863641245219,24.099978871092137,Yellow,Rain,0.0,-0.6582244651632407,48.0,4.0,288.97135375427973,23.530066079278903,Medium
2024-03-07 00:10:00,40.78434516795102,-73.8985761114014,227.0,34.11734202184583,97.10021224876654,Yellow,Fog,0.0,-0.1281924109359089,55.0,19.0,171.28159765512487,27.161503749431812,High
2024-03-07 00:15:00,40.70821048815088,-73.95554053579684,58.0,5.227570839403867,30.37954894034789,Red,Fog,0.0,-0.4764736144909904,45.0,34.0,156.89025473666308,20.398790572108403,High
2024-03-07 00:20:00,40.812360882794245,-73.73040136824852,244.0,76.02244591319841,62.79575173589611,Yellow,Clear,0.0,-0.463002014620365,8.0,45.0,299.4414878413173,15.783240950858556,High
2024-03-07 00:25:00,40.871957732025514,-73.89894631833047,76.0,36.328953434230286,36.42110722813466,Yellow,Clear,0.0,0.2968694318627105,16.0,28.0,82.80695688636473,16.383196012361275,Medium
2024-03-07 00:30:00,40.62377783332148,-73.97717795961213,154.0,47.65935335925718,42.3097967293931,Yellow,Snow,0.0,0.288881451060587,46.0,38.0,207.38866959504193,26.506614024548245,Medium
2024-03-07 00:35:00,40.634092096902144,-73.81236791230587,187.0,25.90306218652205,12.33456762391745,Red,Snow,0.0,-0.857477069583584,55.0,22.0,53.1480391119122,12.016997223355483,Medium
2024-03-07 00:40:00,40.73843327829,-73.7143830883838,20.0,26.420064857281584,95.68636662388104,Yellow,Clear,1.0,-0.5922320411295623,92.0,34.0,209.04293209375257,11.34765139942591,
2024-03-07 00:45:00,40.70194554272614,-73.8004958073631,88.0,29.78705706387026,97.47399968547774,Green,,0.0,0.1926009862368056,79.0,4.0,379.24498793346805,26.436633277427507,High
2024-03-07 00:50:00,40.78689391204207,-73.87798000095256,80.0,39.46390497323912,12.490357085776562,Green,Rain,1.0,0.6903115572837566,12.0,42.0,181.6352539412522,20.78734001717247,High
2024-03-07 00:55:00,40.61075367121553,-73.92714681294854,57.0,60.22456984055498,46.98607638386546,Yellow,Fog,0.0,-0.312662823871972,39.0,4.0,185.76579268049977,7.052699014365164,Low
2024-03-07 01:00:00,40.77632808913526,-73.80382952199867,204.0,39.75291606795872,88.89207521164937,Green,Fog,0.0,0.967478867580593,76.0,26.0,157.72673467640706,20.134117343038213,High
2024-03-07 01:05:00,40.876786456580504,-73.94593302044129,98.0,24.053230482752877,60.95050247992469,,Clear,0.0,-0.2880641909469725,87.0,30.0,400.506914222459,13.824137873161812,Medium
2024-03-07 01:10:00,40.74555650534413,-73.71635747547286,17.0,50.08705809788899,31.683041840395223,Yellow,Rain,0.0,0.5407187908871374,27.0,7.0,167.90703765213465,16.597331836750506,Low
2024-03-07 01:15:00,40.740530822206665,-73.70408490798334,225.0,61.65881973269459,65.69437090980162,,Rain,0.0,0.4968502535769576,53.0,6.0,233.06127854957043,24.525563379380813,High
2024-03-07 01:20:00,40.75484471684828,-73.76978999769489,285.0,41.703996091338134,46.891280984835504,Yellow,Fog,0.0,0.5369827249719694,77.0,24.0,71.88957371116739,5.099674677971148,High
2024-03-07 01:25:00,40.65320272045995,-73.85360166740024,258.0,20.03093560617271,81.82521998001995,Green,Fog,1.0,0.8858285367094361,81.0,47.0,344.4526595720298,7.916061407729304,High
2024-03-07 01:30:00,40.86919582871252,-73.88059751223938,112.0,53.45272698354721,89.1089157011286,Yellow,Clear,0.0,0.4864926762137405,2.0,2.0,55.12880636165862,6.364123008893925,High
2024-03-07 01:35:00,40.771265874428416,-73.90646030861319,73.0,63.21208139127782,35.59575075611211,Red,Clear,0.0,0.4223235168196237,74.0,33.0,107.38700704333456,27.39166818058184,Low
2024-03-07 01:40:00,40.690959028318325,-73.99429859571443,144.0,17.952461501541734,39.05315367987703,Green,Snow,1.0,-0.5349788298114095,43.0,21.0,407.3852627844564,19.5512960143668,High
2024-03-07 01:45:00,40.603833442505355,-73.95455802352984,234.0,27.400090335610333,43.61105768218764,Yellow,Rain,0.0,0.5621960803253085,15.0,10.0,391.90142686006664,19.84757435329727,High
2024-03-07 01:50:00,40.84339863890872,-73.77413742945414,228.0,72.91088027960652,53.80284260332069,Green,Fog,0.0,-0.3274591143651335,71.0,8.0,344.9141058778436,6.87851313831994,High
2024-03-07 01:55:00,40.785832428346005,-73.82728885067516,126.0,56.16378435710178,49.817479234298034,Red,Snow,0.0,-0.8782057077945558,97.0,17.0,389.13867023895665,11.023112417340496,Medium
2024-03-07 02:00:00,40.61141481419764,-73.99208987761337,54.0,43.26671926729665,95.23636710391833,Green,Clear,0.0,0.0699314220958944,62.0,15.0,143.55233942720557,7.589536448300125,High
2024-03-07 02:05:00,40.70428062501187,-73.77179748636065,259.0,29.181106667622338,70.80143444852347,Yellow,Snow,0.0,0.8322151080388576,99.0,44.0,258.1725462248427,20.605124310743115,High
2024-03-07 02:10:00,40.73308607873688,-73.8794475042984,96.0,43.57425718551775,63.41988701353585,Red,Clear,0.0,-0.5269095825056418,36.0,12.0,66.73470688656644,27.584755737495904,Medium
2024-03-07 02:15:00,40.75229915990362,-73.81222720337225,59.0,16.27572988292738,51.749728672588155,Red,Snow,0.0,0.3368663526849109,54.0,7.0,147.9131794299669,20.85873446557867,High
2024-03-07 02:20:00,40.73708495580337,-73.75286989026989,16.0,,41.185872634107795,Green,Fog,0.0,0.7125463079476022,8.0,42.0,238.02261040055237,22.166320797166556,Low
2024-03-07 02:25:00,40.78986762260915,-73.83384554651319,213.0,52.978213890219216,27.727763500116325,Green,Clear,0.0,0.8147124686264768,9.0,19.0,99.56292500631096,11.678770741703346,High
2024-03-07 02:30:00,40.660200021205526,-73.9723617058363,291.0,27.794148883593927,68.39218880997421,Yellow,Fog,0.0,0.0336797352802746,51.0,9.0,140.05069160839446,23.243520237967218,High
2024-03-07 02:35:00,40.89768152080602,-73.93573564667585,97.0,71.56613388234649,85.01775955934202,Yellow,Fog,0.0,-0.055319026035109,36.0,32.0,59.631266879263535,16.380776250509985,High
2024-03-07 02:40:00,40.71498381033803,-73.71422132740571,156.0,46.04241556048116,31.545780174022504,Red,Snow,0.0,0.0572722648805945,42.0,37.0,234.0879346111775,16.491057718552653,Medium
2024-03-07 02:45:00,40.89887428173618,-73.85819669910704,156.0,30.60909008183338,62.35383299503268,Green,Clear,0.0,-0.4828977154115579,64.0,49.0,74.29406341275772,9.564878517752216,Medium
2024-03-07 02:50:00,40.73608755961206,-73.79783629785943,103.0,11.223192231627376,31.751448220578812,Green,Snow,0.0,-0.3562054873958191,96.0,17.0,330.0485455987794,23.755624555466472,High
2024-03-07 02:55:00,40.7267826343641,-73.75425274843457,84.0,58.39357527727499,49.02942945439189,Green,Rain,0.0,0.1006075829656103,35.0,15.0,320.5535398462877,16.17307831500321,Low
2024-03-07 03:00:00,,-73.80060819575203,120.0,7.29135665749371,95.06140874240604,Yellow,Rain,0.0,-0.9109461407864066,,0.0,220.18529668668393,26.414242474382924,High
2024-03-07 03:05:00,40.7466396169235,-73.78869743087978,267.0,17.60270426594511,51.09684906217668,Green,Rain,1.0,-0.4137537856679889,89.0,18.0,323.37278458258675,20.863761170225644,High
2024-03-07 03:10:00,40.8518810042287,-73.99805426721798,261.0,43.06999558070189,63.922759035806415,Red,Snow,0.0,0.7521501023820776,58.0,43.0,76.41191506808522,23.420209974901784,High
2024-03-07 03:15:00,40.61002267395528,-73.78177419441296,32.0,17.863873441637125,79.15087169510814,Red,Fog,0.0,-0.6502199130175801,14.0,30.0,403.6269315616873,27.307513244494892,High
2024-03-07 03:20:00,40.75047890614496,-73.88661981825138,193.0,48.612840428045274,85.42287718013992,Green,Rain,1.0,0.0480493614479815,18.0,8.0,323.924626880319,11.580218175744427,High
2024-03-07 03:25:00,40.607497750315694,-73.89717723751718,284.0,51.73481049125203,47.97612404732614,Yellow,Snow,0.0,-0.769643252571764,52.0,34.0,439.4418651657244,15.442082207972788,High
2024-03-07 03:30:00,40.78857244340874,-73.84812443464943,49.0,53.450831763054126,28.659499323719057,Red,Rain,0.0,-0.8596519470875681,81.0,13.0,298.96044325328273,17.754283197458644,Low
2024-03-07 03:35:00,40.72737815005067,-73.80358644606548,33.0,52.738151432346505,33.63902980489141,Red,Snow,0.0,-0.3349557674976997,24.0,1.0,131.11413063594512,24.031179864786655,Low
2024-03-07 03:40:00,40.87946146639447,-73.78835024550575,184.0,69.5236837036172,28.591223905661064,Green,Rain,1.0,0.2992203728913418,90.0,42.0,459.3876668835654,21.307306543355136,High
2024-03-07 03:45:00,40.828922795669,-73.81884277640407,224.0,36.123958963048054,22.40395888669965,Yellow,Snow,0.0,-0.4509808089903189,70.0,19.0,154.21488477033586,16.210011154042235,High
2024-03-07 03:50:00,40.7004127085311,-73.80873984621618,207.0,25.166658573438458,77.90729111096492,Green,Fog,0.0,-0.4426804307280527,22.0,0.0,482.39381494895287,7.024768740638466,High
2024-03-07 03:55:00,40.85421133105254,-73.8539587577254,252.0,30.889996066674374,32.47714907086375,,Clear,1.0,-0.1992894667311116,,24.0,329.8843342535356,19.868992853565636,High
2024-03-07 04:00:00,40.631699179527224,-73.8521728987508,295.0,73.25515542686674,58.16396274777235,Red,Clear,0.0,0.246286879672166,,49.0,328.02533888849445,19.237250558077086,High
2024-03-07 04:05:00,40.8194483937355,-73.70891395659285,210.0,75.4803698404375,79.22603777159013,Green,Fog,0.0,0.1841890758682138,,21.0,58.34191390482181,14.459677986053142,High
2024-03-07 04:10:00,40.619753535781854,-73.80307040490324,80.0,15.178125116317396,85.33096044615428,Red,Fog,1.0,-0.3573794783746176,47.0,18.0,301.7982095014835,12.668232583692276,High
2024-03-07 04:15:00,40.88885364991335,-73.82487611543866,215.0,55.8648537107988,76.5932987517256,Green,Snow,0.0,0.2395626719713641,,49.0,395.54656981665,18.349313949459,High
2024-03-07 04:20:00,40.698080174708366,-73.92634755027886,254.0,74.83370670312893,72.98102633164319,Yellow,Rain,0.0,-0.0805935462104934,84.0,22.0,460.6549686447078,20.427472776303546,High
2024-03-07 04:25:00,40.62807670524609,-73.87951781696714,219.0,18.576963966381665,11.77960658037908,Yellow,Clear,1.0,0.2334654066128096,81.0,42.0,413.4826743713377,10.115152327480544,High
2024-03-07 04:30:00,40.6547893238457,-73.701432574017,256.0,50.44348824642104,37.495597805950695,Yellow,Snow,0.0,-0.9592833932240304,89.0,14.0,130.79223984125915,7.158534993354327,High
2024-03-07 04:35:00,,-73.97149857511575,162.0,31.44596653713497,23.368568826390277,Yellow,Clear,0.0,0.0993124321409339,36.0,4.0,451.04508097593566,7.015096802715299,Medium
2024-03-07 04:40:00,40.71849865544747,-73.80015439753011,30.0,31.93163806071796,47.62239703492963,Yellow,Fog,0.0,0.4243213377394046,37.0,24.0,428.63376156872414,16.510792272810885,Medium
2024-03-07 04:45:00,40.643539180873034,-73.87869634012158,158.0,22.790743394548983,85.42941021006276,Green,Fog,0.0,-0.3568035730526131,25.0,40.0,347.7039707581684,19.169745896522596,High
2024-03-07 04:50:00,40.792877239899646,-73.79478011279672,272.0,15.757493374196615,21.78758726017402,Red,Clear,0.0,0.985907294446493,70.0,26.0,185.12444703327452,12.070678308734262,High
2024-03-07 04:55:00,40.886000390036365,-73.84659255230952,72.0,22.86210293971037,50.46113997532174,Red,Clear,1.0,0.9398732605174168,60.0,44.0,284.9276016662825,23.34427738519049,High
2024-03-07 05:00:00,40.83761695547477,-73.97100252543011,81.0,17.18359069820025,82.03012236951503,Green,Snow,0.0,0.4737763010537024,4.0,27.0,61.889653694700016,17.89839614101013,High
2024-03-07 05:05:00,40.84405987925672,-73.94267620650746,182.0,20.54012163135987,95.6201267161942,Yellow,Clear,0.0,0.0719008936668821,86.0,4.0,101.27159597400764,6.711013802720743,High
2024-03-07 05:10:00,40.84762862688217,-73.81056642213069,257.0,41.8077127990772,46.124265359213226,Yellow,Snow,0.0,0.1059850904996144,81.0,44.0,470.246951404637,24.90553393315532,High
2024-03-07 05:15:00,40.82276861132571,-73.97480998960098,207.0,22.559564406222783,20.56768113056645,Red,Snow,0.0,-0.383592645699883,27.0,7.0,433.83785322006514,16.183437886274277,High
2024-03-07 05:20:00,40.81263701920643,-73.79659085258385,39.0,67.67412964642914,85.28151184329798,Yellow,Clear,0.0,0.7731436807701635,84.0,19.0,430.02370654664736,22.8446791143683,High
2024-03-07 05:25:00,40.86658892082785,-73.78993881518345,120.0,42.36780961121517,96.82109952499223,Green,Clear,0.0,0.1577810970031905,13.0,9.0,108.7358555356174,5.1873011566377345,High
2024-03-07 05:30:00,40.658657424494365,-73.80577908258569,222.0,40.29926387667914,66.57858531628891,Green,Rain,0.0,-0.2766078700579895,19.0,21.0,125.44379744240896,17.089579988876274,High
2024-03-07 05:35:00,40.84225431027278,-73.71390636667299,250.0,9.396830860179588,99.20421192627929,Red,Fog,0.0,-0.9218476828484444,30.0,5.0,,6.353473249321816,High
2024-03-07 05:40:00,40.652418874461475,-73.87250331165694,265.0,54.17043059648585,56.35484908734798,Yellow,Snow,0.0,-0.4693603090254348,40.0,10.0,79.10918737049911,8.56952168129468,High
2024-03-07 05:45:00,40.81812077983087,-73.76825129792181,243.0,41.94493661809109,70.2414408780009,Yellow,Clear,0.0,-0.2345455113296395,83.0,47.0,,5.4776735278477435,High
2024-03-07 05:50:00,40.85259799462291,-73.79367071705984,68.0,65.00732946771805,67.14912880129206,Green,Fog,0.0,0.3544739569259945,72.0,8.0,278.6864986043146,8.25339740630421,Medium
2024-03-07 05:55:00,40.79108495354042,-73.88715451011964,234.0,51.95009192225568,40.09026988172734,Red,Rain,0.0,0.0696225231980034,66.0,49.0,249.08099573797344,26.240640031862824,High
2024-03-07 06:00:00,40.61019058364574,-73.74894785921583,149.0,77.4402283903702,84.61414123788634,Red,Snow,0.0,0.0257949472695337,34.0,7.0,104.2808612691112,9.420397747512904,High
2024-03-07 06:05:00,40.660162824099366,-73.78948639625519,31.0,61.74690472740318,92.128909003944,Green,Rain,0.0,-0.0227710287215812,13.0,21.0,361.5701730976658,29.8125228487907,High
2024-03-07 06:10:00,40.77278255695631,-73.79543936972468,146.0,30.608522801049663,11.844468673907745,Red,Rain,0.0,-0.4351021864430366,52.0,41.0,153.66905731042715,23.826969171170077,Medium
2024-03-07 06:15:00,40.64929704300227,-73.89525523651896,49.0,58.63575922800286,18.097373443358745,Yellow,Fog,0.0,-0.0718367337455658,62.0,1.0,193.771283301156,21.10017127464944,Low
2024-03-07 06:20:00,40.60927407546017,-73.79579427967248,243.0,71.7463612016231,85.0810696157573,Yellow,,0.0,0.6037885181782636,25.0,8.0,447.2998264253437,16.363282660893077,High
2024-03-07 06:25:00,40.89803627404592,-73.99530330366409,127.0,63.40504245168274,30.211258517791016,Red,Fog,0.0,0.0614349582136375,10.0,49.0,355.90679003545495,22.56206718135038,Medium
2024-03-07 06:30:00,40.632497291850704,-73.85136982076381,67.0,24.00730030821706,66.97250202710686,Yellow,Snow,0.0,-0.8211141232635968,52.0,41.0,325.70296102677077,19.09176563422653,Medium
2024-03-07 06:35:00,40.85717528542771,-73.84035537382587,155.0,7.22691637836272,88.50349759691505,Green,Clear,0.0,-0.0694028297170639,33.0,0.0,227.24545627419,16.38550004428917,High
2024-03-07 06:40:00,40.86827761925402,-73.9886990347312,,5.473509739344536,58.790714272946666,Red,Clear,0.0,0.8784517974623394,15.0,10.0,197.3787101192328,28.772384491298308,High
2024-03-07 06:45:00,40.617961931977206,-73.95495626309103,275.0,49.53888399285701,72.11743139084376,Red,Snow,0.0,0.0169705337902836,85.0,14.0,447.3940801808907,,High
2024-03-07 06:50:00,40.868751724442475,-73.70855575065245,253.0,50.96687197771955,96.3964468183364,Red,Rain,,0.2575628800328715,86.0,5.0,133.37246418701244,7.215973548027672,High
2024-03-07 06:55:00,40.74113485632655,-73.93381482941196,81.0,44.18479190732004,71.41260942014583,Red,Fog,0.0,-0.8057762545737583,68.0,16.0,357.29036632608614,19.33892325020821,Medium
2024-03-07 07:00:00,40.735120665244416,-73.87035456228655,199.0,30.09236214819568,60.53546945159571,Yellow,Rain,1.0,-0.7727740296015666,36.0,15.0,395.21977025628064,23.90068364392649,High
2024-03-07 07:05:00,40.85036823000101,-73.89221141415494,293.0,39.74661422216898,81.36488894750327,Green,Fog,0.0,,75.0,42.0,430.15168366037784,22.083318762440257,High
2024-03-07 07:10:00,40.74021540670115,-73.8649343972991,68.0,75.26722776810682,78.82413255939022,Red,Rain,1.0,-0.8449913652004029,31.0,49.0,176.7702072006182,25.549205599665505,High
2024-03-07 07:15:00,40.60427740964689,-73.86461434592847,26.0,61.31079181267096,91.97213996944596,Yellow,Clear,0.0,-0.7619923826466266,93.0,19.0,304.04240769412456,12.69390125324552,High
2024-03-07 07:20:00,40.82247935915787,-73.76922263360525,114.0,76.46072631366204,79.16704826597652,Green,Clear,0.0,-0.0096255603232686,52.0,38.0,58.41875249091507,17.76668828114703,Medium
2024-03-07 07:25:00,40.8235346695198,-73.72297425354097,28.0,43.92752639952952,41.04159165971496,Red,Snow,0.0,-0.3060414300060416,27.0,1.0,306.77886532902903,11.312212987333332,Low
2024-03-07 07:30:00,40.73605954582111,-73.7741233052305,104.0,5.656783390940277,87.17117046725268,Green,Clear,0.0,-0.4069597599759949,76.0,8.0,206.28506576806416,21.245686681393543,High
2024-03-07 07:35:00,40.844894980516486,-73.89533359283844,262.0,63.9211378976872,60.467570541119755,Yellow,Rain,0.0,-0.6356568938366618,12.0,49.0,187.14183062470596,5.544095466283379,High
2024-03-07 07:40:00,40.6854839696317,-73.8663167273622,149.0,70.33570103324293,81.11458511276071,Yellow,Rain,0.0,-0.8555282530123522,,37.0,210.61414425939708,8.118289383280878,High
2024-03-07 07:45:00,40.749879545864744,-73.75539032525096,294.0,53.80201350264371,76.28128488776612,Green,Rain,0.0,0.1141072732607526,74.0,9.0,486.7314201681816,12.363164209246758,High
2024-03-07 07:50:00,40.81977835779082,-73.75049149489038,157.0,78.86995876138893,39.16062869269482,Red,Rain,0.0,-0.0309095513623967,21.0,3.0,357.73818477910123,10.829884523439755,Medium
2024-03-07 07:55:00,40.70109473395899,-73.89418412080107,129.0,27.0997275516505,27.00228428330305,Red,Clear,0.0,-0.7449665684615154,95.0,29.0,265.3212110419289,8.957560599412949,Medium
2024-03-07 08:00:00,40.74002890813159,-73.79713242280259,288.0,44.25218889917071,57.34015751902491,Yellow,Fog,0.0,0.6579600617376311,34.0,6.0,180.30918859475744,26.616738067568743,High
2024-03-07 08:05:00,40.86456453192424,-73.7731744381762,131.0,32.59698488992643,68.11744965916509,Green,Snow,0.0,-0.6494103258940374,47.0,22.0,201.64134959532177,9.63908763699909,Medium
2024-03-07 08:10:00,40.64074436699045,-73.76892446891082,266.0,45.00140568356578,69.71949399640764,Red,Rain,0.0,-0.537956440424241,28.0,7.0,396.1902229224102,21.176258463070997,High
2024-03-07 08:15:00,40.81359639773228,-73.70576023089356,181.0,42.387387263990895,24.321293379658783,Green,Fog,0.0,0.9550207212828096,45.0,33.0,179.72287775952458,11.576547965896465,Medium
2024-03-07 08:20:00,40.72166243817537,-73.9055968100275,253.0,50.36310036732398,93.89465282153512,Red,Clear,0.0,-0.2151278221797445,4.0,34.0,430.311824236709,21.38980906538386,High
2024-03-07 08:25:00,40.828172045321985,-73.8929950050818,27.0,53.0451880669606,15.831898452092094,Green,Rain,0.0,0.4399856271246614,,19.0,219.6801857825841,23.828530045132492,Low
2024-03-07 08:30:00,40.72994934910078,-73.72293990367666,98.0,46.74572490797722,72.30090545598458,Green,Fog,1.0,0.4229079599892129,40.0,8.0,340.30337525836427,27.597747399592347,High
2024-03-07 08:35:00,40.624003051402546,-73.86939171250832,135.0,14.955023881516167,77.62688424196331,Green,Rain,0.0,-0.3015094393867428,39.0,31.0,486.77226141207774,12.957779867702408,High
2024-03-07 08:40:00,40.72753199132097,-73.77270590440148,293.0,20.59630597764633,68.30079254024545,Red,Clear,0.0,-0.4108690865968272,38.0,0.0,86.35247050436996,27.190143220507636,High
2024-03-07 08:45:00,40.712114212665355,-73.79466535009408,246.0,73.12583609740486,96.83662540702542,Yellow,Fog,0.0,-0.5206197731228577,87.0,24.0,74.093583736507,11.209372678237212,High
2024-03-07 08:50:00,40.63189390941504,-73.96468660965951,205.0,72.97690268906285,80.38193808628795,Green,Fog,0.0,0.6300134069772836,42.0,0.0,100.7323850572674,6.098276684486748,High
2024-03-07 08:55:00,40.743708334974805,-73.71325281449205,18.0,75.66667880729752,42.00364030640877,Yellow,Clear,0.0,-0.6336219488047532,30.0,1.0,468.9731742504275,9.113033706611962,Low
2024-03-07 09:00:00,40.88008830727753,-73.92889407524748,238.0,19.00987198302809,31.50072900366153,Red,Snow,0.0,-0.9824683847905809,90.0,38.0,411.96738876305295,11.865947419900769,High
2024-03-07 09:05:00,40.62662934138859,-73.85945699599975,106.0,45.67227180970052,32.480609151208114,Green,Clear,0.0,0.9766882208021744,66.0,19.0,61.61475576120232,18.34836741545264,Medium
2024-03-07 09:10:00,40.68562752575925,-73.89762050839474,146.0,56.6697850496813,65.58714439961574,Yellow,Snow,0.0,0.4149616667343117,18.0,5.0,229.53204265582264,12.209105243902163,Medium
2024-03-07 09:15:00,40.64454818981527,-73.76828194188357,250.0,52.706829792999585,70.37433436712251,Yellow,Clear,0.0,0.9967666406540644,20.0,20.0,170.87682847383076,7.483926803565456,High
2024-03-07 09:20:00,40.736572878456904,-73.99808457119084,42.0,62.18476514787704,92.9392767089515,Green,Snow,0.0,-0.6466280951422121,21.0,11.0,250.1082131054116,23.30005627459745,High
2024-03-07 09:25:00,40.62380663147022,-73.83467877812674,123.0,10.914233351181451,56.40273900383203,Yellow,Clear,0.0,0.2250891765137239,4.0,10.0,143.1380976157089,27.11674314695799,High
2024-03-07 09:30:00,40.65043169618604,-73.84860803331564,87.0,59.06896548830574,49.11900984387185,Yellow,Rain,0.0,-0.0634965157866529,76.0,39.0,476.491900927931,23.06402516206983,Low
2024-03-07 09:35:00,40.62203649457511,-73.85509890650867,251.0,24.372431109380663,98.70668884629528,Red,Snow,0.0,-0.7403274535521844,,4.0,350.53299057643727,15.429550733388773,High
2024-03-07 09:40:00,40.78373943449439,-73.87300832606392,152.0,70.77997044711877,78.28298501743565,Green,Clear,0.0,-0.7802178646869478,48.0,28.0,483.0895440357603,18.09239747036403,Medium
2024-03-07 09:45:00,40.8717425278592,-73.73995270540877,215.0,61.80287393069763,75.34364533963021,Red,Fog,0.0,-0.0802034672113209,24.0,49.0,370.8444112440635,14.31907787395485,High
2024-03-07 09:50:00,40.755082581221394,-73.78549575741732,141.0,62.67176098904406,80.27543384274638,Red,Snow,0.0,0.6764883036094729,31.0,26.0,367.43561017106526,13.914981307680115,High
2024-03-07 09:55:00,40.77810538172739,-73.98388882593854,124.0,60.802737476152295,46.03043043391369,Green,Fog,0.0,0.061773233074899,40.0,47.0,487.5447039995762,12.511793897775156,Medium
2024-03-07 10:00:00,40.71788181367866,-73.96879308215702,257.0,13.784621518718849,46.5991716459432,Yellow,,0.0,-0.9714459826330786,62.0,32.0,55.76344283783149,5.38796898977847,High
2024-03-07 10:05:00,40.68465377127296,-73.92895718619707,191.0,15.866026324162185,63.4615217607481,Red,Clear,0.0,-0.2908006466534423,28.0,7.0,252.310665184442,10.146676248464946,High
2024-03-07 10:10:00,40.66888785481122,-73.85561407328792,252.0,74.48662673962444,56.985544351967675,Green,Clear,0.0,-0.013816514500426,61.0,18.0,188.32281714105267,5.198089692683187,High
2024-03-07 10:15:00,40.75535126147316,-73.8560408511847,73.0,,76.77548632128644,Yellow,Clear,0.0,-0.4765392957695029,5.0,15.0,164.95292259956952,26.801051809244317,Medium
2024-03-07 10:20:00,40.82160648717457,-73.71746977618358,82.0,51.67543360111191,76.04536216713966,,Clear,0.0,-0.4261066103209483,70.0,23.0,481.1663217411514,25.36941409998162,Medium
2024-03-07 10:25:00,40.89878111900246,-73.94607259829415,38.0,,74.1079710624527,Green,Fog,1.0,-0.9845374852577276,32.0,40.0,397.91512303272776,16.205280791844288,High
2024-03-07 10:30:00,40.72552071614336,-73.876710933692,182.0,77.53241643091664,50.57590071448163,Red,Fog,0.0,-0.6430070602122206,65.0,4.0,242.93284285086656,12.729826927106432,Medium
2024-03-07 10:35:00,40.75236153517954,-73.88425620526826,30.0,70.80906083787411,44.669901876222475,Green,Fog,0.0,-0.4254554347759418,25.0,44.0,493.4419137452201,8.210712981710836,Low
2024-03-07 10:40:00,40.79011160453892,-73.73120830062298,258.0,75.57508824061323,12.357914928836667,Green,Rain,0.0,0.6038447824066626,95.0,25.0,306.352324462318,13.28888956496909,High
2024-03-07 10:45:00,40.675317713904064,-73.98221369849769,94.0,57.314359596515864,88.9648663496879,Yellow,Snow,0.0,-0.8482142077587802,1.0,31.0,392.42596944033545,9.196077102394408,High
2024-03-07 10:50:00,40.62614770354384,-73.86010612110367,286.0,34.37207827776305,34.66746447557256,Red,Clear,0.0,-0.9270339499299378,5.0,,96.010621923909,27.626871358514144,High
2024-03-07 10:55:00,40.84508642050768,-73.96165133467342,141.0,20.58963124352877,28.121430571370663,Red,,0.0,-0.1789483517635026,88.0,34.0,134.3635030237358,9.117318430648108,Medium
2024-03-07 11:00:00,40.8978697064266,-73.98104745795541,59.0,10.659637923764466,64.82730873698432,Green,Snow,0.0,-0.4698057468134611,42.0,34.0,83.7284631646766,17.40557198344926,High
2024-03-07 11:05:00,40.79874496239608,-73.70561749196632,180.0,13.9449154011054,97.15789104703023,Red,Fog,0.0,0.5246286674749054,90.0,43.0,196.2169448142928,16.83075843686094,High
2024-03-07 11:10:00,40.72609099602414,-73.88980546684756,202.0,35.376788350550896,46.65123323439385,Green,Rain,0.0,-0.3317803414699947,51.0,21.0,223.2399393512765,11.610215689094312,
2024-03-07 11:15:00,40.75562183061587,-73.71985239060965,66.0,31.714607882035367,71.02069431205067,Green,Clear,0.0,0.819975777404713,98.0,34.0,314.4410386026566,28.652364214679498,Medium
2024-03-07 11:20:00,40.8253032419165,-73.89200460087217,172.0,6.152055312059577,22.870606567414427,Green,Snow,0.0,0.3967164744226685,79.0,39.0,57.244896653326784,26.91209926484742,High
2024-03-07 11:25:00,40.86348973600697,-73.80008298090193,51.0,16.747368215256756,99.74210026444452,Yellow,Fog,0.0,-0.0979488089966031,65.0,15.0,250.02271092517796,11.893392142953228,High
2024-03-07 11:30:00,40.87997406048979,-73.78585748333869,71.0,21.617701844403644,56.354822399103725,Red,Fog,0.0,-0.6747956480470452,26.0,39.0,299.71227092397385,23.542958347559356,Medium
2024-03-07 11:35:00,40.72154023989387,-73.73404068559348,114.0,36.152305380409445,34.96770057847978,Red,Clear,0.0,0.8167687277150713,99.0,12.0,55.00982096101606,16.836173755066316,Medium
2024-03-07 11:40:00,40.73065924127805,-73.85413514655014,32.0,70.2427237842867,27.06650308457951,Yellow,Snow,0.0,-0.0303212708018922,,38.0,149.6803770402259,9.85488375865733,Low
2024-03-07 11:45:00,40.73266185171687,-73.964857034336,40.0,34.70207050422978,43.28804315236636,Yellow,Clear,0.0,,94.0,39.0,391.688796509094,12.04785833219306,Medium
2024-03-07 11:50:00,40.8556348916387,-73.77076541306973,115.0,44.98738110377841,46.24588733810397,Red,Fog,0.0,-0.6149619987608361,32.0,1.0,463.93441340131375,26.83806036898876,Medium
2024-03-07 11:55:00,40.82784010788362,-73.90414602906932,257.0,29.706380716816124,59.725314334153296,Red,Fog,0.0,0.3319411544759156,42.0,49.0,165.78990059562204,23.367900793815764,High
2024-03-07 12:00:00,40.80599735736581,-73.80018137948541,187.0,47.90309443339397,11.756194342115494,Red,Fog,0.0,-0.279943264566286,48.0,30.0,488.9233891909035,19.84557005538927,Medium
2024-03-07 12:05:00,40.85898212261253,-73.88383538229317,78.0,33.10204908944662,24.241836918318945,Red,Clear,0.0,0.8432997992739688,87.0,34.0,145.9013751165977,6.349686609324732,Medium
2024-03-07 12:10:00,40.73312973378865,-73.82039670037375,139.0,19.359381316243407,53.85358349978381,Red,Rain,0.0,0.5439727803321388,63.0,38.0,395.0388888479997,22.00305440347621,High
2024-03-07 12:15:00,40.854329238885846,-73.8628897420312,139.0,49.37234121307028,19.198025570197274,Yellow,Clear,0.0,0.6360980966221472,30.0,18.0,303.5067851561914,20.928017402323967,Medium
2024-03-07 12:20:00,40.88202349029057,-73.94274683476779,38.0,32.84643588778231,90.82628490857842,Green,Snow,0.0,-0.3375230944645573,20.0,6.0,102.22427268045058,15.85854023597518,High
2024-03-07 12:25:00,40.670030406772874,-73.70839104856508,252.0,58.45247847700277,51.083974070615824,Green,Clear,0.0,-0.130238951841642,44.0,31.0,141.53663866966076,11.829196516107796,High
2024-03-07 12:30:00,40.64043618724408,-73.95223520036818,58.0,62.49359067805776,53.9826849633798,Yellow,Snow,0.0,0.8272420169883472,91.0,4.0,,28.08588788937835,Medium
2024-03-07 12:35:00,40.80612890326185,-73.8846557311688,182.0,11.928715294075868,70.96361617467846,Yellow,Snow,0.0,-0.7645686785077919,39.0,15.0,218.63596137270724,11.681408860001454,High
2024-03-07 12:40:00,40.63556297741184,-73.98258894133572,42.0,55.04552565991733,99.70986410526064,Green,Snow,0.0,0.1697531891524621,92.0,41.0,229.9565751075076,28.320367164672263,High
2024-03-07 12:45:00,40.6980830037189,-73.98422675081423,10.0,12.158374562252996,30.8695121448553,Red,Rain,0.0,-0.9891505287331284,71.0,9.0,426.3198161261277,26.027112741595843,High
2024-03-07 12:50:00,40.749294085679686,-73.96174094440278,211.0,67.42255403758193,38.338999118041926,Green,Snow,0.0,0.4475666726790743,14.0,13.0,456.30594576695415,6.4144774073408195,High
2024-03-07 12:55:00,40.77322476705995,-73.8231112538805,219.0,54.01843064746442,91.52709024705725,Yellow,Fog,0.0,0.3183214658107201,84.0,18.0,,25.83955079920592,High
2024-03-07 13:00:00,40.80439712656486,-73.9772242464322,91.0,39.28005275058025,43.94253560719554,Green,Clear,0.0,,73.0,44.0,159.06610785381156,14.866206499247989,Medium
2024-03-07 13:05:00,40.67090181328548,-73.80260165309382,61.0,72.7966306532845,68.68266266909583,Red,Clear,0.0,0.6112838326512933,94.0,45.0,298.7232458384992,13.480286252356573,Medium
2024-03-07 13:10:00,40.76402598291295,-73.9219659977935,47.0,23.723762399389894,,Red,Clear,0.0,-0.990679461744743,96.0,38.0,403.54551706894296,13.551048888387976,Medium
2024-03-07 13:15:00,40.69861170518922,-73.98184325829097,271.0,38.33675225011325,47.106842823483696,Green,Fog,0.0,-0.5581644165675654,41.0,18.0,363.5969776265202,29.02584106761268,High
2024-03-07 13:20:00,40.601076056150085,-73.88609059000497,170.0,40.93975734381685,31.931679010656552,Red,Rain,0.0,-0.3375689618851967,24.0,27.0,266.86434647084263,23.28044433553029,Medium
2024-03-07 13:25:00,40.76892984555841,-73.81942676283457,139.0,60.02206241068977,30.087282122258603,Yellow,Clear,0.0,0.3136290225837548,30.0,36.0,158.63217543992914,21.07880265452055,Medium
2024-03-07 13:30:00,40.70973536930876,-73.7508599193188,90.0,59.87076621111449,73.07436115691532,Yellow,Fog,0.0,0.6530042522123618,8.0,48.0,447.66204810019343,17.0872130668154,Medium
2024-03-07 13:35:00,40.88847059403302,-73.81268592461129,138.0,71.8501942596918,77.70045724963823,Green,Rain,0.0,0.7712029985025448,54.0,34.0,144.54236930498894,29.587784642267877,Medium
2024-03-07 13:40:00,40.63652370910083,-73.78918396815786,163.0,69.13661566729743,43.45252618537157,Red,Clear,0.0,0.7042958293224544,4.0,25.0,211.05905201416635,22.44893474008575,Medium
2024-03-07 13:45:00,40.75519388681525,-73.85773573678082,170.0,51.70486895005256,68.6290489180339,Yellow,Rain,0.0,-0.3032145665492474,69.0,48.0,491.7419282114433,24.829103622371516,Medium
2024-03-07 13:50:00,40.66178071051674,-73.87523792998111,191.0,,43.634010464817074,Red,Rain,1.0,0.6773361301706695,1.0,26.0,123.21512779992048,23.334825893391233,High
2024-03-07 13:55:00,40.864361943231046,-73.80391566551643,290.0,7.278031003408302,97.32919223724043,Yellow,Clear,0.0,0.3035890273184443,81.0,6.0,322.8273688951298,11.046197453599842,High
2024-03-07 14:00:00,40.773970409630024,-73.80508996743174,221.0,63.2148306207231,73.42204401796174,Red,Rain,0.0,-0.660401043205626,98.0,34.0,408.25642520833094,27.958115900792215,High
2024-03-07 14:05:00,40.878221785661694,-73.85462956350335,294.0,78.2577390674869,61.94475164452392,Green,Rain,0.0,-0.3422744870761343,65.0,39.0,313.8710733981832,7.252553441884208,High
2024-03-07 14:10:00,40.688824112254245,-73.74285577467195,143.0,54.99705721441084,95.71965381631918,Green,Clear,0.0,-0.8369171919754268,82.0,10.0,357.54989740990663,25.191819407491636,High
2024-03-07 14:15:00,40.69002582942738,-73.87658938968819,46.0,15.084959445104912,72.9384064103366,Green,Clear,0.0,-0.566158527187707,43.0,22.0,434.7516866931202,8.280656009302907,High
2024-03-07 14:20:00,40.6322078142037,-73.96002998665146,,77.88175668058008,27.477329299365422,Green,Snow,0.0,0.7329553700650893,58.0,10.0,383.32006053320174,23.324222081100743,High
2024-03-07 14:25:00,40.658819863263105,-73.99939036787595,214.0,39.824648580300774,28.17809622080186,Green,Snow,0.0,0.9117118952669,70.0,19.0,92.70311967166406,14.703826218965036,High
2024-03-07 14:30:00,40.882812210006946,-73.89436275109095,,67.0096909942049,69.83686167474937,Green,Fog,0.0,-0.0523078389951183,1.0,33.0,322.3320091720196,18.19083559180737,Medium
2024-03-07 14:35:00,40.75158737869118,-73.84585113454098,78.0,79.02643478310326,40.319098492986086,Green,Clear,0.0,0.9790797391190752,75.0,16.0,68.83471042835887,24.86543507022283,Low
2024-03-07 14:40:00,40.89517970085536,-73.88989980367778,59.0,36.68261510757692,43.48238681957036,Green,Clear,0.0,-0.9570995659162758,96.0,44.0,318.47053519771595,5.137994476636985,Medium
2024-03-07 14:45:00,40.69786740569106,-73.95535881186628,63.0,19.74771263386583,38.57020000571548,Yellow,Clear,0.0,0.0671213424415722,99.0,45.0,416.9299475457063,7.899241277355347,High
2024-03-07 14:50:00,40.77203064147281,-73.9159336510416,179.0,22.355014191592502,90.86724727905036,Red,Rain,0.0,0.4970234280752705,47.0,19.0,247.6273760502602,12.063442852426526,High
2024-03-07 14:55:00,40.752125816862474,-73.93385985655425,234.0,58.73032869502339,87.69556931068712,Yellow,Fog,0.0,-0.9218143563209312,62.0,9.0,367.2650281442107,26.964453387456405,High
2024-03-07 15:00:00,40.85359464636001,-73.73145702244616,13.0,78.52177337152062,73.05480309679379,Green,Rain,0.0,-0.6420118891704556,46.0,35.0,267.01214139404595,11.63750267266364,Medium
2024-03-07 15:05:00,40.772106807674,-73.7698287765556,14.0,79.58902485403983,51.188085127512245,Yellow,Clear,0.0,-0.5094916146096851,62.0,37.0,273.4254449670912,24.161216839240343,Medium
2024-03-07 15:10:00,40.60744849535715,-73.836084956373,161.0,48.85035897768338,23.407836088849574,Red,Rain,0.0,0.2547090189425312,8.0,24.0,491.2072365449583,14.011800037404374,Medium
2024-03-07 15:15:00,40.817254820822946,-73.7467287386077,224.0,68.35533922596832,69.34805045435968,Red,,0.0,-0.4308548694871188,50.0,16.0,454.8525107923005,24.973869751134387,High
2024-03-07 15:20:00,40.79965184731213,-73.80376613050268,279.0,57.88391287774751,90.85590244563284,Green,Fog,0.0,-0.0062508294670147,36.0,10.0,222.13470021938048,17.31153424522431,High
2024-03-07 15:25:00,40.85617142470558,-73.98996994511565,40.0,31.485657600914987,48.60794100740813,Yellow,Clear,0.0,0.722016949683018,24.0,7.0,389.2907471040083,8.270889822459852,Medium
2024-03-07 15:30:00,40.7630965787783,-73.88102017193603,133.0,28.063681887868288,44.42646434642423,Green,Fog,0.0,0.4599211605520505,43.0,39.0,92.61351545444496,28.40949527107856,Medium
,40.713764754963535,-73.93797162646027,174.0,16.27063007032882,75.27689123951444,Green,Snow,0.0,0.5876487470750356,54.0,6.0,425.9813615231774,14.265468895204371,High
2024-03-07 15:40:00,40.73061691381019,-73.91795996588428,127.0,59.40815722498741,43.276979144735776,Yellow,Rain,0.0,0.0426808107726561,2.0,27.0,356.1433076933045,26.349077825049505,Medium
2024-03-07 15:45:00,40.61117196985873,-73.75683048860435,65.0,35.62200513640162,42.6553140357031,Red,Clear,0.0,0.5147802823873333,20.0,11.0,214.74455251536975,26.633944042840564,Medium
2024-03-07 15:50:00,40.7346166907029,-73.76553100435311,137.0,58.12266623996759,43.19204379510057,Red,Clear,0.0,0.172015720762801,4.0,11.0,364.11030495636817,29.110531619369223,Medium
2024-03-07 15:55:00,40.69726453915459,-73.76710289225163,45.0,33.85641225862217,26.437063261366813,Red,Snow,0.0,-0.1604723945990787,23.0,49.0,409.615449599788,8.977040121952621,Medium
2024-03-07 16:00:00,40.77674710035269,-73.72499841061031,275.0,5.0510470766885405,18.437582466607495,Red,Snow,0.0,-0.8249410009070142,53.0,29.0,188.128766247819,27.281755787427336,High
2024-03-07 16:05:00,40.60534020921605,-73.8016803447911,187.0,56.945906207330374,18.75965677170276,Green,Snow,1.0,-0.7402373500253943,46.0,28.0,220.28773169269556,27.06784787690733,High
2024-03-07 16:10:00,40.83263858352429,-73.91173607039838,182.0,30.576168664296535,30.200431644397465,Green,Snow,0.0,-0.4705609275808002,10.0,16.0,428.3846285489768,26.581565245629747,Medium
2024-03-07 16:15:00,40.789086183238155,-73.76253106812156,41.0,21.83490016354051,63.51622894382235,Red,Rain,0.0,-0.2285722584310003,35.0,44.0,207.02344927964057,19.52071494378096,Medium
2024-03-07 16:20:00,40.724171333744906,-73.79202925701203,289.0,11.95310819287433,27.1573808530462,Green,Rain,0.0,0.8887651179576135,41.0,16.0,369.6850731608709,23.417377112150653,High
2024-03-07 16:25:00,40.67610520221847,-73.847122822716,198.0,71.62286469313824,51.04057581120947,Red,Fog,0.0,-0.924904440021206,98.0,22.0,229.53234776908332,26.788048644856033,Medium
2024-03-07 16:30:00,40.690629006613385,-73.93699739462386,184.0,41.23535687491951,15.885522897703302,Red,Clear,0.0,0.7562436442205058,75.0,10.0,195.4932410224988,20.45284233962633,Medium
2024-03-07 16:35:00,40.772463406663185,-73.81566886209832,31.0,72.5123385160833,10.627611958054912,,Rain,0.0,0.3392191070114831,14.0,24.0,181.3604451994368,,Low
2024-03-07 16:40:00,40.84006968350347,-73.95464499814726,171.0,56.31703695679224,37.04552982055182,Red,Fog,0.0,0.094273479830808,97.0,12.0,338.2038090837997,17.714951626077813,Medium
2024-03-07 16:45:00,40.649764133105485,-73.98285313795697,109.0,65.0412449410563,14.337271236285908,Red,Rain,0.0,,72.0,33.0,210.85133355168392,13.026088226898604,Medium
2024-03-07 16:50:00,40.88331878875307,-73.86521863799709,68.0,69.75586198830064,60.32135742851967,Green,Snow,0.0,-0.9162290130460684,46.0,9.0,148.9623781239516,19.8843877497486,Medium
2024-03-07 16:55:00,40.80185050560048,-73.71734501599445,189.0,13.36315990715504,91.65901940348093,Red,Snow,1.0,0.5942165538605104,16.0,22.0,71.82435854955253,22.879912418665626,High
2024-03-07 17:00:00,40.610892858145554,-73.82593738569864,292.0,61.05320987372377,93.7705058042743,Green,Rain,0.0,-0.5146742089634171,72.0,,413.1031821355545,26.6011007244078,High
2024-03-07 17:05:00,40.653532533120874,-73.82765567199998,275.0,13.328942318232514,47.604860615795694,Red,Rain,0.0,0.622883263605597,44.0,12.0,413.9877187953549,21.766314029777064,High
2024-03-07 17:10:00,40.8105986443637,-73.71218403917318,267.0,9.765496763790702,75.65393973976302,Red,Clear,1.0,-0.8427461818589208,77.0,16.0,467.13626768230705,11.930697696127286,High
2024-03-07 17:15:00,40.656887029442785,-73.75002845306749,169.0,6.097085454389632,63.718601907193495,Green,Snow,0.0,-0.6630999789845733,59.0,45.0,99.08103608204016,24.35705325950042,High
2024-03-07 17:20:00,40.611742826929074,-73.75848615663273,135.0,68.76129374987471,81.92369848057558,Red,Fog,0.0,-0.0415601588251197,45.0,19.0,498.9507963786329,16.608681744197447,High
2024-03-07 17:25:00,40.60397011049089,-73.88708708153106,38.0,49.92669670212781,11.583496327570682,Yellow,Snow,0.0,-0.7948382129362999,1.0,45.0,58.33773061485758,5.101989492643451,Low
2024-03-07 17:30:00,40.7165877478725,-73.81195399122194,95.0,75.75133673674638,94.01970581069384,Yellow,Clear,0.0,-0.4572491685734203,5.0,48.0,422.9054514989597,15.81626770704325,High
2024-03-07 17:35:00,40.68919920273786,-73.82312026119726,266.0,64.92780727979166,39.59051279406336,Yellow,Fog,1.0,-0.8910363039201279,36.0,13.0,95.92559749225316,13.079544403010678,High
2024-03-07 17:40:00,40.85542896419699,-73.75644181183652,175.0,66.35923684060583,14.306002536607275,Red,Clear,0.0,-0.9783063079617114,15.0,23.0,126.97386113150364,24.410095237224233,Medium
2024-03-07 17:45:00,40.63678734540144,-73.71922660597157,231.0,5.751631760105437,88.25753633890093,Green,Fog,1.0,-0.2348224982362916,40.0,19.0,414.64576898292137,28.855596802199187,High
2024-03-07 17:50:00,40.61316318355908,-73.95179820604217,,36.74520259886461,91.6118640281236,Green,Clear,0.0,0.4087053806978826,96.0,13.0,118.06962398337132,10.323158230787872,High
2024-03-07 17:55:00,40.73882411207936,,50.0,13.34142522454383,56.09906349497944,Yellow,Snow,0.0,-0.1883555666592333,74.0,23.0,395.7949649574781,15.743246756224622,High
2024-03-07 18:00:00,40.77251488341923,-73.97649591983645,150.0,48.759961153123335,28.00070208300399,Green,Rain,0.0,0.8762134231373802,17.0,43.0,395.546537220536,6.98620539831327,Medium
2024-03-07 18:05:00,40.78734989959249,-73.78895522818937,16.0,78.254031464242,62.63637508487787,Green,Fog,0.0,-0.469245732579995,47.0,,160.4309764295335,12.929041119324314,Medium
2024-03-07 18:10:00,40.664460253568926,-73.926630724998,278.0,21.092491364988064,96.74867450004024,Yellow,Rain,0.0,-0.6516641975683379,41.0,40.0,65.74666420215776,13.175163240892672,High
2024-03-07 18:15:00,40.69506928245966,-73.83095991790788,26.0,24.462356435004978,61.889817985784426,Red,Fog,0.0,0.0770487356950127,76.0,1.0,285.5696932844577,16.85281854601086,Medium
2024-03-07 18:20:00,40.84119415718065,-73.70717602232378,263.0,70.325397050126,76.64721254082487,Green,Rain,0.0,0.0703641169497115,19.0,22.0,83.52612631589605,7.917720866154792,High
2024-03-07 18:25:00,40.86742043525616,-73.84289833026287,91.0,15.868438316514622,51.17800751099322,Green,Rain,0.0,0.8817085940959086,39.0,9.0,337.9069311577684,9.62548269996524,High
2024-03-07 18:30:00,40.89044054306156,-73.75548638792597,107.0,28.427521390671185,94.92467749939736,Green,Fog,0.0,-0.5779849476107308,37.0,23.0,111.94499327839128,13.782279188871906,High
2024-03-07 18:35:00,40.88611480508998,-73.74749231850143,62.0,33.59599339447611,11.289071132421304,Red,Snow,0.0,0.0584842580440865,17.0,32.0,395.3650822825648,10.340205323681593,Medium
2024-03-07 18:40:00,40.62749890578027,-73.76645401435695,283.0,48.221268747967656,19.809387354878822,Red,Clear,0.0,-0.3116069300699511,66.0,38.0,410.4505680818039,16.927949012572533,High
2024-03-07 18:45:00,40.79802379989259,-73.79177118190586,67.0,59.26700971508294,45.09334247652643,Green,Clear,0.0,-0.6878681504740431,14.0,14.0,121.80116296180336,16.87991087924969,Low
2024-03-07 18:50:00,40.70116232642282,-73.83352613799369,240.0,65.90723428874674,86.20377858200455,Green,Rain,0.0,-0.768890106715117,61.0,43.0,81.5965326218283,20.730607235334553,High
2024-03-07 18:55:00,40.77919684703632,-73.99946721955034,68.0,12.92924844183554,55.90359640504281,Red,Rain,0.0,-0.2009533039434059,30.0,37.0,402.0997591900943,9.35372479815764,High
2024-03-07 19:00:00,40.73967792772455,-73.85642441159631,246.0,70.21466430772708,32.173462397788086,Green,Snow,0.0,0.5361849404573045,68.0,15.0,156.97673303826562,13.11986646811754,High
2024-03-07 19:05:00,40.84740046523043,-73.87104696860776,253.0,16.357849828706776,91.83995369121168,Red,Snow,0.0,0.3135795632570963,7.0,24.0,64.86002675860631,14.031020478907822,High
2024-03-07 19:10:00,40.83690685256615,-73.79788951401098,206.0,7.999342778057243,28.59401804344542,Green,Rain,0.0,0.5891114153668662,54.0,13.0,465.366100254315,5.524485413215647,High
2024-03-07 19:15:00,40.767763304229995,-73.9969270541742,201.0,43.09858674582832,57.254101164329064,Red,Clear,0.0,-0.616021172262408,19.0,5.0,466.9167192104548,27.782727703476574,High
2024-03-07 19:20:00,40.63425003675267,-73.86207133549546,89.0,65.77004759212448,14.585526644856277,Green,Fog,0.0,-0.3433591129486482,19.0,21.0,359.400680203677,25.883548690493893,Low
2024-03-07 19:25:00,40.82749038238656,-73.82330887494868,29.0,39.03405352600392,67.94532190284585,Green,Snow,1.0,0.973711894082538,31.0,41.0,380.1776270567092,19.972672260505597,High
2024-03-07 19:30:00,40.80508945393093,-73.74933346163108,151.0,27.51024827283228,35.385249457845944,Red,Rain,0.0,0.8691011814156957,61.0,25.0,337.6863962763328,21.0985684188677,Medium
2024-03-07 19:35:00,40.84928559625515,-73.74776954695245,73.0,72.82518914470946,93.4214391422911,Yellow,Snow,1.0,0.4419365165017841,71.0,15.0,428.4103754179323,8.078678322692397,High
2024-03-07 19:40:00,40.68527096491088,-73.91561396168137,221.0,56.19879697774968,95.4097573279398,Red,Fog,0.0,0.8146368946139793,74.0,44.0,102.3712459279088,25.84682439922366,High
2024-03-07 19:45:00,40.84671870033497,-73.83369074156339,46.0,48.04002818696341,47.62914123829695,Green,,1.0,-0.1323012965941128,48.0,31.0,448.0665742286126,13.344067318019944,High
2024-03-07 19:50:00,40.85021580332739,-73.72965954377047,127.0,43.14331614472922,43.96522829311562,Yellow,Clear,0.0,-0.7863187884551779,31.0,20.0,467.1173855942292,18.16910803057139,Medium
2024-03-07 19:55:00,40.602717770982,-73.90378326147437,279.0,48.118450445100486,38.77352226557552,Yellow,Rain,0.0,0.6429112003115018,32.0,43.0,98.97706900533122,24.175991972288863,
2024-03-07 20:00:00,40.62933818289407,-73.75862274354787,152.0,78.5008976534356,68.88218818503147,Yellow,Rain,0.0,0.1429775045315031,93.0,11.0,273.8946673204225,6.994622825519518,Medium
2024-03-07 20:05:00,40.76559640634811,-73.88522742808715,105.0,8.363940770742325,95.73121138016572,Yellow,Rain,0.0,0.8698611442636699,80.0,11.0,171.4754748625336,23.40266391830868,High
2024-03-07 20:10:00,40.633346231870824,-73.86370280156737,155.0,18.70414530415033,73.37186542919908,Green,Snow,0.0,-0.4067438427354166,86.0,20.0,133.40011376120677,16.262498514463473,High
2024-03-07 20:15:00,40.6456757184196,-73.99604172880716,161.0,32.11780464816849,36.77764442595459,Red,Rain,0.0,-0.0328185075834372,45.0,3.0,110.6157518733525,18.678697132264148,Medium
2024-03-07 20:20:00,40.89862938554243,-73.99764513901609,119.0,68.35429190258635,16.54522450895179,Yellow,Snow,0.0,,30.0,27.0,237.38995782586107,7.862654729150563,Medium
2024-03-07 20:25:00,40.7746651415541,-73.76266992416299,186.0,42.92111083519962,52.191190365137295,Green,Rain,0.0,-0.5169431230802142,58.0,21.0,309.86149297299977,13.66214086886156,Medium
2024-03-07 20:30:00,40.77989736949875,-73.78192721370404,198.0,16.68953262997285,67.7613740154708,Yellow,Rain,0.0,-0.7793879604005411,45.0,5.0,372.3400149221507,13.399196489537331,High
2024-03-07 20:35:00,40.73615571487328,-73.71784694056169,182.0,78.74983815327724,84.59121435004393,Green,Rain,0.0,0.0341608266920538,76.0,27.0,478.33827110608235,26.20968193924391,High
2024-03-07 20:40:00,40.85579389570727,-73.81933117389202,59.0,18.926178982770303,93.98603878198882,Yellow,Rain,0.0,0.2390337570715672,12.0,5.0,61.41688018338208,28.826898652147428,
2024-03-07 20:45:00,40.690062388050805,-73.71911001554915,164.0,19.24910769666759,87.10343578631993,Green,Snow,0.0,0.5779122626759392,40.0,30.0,147.11195913618198,15.990222500868567,High
2024-03-07 20:50:00,40.68068009305916,-73.90783288077662,265.0,18.77612834454507,91.40046045669104,Red,Fog,0.0,0.3159634252430803,24.0,7.0,93.05011216559676,16.344697147615776,High
2024-03-07 20:55:00,40.688282317252934,-73.86926750730294,151.0,54.54080325803057,48.53260094994568,,Rain,0.0,0.0951692736791887,19.0,21.0,213.1965701345809,28.870734737571,Medium
2024-03-07 21:00:00,40.6077176115276,-73.9389720246813,168.0,61.73008887382991,47.84284699549318,Yellow,Snow,1.0,-0.3306887209530409,25.0,21.0,230.57318473442268,5.523605046920739,High
2024-03-07 21:05:00,40.655060733152226,-73.77073642345064,142.0,30.58263075496382,31.97321714226736,Yellow,Rain,0.0,-0.4350525347243836,83.0,12.0,113.74232374889482,27.39594008437026,Medium
2024-03-07 21:10:00,40.690210947382305,-73.80491684707928,257.0,43.046940947293606,97.77914936528548,Green,Clear,0.0,0.3658174668514986,61.0,13.0,498.669945639592,23.55273880625521,High
2024-03-07 21:15:00,40.84139052815686,-73.81997326471657,72.0,79.21801121888011,76.91697159727083,Green,Rain,0.0,0.8308066346950822,68.0,1.0,475.4494721010872,25.306070868028005,Medium
2024-03-07 21:20:00,40.63939162120784,-73.7562217120961,237.0,59.99175081868148,77.63703090875612,Yellow,Rain,0.0,-0.9725354661537584,88.0,39.0,437.7004320925497,14.20601262981379,High
2024-03-07 21:25:00,40.7869523807986,-73.88588882114696,280.0,66.36061805511434,92.33085307996774,Red,Clear,0.0,-0.4993851532882949,94.0,3.0,434.2438775521423,13.871351902479937,High
2024-03-07 21:30:00,40.77432472753477,-73.84819988529196,191.0,41.964170690563606,98.04515730220004,Yellow,Fog,0.0,-0.9924462887814164,41.0,47.0,315.93316116202357,27.390878268756044,High
2024-03-07 21:35:00,40.84072262191523,-73.7024492801362,22.0,51.808330825642045,67.60421467406945,Red,Snow,0.0,-0.6001254800973048,74.0,28.0,170.8415511115661,20.938907353984945,Medium
2024-03-07 21:40:00,40.72139471206793,-73.76483772074486,76.0,47.10348647221564,50.81720693313533,Red,Snow,1.0,0.7372983747647237,39.0,21.0,217.28940701710235,24.34678720015144,High
2024-03-07 21:45:00,40.86437069556089,-73.82232067112163,204.0,51.551489687993175,23.65024519180151,Green,Rain,0.0,0.6357707932749859,92.0,47.0,96.73384744752126,16.940628654434587,High
2024-03-07 21:50:00,40.62917703139651,-73.8987924594031,75.0,21.27736085706809,92.35939232105508,Red,Clear,0.0,0.7270321198449756,31.0,40.0,191.53450856166663,25.01312942084449,High
2024-03-07 21:55:00,40.750451840466255,-73.77352353837826,251.0,23.164084440846008,56.56348546852154,Yellow,Fog,0.0,-0.3969668343169859,27.0,20.0,273.53470862568963,5.300872433858118,High
2024-03-07 22:00:00,40.72407244836545,-73.92305602145868,261.0,34.947540040091056,96.01642609858096,Yellow,Fog,0.0,-0.3793438911746321,43.0,49.0,138.90537275630763,25.52622372860615,High
2024-03-07 22:05:00,40.67568599678176,-73.96574511682559,10.0,69.75745538187013,65.24322526393016,Yellow,Snow,0.0,0.3200887431238499,30.0,22.0,252.8820917946584,26.07776922290129,Medium
2024-03-07 22:10:00,40.70029613098153,,245.0,48.83355234084886,56.414993051698815,Red,Snow,0.0,0.3596007922517912,54.0,46.0,444.68126548737143,25.919696231775205,High
2024-03-07 22:15:00,40.64747557964147,-73.90032405532533,77.0,57.95320446734236,94.21935597296772,Yellow,Clear,0.0,0.8622197450552957,99.0,19.0,313.8224882818586,11.750521432883296,High
2024-03-07 22:20:00,40.70880646855466,-73.71485414091815,155.0,58.39827431624038,93.15655035302863,Yellow,Snow,0.0,-0.7145958916518365,21.0,39.0,86.5638416315887,18.94685953547783,High
2024-03-07 22:25:00,40.8263608658539,-73.83995297984674,13.0,41.429139766861866,12.997289911379344,Yellow,Rain,0.0,-0.1084825041532926,95.0,16.0,77.26947041040461,27.948542916557724,Low
2024-03-07 22:30:00,40.72371660233022,-73.8438611291229,12.0,30.43877565101904,66.40423872153258,Yellow,Clear,0.0,-0.1747283127064387,26.0,36.0,353.32973530878724,25.962415812748013,Medium
2024-03-07 22:35:00,40.80312472314711,-73.90788720407744,25.0,59.70383788147805,23.10522163049259,Red,Fog,0.0,-0.7627001716955226,84.0,8.0,152.07936384444895,7.783535930974965,Low
2024-03-07 22:40:00,40.72753736018216,-73.70277437973043,41.0,35.795050784336695,43.84364945214369,Yellow,Rain,0.0,0.2494126790306741,34.0,23.0,358.05085031680125,13.932380561342978,Medium
2024-03-07 22:45:00,40.8236670382736,-73.81529666979675,212.0,54.410902352618024,68.2674703149546,Yellow,Fog,0.0,-0.4347863059221515,76.0,40.0,452.25197741333614,23.450544852596742,High
2024-03-07 22:50:00,40.64277727472565,-73.95916470481166,246.0,77.11225908998618,,Red,Clear,0.0,0.7431975184318258,7.0,36.0,196.96737852751647,27.017036101210525,High
,40.61489549481855,-73.79301503131369,275.0,70.68842071467772,16.818969488466017,Red,Clear,0.0,-0.512041543714683,75.0,31.0,483.6468672854061,10.51536521799726,High
2024-03-07 23:00:00,40.81491559907441,-73.72771281756492,296.0,5.728787431775416,49.83453478227947,Yellow,Fog,0.0,0.9076958367052704,40.0,43.0,187.09189175419223,14.082173183799258,High
2024-03-07 23:05:00,40.68811213259385,-73.73673268622372,193.0,68.74692837914849,38.79431263976527,Yellow,Rain,0.0,-0.983176405715834,58.0,1.0,482.1589761570048,10.309845978767036,Medium
2024-03-07 23:10:00,40.82355103453447,-73.78885390916453,104.0,24.26709423505419,94.63448871525527,Green,Rain,0.0,0.3947796590190287,73.0,0.0,287.13132653812295,19.588294991685785,High
2024-03-07 23:15:00,40.80012528369801,-73.94024531559737,235.0,7.639663812399309,98.00979891804616,Green,Rain,0.0,-0.6513603892461555,75.0,13.0,246.76132034981083,8.160175106471058,High
2024-03-07 23:20:00,40.614271234944624,-73.99919176858796,147.0,8.664331118437117,66.5067083997375,Green,Snow,0.0,-0.2346323872849354,63.0,45.0,114.07792555392577,17.593511274213235,High
2024-03-07 23:25:00,40.856419105560704,-73.98907228576061,242.0,6.544463347376832,99.89702445519325,Red,Snow,0.0,-0.1446327287860382,22.0,4.0,261.3364258889587,9.766605143678596,High
2024-03-07 23:30:00,40.68360284095304,-73.89266679947886,102.0,68.53596296603776,28.45229233642252,Green,Clear,0.0,-0.8212256774457447,93.0,5.0,253.59149473188904,19.566785067583695,Medium
2024-03-07 23:35:00,40.86541038280927,-73.95253416381017,64.0,40.080163404215085,75.03609327460201,Red,Snow,0.0,0.3053882962573422,96.0,31.0,53.886863560278314,17.55868996408586,Medium
2024-03-07 23:40:00,40.7404063215211,-73.89693100164348,19.0,29.30655768072504,60.614461090041104,Yellow,Clear,0.0,-0.0740147973620832,54.0,2.0,129.0982962585622,18.876309709019605,Medium
2024-03-07 23:45:00,40.681694178413395,-73.82129102941471,270.0,41.991067091846055,45.882161271655605,Yellow,Fog,0.0,-0.2759547375154056,91.0,26.0,351.1848561776178,6.033513477201073,High
2024-03-07 23:50:00,40.712009517682134,-73.92456011518804,164.0,58.949475235592985,53.11822842689383,Green,Clear,1.0,0.6226694320794608,14.0,12.0,61.00948905675557,16.715903765516003,High
2024-03-07 23:55:00,40.89196802487016,-73.92136951228271,84.0,47.60181264292182,78.13602716476076,Red,Rain,0.0,-0.6923110584247629,40.0,49.0,339.34240005114884,5.100532518916843,Medium
2024-03-08 00:00:00,40.658773413376,-73.87330937515368,277.0,23.957151621444147,34.40573427492849,Green,Rain,1.0,-0.49981586832633,30.0,12.0,168.2592142137815,25.59030080767443,High
2024-03-08 00:05:00,40.813177659727984,-73.78188462280676,206.0,52.94252414885979,50.89612063293556,Red,Fog,0.0,-0.5424574774227491,2.0,46.0,462.5854198064602,20.071340359414407,High
2024-03-08 00:10:00,40.83031624146648,-73.94756057490045,174.0,9.090521841935772,63.736305416473925,Green,Clear,1.0,0.3684824881456014,33.0,23.0,268.54240292193936,18.38316073853759,High
2024-03-08 00:15:00,40.62095020397064,-73.99150266851764,263.0,32.31097075624042,62.29784748568596,Red,Rain,0.0,-0.2301279178983317,81.0,0.0,425.2276490947698,20.342133968871117,High
,40.708484767124986,-73.93575367919397,17.0,10.804969441026376,41.81905119675306,Red,Fog,0.0,-0.5149765280951986,53.0,17.0,256.2542884781448,26.020427463927316,High
2024-03-08 00:25:00,40.68743286940852,-73.81531884135664,86.0,48.48911755345482,21.94415127114536,Green,Rain,0.0,-0.7292489566240599,30.0,2.0,142.6976030861864,11.62951429360486,Low
2024-03-08 00:30:00,40.73827362241262,-73.99361380868592,22.0,48.125785878025134,57.131713633059505,Green,Snow,1.0,0.0335312437884882,13.0,16.0,164.0003521906703,5.096534343751872,High
2024-03-08 00:35:00,40.855762372387986,-73.71892330522833,116.0,61.62346297342535,33.606831596982765,Yellow,Fog,0.0,-0.6995874218028661,25.0,30.0,56.17872375353246,7.070960449123435,Medium
2024-03-08 00:40:00,40.61123290117967,-73.90401650696083,68.0,35.36871184833061,93.20806237715618,Red,Rain,0.0,-0.3405440964465516,35.0,18.0,313.75287811768646,22.003293909640384,High
2024-03-08 00:45:00,40.88491004305116,-73.7856052276636,68.0,9.79118041619323,40.18993985817265,Green,Rain,0.0,-0.760000357388902,80.0,25.0,85.19968755768032,20.76384676688153,High
2024-03-08 00:50:00,40.857986522081696,-73.84968741576812,179.0,63.26161579931188,85.82172568176055,Red,Snow,0.0,0.9936195777981676,87.0,5.0,85.8812365047883,14.876987260748075,High
2024-03-08 00:55:00,40.766074351438355,-73.86258473289405,172.0,20.110993031419554,42.99375381654626,Red,Rain,0.0,0.2688927227737838,85.0,38.0,221.63099327596663,18.03218652530377,Medium
2024-03-08 01:00:00,40.70417630455892,-73.71641715453221,143.0,50.10611181679951,60.82338573450724,Yellow,Rain,0.0,-0.9957138247876977,24.0,19.0,443.2219130251047,12.853680351664185,Medium
2024-03-08 01:05:00,40.734388036147045,-73.98534769577702,84.0,11.950220347390992,61.52686624091068,Green,Snow,0.0,-0.8816904260670968,81.0,49.0,468.4676141814272,9.210109145115569,High
2024-03-08 01:10:00,40.61974485610828,-73.75603786696729,155.0,69.43284163311039,46.850070302862726,Red,Rain,0.0,0.7318459242632376,36.0,21.0,244.78658582822797,25.322060231559576,Medium
2024-03-08 01:15:00,40.7477982750817,-73.90729303992445,257.0,40.505080276788505,60.13759838154569,Yellow,Fog,0.0,-0.671368064911094,17.0,44.0,389.8659859789503,14.474449930873645,High
2024-03-08 01:20:00,40.75053689198958,-73.73470661092622,48.0,68.86723146413682,69.81826005291768,Green,Clear,0.0,-0.7588197836365078,36.0,1.0,249.62334231157007,29.439677505896142,Medium
2024-03-08 01:25:00,40.74355703986845,-73.76741600367366,32.0,20.327858007026308,52.08656835411677,Green,Clear,0.0,0.0913532980757239,20.0,14.0,257.00414136528866,20.4497074781693,Medium
2024-03-08 01:30:00,40.822471758366014,,205.0,77.14145619695962,56.15151516507547,Green,Rain,0.0,0.1152290475401349,30.0,5.0,246.65008685114415,21.4367642708057,High
2024-03-08 01:35:00,40.60804773588861,-73.99323106510674,138.0,7.536640605140702,13.907351199979974,Green,Snow,0.0,0.0103025024442551,7.0,30.0,263.73636705077945,15.832985081559444,High
2024-03-08 01:40:00,40.74011266146206,-73.74470547462485,107.0,26.43162362722353,45.14463442003448,Yellow,Rain,0.0,-0.1651985058096374,59.0,27.0,94.41739182653612,6.504172522748117,Medium
2024-03-08 01:45:00,40.63032809348529,-73.7687774689331,,34.90278490115955,13.91003879498494,Green,Clear,0.0,0.2914764083880168,75.0,24.0,,20.39985357359649,Medium
2024-03-08 01:50:00,40.676059714885824,-73.73100763961611,28.0,47.90254355305557,47.02941313384321,Red,Rain,0.0,-0.5046116095267119,38.0,46.0,269.4846828491893,27.730378237028507,Low
2024-03-08 01:55:00,40.875091786766895,-73.7945454205192,45.0,13.993908594351186,56.66367936855534,Yellow,Snow,0.0,-0.5857449795473575,96.0,33.0,205.05034839287484,29.938635778225756,High
2024-03-08 02:00:00,40.741266096846985,-73.79435631798727,293.0,28.72961410560606,20.040221703485805,Red,Fog,0.0,-0.4539815085951917,34.0,0.0,180.21454765656,9.08515648686402,High
2024-03-08 02:05:00,40.801899108832565,-73.9303913702631,234.0,28.079712898436146,49.830721072303064,Yellow,Snow,0.0,0.9476369642639446,40.0,18.0,187.58892834269977,7.406533841162547,High
2024-03-08 02:10:00,40.8267729279612,-73.75083178888853,188.0,7.392596879993822,53.146508933941526,Green,,0.0,0.5251641879927444,87.0,22.0,264.49097513108256,9.74965326955428,High
2024-03-08 02:15:00,40.62455675335062,-73.89779114646905,69.0,,39.46389765439703,Green,Rain,0.0,-0.5045592012609172,14.0,26.0,209.68065716085215,10.66242418620693,High
2024-03-08 02:20:00,40.6287996873765,-73.91733510942902,108.0,79.33659271062126,71.23068689971585,Red,Fog,0.0,-0.8829050930334137,49.0,35.0,148.42307232771134,8.645663949595335,Medium
2024-03-08 02:25:00,40.630438619879016,-73.91484327345945,105.0,28.572489493984943,38.02629635250053,Yellow,Fog,0.0,-0.8833526115677106,80.0,48.0,225.73791277653743,17.550937434328297,Medium
2024-03-08 02:30:00,40.64654151747876,-73.91904615867873,203.0,42.88907077127157,49.817373459347074,Green,Clear,1.0,-0.1398737092155184,41.0,42.0,354.5758914399575,6.344106586179078,High
2024-03-08 02:35:00,40.890079031422495,-73.70270253253445,246.0,38.47217023520928,97.11687374127524,Green,Rain,0.0,-0.7990352487570904,76.0,49.0,459.4408896290712,24.33563397621347,High
2024-03-08 02:40:00,40.80047769471917,-73.99944023619592,175.0,36.86072679521702,28.262035706494753,Green,Clear,0.0,0.8141069017028455,13.0,26.0,95.20301023101332,20.72235213551626,Medium
2024-03-08 02:45:00,40.855182613647,-73.76813928915283,215.0,21.439843084648935,67.76630349399215,Red,Fog,0.0,-0.9267515001059696,31.0,27.0,366.7972508945226,20.159799338370917,High
2024-03-08 02:50:00,40.65205647035731,,92.0,66.61629445977285,41.0827183678692,Green,Fog,0.0,-0.8778067180408833,29.0,20.0,339.0005703838845,,Low
2024-03-08 02:55:00,40.78229175908116,-73.87938546977654,80.0,31.27360427984727,39.814406316654825,Green,Rain,0.0,-0.8081690626676783,63.0,36.0,399.5094730801342,10.66290251181071,Medium
2024-03-08 03:00:00,40.842188861289,-73.9271022212212,163.0,71.2317521177957,84.25007940727694,Red,Clear,0.0,0.1666699909792677,53.0,29.0,325.81401670933735,19.443274691425053,
2024-03-08 03:05:00,40.815681851468135,-73.80975460281257,16.0,50.985953188008466,13.490226490442073,Red,Fog,0.0,-0.7657608788351724,49.0,23.0,290.7486097264201,23.751517060302614,Low
2024-03-08 03:10:00,40.79096231231494,-73.96632876654293,195.0,56.28338928771943,94.14080745997596,Green,Clear,0.0,-0.6672820806633633,8.0,33.0,491.97354369962653,18.796737381667043,High
2024-03-08 03:15:00,40.83240045935292,-73.77514820050389,238.0,7.14442320869726,24.775992097017728,Yellow,Rain,0.0,0.0783492084482473,80.0,34.0,443.0006897916982,28.276386453763873,High
2024-03-08 03:20:00,40.75015572806559,-73.86230076241728,275.0,26.56595321996638,25.870928935834986,Yellow,Clear,0.0,-0.9525212694765612,43.0,8.0,123.4188984301969,8.012984056698395,High
2024-03-08 03:25:00,40.75329972066092,-73.89294839484103,257.0,33.326272660281944,94.1084293374818,Red,Snow,0.0,0.5623927388365346,57.0,49.0,179.97784357413562,12.98112607812271,High
2024-03-08 03:30:00,40.8172893262173,-73.95455235560522,34.0,61.07590660940834,38.00482979623497,Yellow,Snow,1.0,0.6226486317893936,69.0,14.0,342.47710749851603,8.47732844645075,High
2024-03-08 03:35:00,40.62578042885873,-73.71099450191016,228.0,74.78565691043804,84.56976814168702,Yellow,Fog,0.0,-0.4135753169765803,56.0,30.0,329.1329025987287,15.259693632701827,High
2024-03-08 03:40:00,40.69714910915793,-73.97034408327119,234.0,52.29317154719655,41.99724749785289,Yellow,Rain,0.0,0.2658949330887217,96.0,23.0,474.03437646790263,8.255156418590463,High
2024-03-08 03:45:00,40.79191774939856,-73.90559947262193,220.0,70.69868333286182,34.9553687114017,Red,Fog,0.0,0.58375292232051,46.0,33.0,354.8330935101447,6.7528529633279195,High
2024-03-08 03:50:00,40.82135845021414,,189.0,40.580515350315125,68.88371660776446,Red,Clear,0.0,0.4698007849763204,91.0,17.0,410.52883115744777,23.19937999519719,Medium
2024-03-08 03:55:00,40.857823613448105,-73.96762467541275,41.0,44.90550537582533,46.65101540897345,Yellow,Snow,0.0,-0.1579678768578554,86.0,2.0,201.1170659807428,28.07815875908247,Low
2024-03-08 04:00:00,40.638874414051664,-73.74138822887963,103.0,5.856498932551878,13.138567692453153,Red,Clear,0.0,-0.4217828160009158,69.0,21.0,443.93961062972073,9.404837628441957,High
,40.622699285615,-73.79263843091759,177.0,10.021907839996048,47.48013360473453,Green,Fog,0.0,0.5750535602469511,17.0,40.0,407.90394310153823,6.878649874595064,High
2024-03-08 04:10:00,40.70426395502325,-73.86345639413962,145.0,67.71833921815278,99.4809064077814,Yellow,Snow,1.0,-0.9132901729648676,67.0,31.0,270.9986219601029,10.934348278879462,High
2024-03-08 04:15:00,40.816522665749126,-73.81156490572462,193.0,47.26906497825781,71.13767023153434,Red,Fog,0.0,0.5319874232913595,31.0,41.0,233.66111048230488,19.141462526963306,Medium
2024-03-08 04:20:00,40.71326739400491,-73.78497383892706,245.0,35.955749094657534,23.86398288954929,Yellow,Snow,0.0,-0.8842942658806308,34.0,32.0,172.7941584572489,22.43867816098855,High
2024-03-08 04:25:00,40.814499265986896,-73.72792740297955,277.0,36.23358989447398,36.13738366210913,Green,Rain,0.0,-0.9067109938393788,70.0,7.0,165.0590859762251,8.380490595307084,High
2024-03-08 04:30:00,40.70293958658531,-73.97116053302418,226.0,36.10073173227444,61.88113504018454,Red,Snow,0.0,-0.6420544442471645,22.0,44.0,333.776579066511,5.4740407592329685,High
2024-03-08 04:35:00,40.746756068799215,-73.83774022094636,284.0,63.491310654675054,50.39490564939488,Yellow,Clear,0.0,0.2425555727657407,63.0,32.0,467.1878644288034,8.130748838927596,High
2024-03-08 04:40:00,40.88028926386939,-73.70225075172272,134.0,79.03931237838303,76.94255158478188,,Rain,0.0,-0.2574221168397805,8.0,31.0,315.89598824151363,18.42549576500462,Medium
2024-03-08 04:45:00,40.73887470085821,-73.7964927602447,107.0,41.15815000678248,41.68153307329804,Red,Fog,0.0,0.0037418503053434,8.0,3.0,66.08132479699758,27.10698568108435,Medium
,40.824523593198705,-73.94371207771756,77.0,32.379927695200806,57.389223045143595,Green,Snow,0.0,0.0702090373688137,45.0,48.0,86.9740159218604,26.35164567867684,
2024-03-08 04:55:00,40.731197564385894,,110.0,12.644995396769067,35.39549897016273,Green,Rain,0.0,0.2717155457519151,48.0,47.0,301.10413086429253,13.166086977799727,High
2024-03-08 05:00:00,40.72341461010353,-73.78168562302909,80.0,79.96876758099987,29.06071806610763,Yellow,Rain,0.0,-0.7663454926073645,70.0,26.0,184.5960651065102,,Low
2024-03-08 05:05:00,40.74927965462468,-73.8454405438079,18.0,33.15825618260556,30.743869486002502,Green,Rain,0.0,0.2722771158118517,3.0,0.0,388.7450736077887,26.029868218119656,Medium
2024-03-08 05:10:00,40.79282431475854,-73.95741649426117,241.0,13.847200194900704,77.58112110269447,Green,Clear,0.0,-0.162885186057677,99.0,31.0,252.2559622452712,8.190259143613359,High
2024-03-08 05:15:00,40.625827056492824,-73.77999968174802,78.0,40.99475394445315,81.62370076246658,Yellow,Clear,0.0,-0.8461140010236141,25.0,4.0,361.77453312272814,9.514347003408515,High
2024-03-08 05:20:00,40.692825730486895,-73.7197933358724,91.0,77.90830030341098,19.963769137314426,Green,Clear,0.0,-0.1647227403911031,84.0,15.0,187.64860143744403,17.803363574226402,Low
2024-03-08 05:25:00,40.61836685184375,-73.84126641370632,193.0,5.0274748747827065,30.0608726031155,Yellow,Clear,1.0,-0.5862032029009421,98.0,45.0,272.67037494971015,18.069143402209804,High
2024-03-08 05:30:00,40.619599493368995,-73.7579425332337,72.0,25.443903239951855,10.84710130511682,Red,Clear,0.0,-0.6784439565488614,7.0,,235.7402363232627,21.94537023906858,Medium
2024-03-08 05:35:00,40.62600121831305,-73.8227374782534,243.0,51.450383591423034,70.68916872203643,,Snow,1.0,0.5686538080349695,2.0,31.0,81.79829978815084,18.997545184906866,High
2024-03-08 05:40:00,40.82030247624563,-73.87523949902453,123.0,46.081141991513675,16.344457330283376,Red,Fog,0.0,-0.1296871297588073,97.0,35.0,291.88411605653494,12.989084534783386,Medium
2024-03-08 05:45:00,40.81843831688603,-73.90146783085535,205.0,51.31921921899442,39.91146258313947,Yellow,Snow,0.0,-0.2770571784033078,3.0,7.0,336.92688941290237,25.69678400722128,High
2024-03-08 05:50:00,40.87713315328468,-73.74381804082797,91.0,38.85573443262078,62.626232579432966,Yellow,Clear,0.0,-0.1027874979568728,39.0,28.0,411.3896690781678,5.6427703478758655,Medium
2024-03-08 05:55:00,40.6260983870328,-73.96528542050243,82.0,42.3948532994736,24.261391137373312,Green,Snow,0.0,-0.4439180798209772,71.0,19.0,175.56168879061158,16.92387177955716,Low
2024-03-08 06:00:00,40.84323966876484,-73.76546193296512,73.0,39.459791942118926,62.64715240948333,Red,Clear,0.0,-0.7212292145865633,97.0,8.0,294.49124387579536,10.824979085204468,Medium
2024-03-08 06:05:00,40.7335682333589,-73.99257648314068,214.0,17.76343073380621,41.65677129983428,Yellow,Clear,0.0,-0.1372268326550418,2.0,19.0,261.6202875809853,27.382853188608863,High
2024-03-08 06:10:00,40.7354736622095,-73.86312317056536,83.0,7.02131886128909,92.0424991998748,Red,Fog,0.0,0.8269569767835372,53.0,30.0,336.9228776352097,28.59487875653197,High
2024-03-08 06:15:00,40.83156884766467,-73.84278781091506,223.0,42.57043869157629,10.286112404445566,Green,Fog,0.0,0.2471672698265357,37.0,48.0,121.77875743388168,5.847693898820748,High
2024-03-08 06:20:00,40.66650478951317,-73.89561133990814,137.0,25.689594200837114,53.68502742426651,Red,Snow,0.0,0.6139941699740339,88.0,21.0,53.025403948537104,24.91926609641838,Medium
2024-03-08 06:25:00,40.87775855127859,-73.90142637349291,223.0,22.807955352601347,16.51220378289975,Yellow,Clear,0.0,-0.2094990088024166,68.0,16.0,121.42955582736415,13.860205795440294,High
2024-03-08 06:30:00,40.72964784427385,-73.76793252775596,238.0,26.430846798647156,79.83822833584458,Yellow,Clear,0.0,-0.8551732721776049,65.0,22.0,172.48298273975448,24.326837645320317,High
2024-03-08 06:35:00,40.88464377409007,-73.99897005119387,51.0,16.020407403431967,82.48544630551385,Yellow,Clear,0.0,0.2415233183578129,15.0,28.0,150.57875085753955,13.98702082582571,High
2024-03-08 06:40:00,40.60473199381496,-73.8642893940097,234.0,58.04573765176126,67.40258206843802,Green,Clear,0.0,-0.1323336100636341,46.0,8.0,79.43178704034136,28.661422454302063,High
2024-03-08 06:45:00,40.83586243642736,-73.8877835510389,71.0,18.268968527966393,95.5354123364131,Red,Clear,0.0,-0.7602599291842522,65.0,42.0,489.89221524731175,21.697104512075995,High
2024-03-08 06:50:00,40.78393469458793,-73.89508988666029,98.0,78.11672945144389,28.195819667579855,Yellow,Rain,0.0,-0.1676154660506701,71.0,30.0,105.84746603174824,28.90940345566254,Low
2024-03-08 06:55:00,40.66345108389807,-73.83328003666247,32.0,57.3363908114255,27.696756816417828,Yellow,Rain,,-0.2964133910739035,49.0,26.0,88.27068115572385,28.87348055456109,Low
2024-03-08 07:00:00,40.60740182237208,-73.99770817127255,219.0,34.3878009967102,70.88581510050301,Red,Snow,0.0,-0.5762843783939351,31.0,2.0,64.13792192633201,16.792732577532448,High
2024-03-08 07:05:00,,,232.0,24.92325739316682,53.902415510547414,Red,Snow,0.0,-0.5837376123837528,96.0,17.0,465.73020841734126,29.438953184988076,High
2024-03-08 07:10:00,40.623060557301265,-73.89048895617286,121.0,54.07731091538053,53.090280248928664,Green,Snow,0.0,0.778051998161756,13.0,48.0,179.27156490926822,16.428200152017162,Medium
2024-03-08 07:15:00,40.6155780589729,-73.80645212097623,149.0,10.667392732151695,89.72069057160078,Green,Fog,0.0,0.6832064219991385,18.0,33.0,242.58876206810223,29.143660267282815,High
2024-03-08 07:20:00,40.651940037439665,-73.71106017778183,275.0,28.49783074658208,80.69159363282937,Yellow,Clear,0.0,0.9212080071224932,82.0,23.0,76.36640502421643,16.558640896647404,High
2024-03-08 07:25:00,40.81737810889571,-73.88415881048114,99.0,76.43226254175686,41.45011055834706,Red,Rain,0.0,0.0154803488637182,66.0,17.0,386.4302918804798,7.990936093774602,Low
2024-03-08 07:30:00,40.84498514477519,-73.8887832576234,267.0,51.93367336298641,39.8374347459376,Yellow,Snow,,-0.059005047738158,96.0,0.0,368.0025104809992,12.614228034328882,High
2024-03-08 07:35:00,40.818409191377114,-73.82636138933906,29.0,47.99113763293043,72.94054207822778,Red,Rain,0.0,0.8951890050847358,16.0,37.0,243.3557318300664,9.49723356916806,Medium
2024-03-08 07:40:00,40.835674061100725,-73.92840743823226,279.0,42.62464331845531,82.13681431974788,Green,Snow,0.0,0.13496381284592,89.0,19.0,153.56697484338903,27.24010455576277,High
2024-03-08 07:45:00,40.71393410641144,-73.74741306743823,281.0,50.49603700117282,57.49440337384191,Green,Clear,0.0,-0.5718896162455989,85.0,49.0,266.72595687029127,8.188878897959583,High
2024-03-08 07:50:00,40.878427971496755,-73.75056143045637,164.0,53.71150839118836,77.04920102257826,Red,Clear,0.0,-0.961583715679662,4.0,11.0,50.606921261181014,26.12348410153501,Medium
2024-03-08 07:55:00,40.74364936266347,-73.9586277182418,147.0,52.0149253292876,60.36802579649948,Green,Snow,0.0,0.1327897149325339,19.0,12.0,,11.879593894561332,Medium
2024-03-08 08:00:00,40.730695158913704,-73.83456721004698,145.0,68.27940952900879,32.3736302572966,Yellow,Snow,0.0,-0.0187339153422576,85.0,31.0,338.3135105056801,17.915666242975597,Medium
2024-03-08 08:05:00,40.6913056383872,-73.78013581951085,197.0,40.550873137850786,16.08206369652837,Red,,0.0,-0.2190291263715098,55.0,33.0,398.4241462258278,29.545078293868674,Medium
2024-03-08 08:10:00,40.85598947336598,-73.72673956201862,45.0,41.95764465070453,85.05143929452737,Green,Rain,0.0,0.7768158194339256,41.0,48.0,472.8723715614072,26.704706341667425,High
2024-03-08 08:15:00,40.64405730385547,,161.0,20.95214062957607,37.02116085161548,Green,Snow,0.0,-0.3989636273662471,17.0,16.0,173.15340224528154,23.090432627382093,Medium
2024-03-08 08:20:00,40.85791526620593,-73.79379406446039,81.0,16.24614156202084,66.26680522967663,Red,Fog,,-0.5945903752976691,18.0,2.0,136.10256965459507,29.117603292257584,High
2024-03-08 08:25:00,40.70634087839073,-73.75772598582583,66.0,27.181275826907825,67.47696175555006,Yellow,Rain,1.0,-0.72590580536953,49.0,14.0,306.17000413171536,10.604073363593068,High
2024-03-08 08:30:00,40.69244354400857,-73.97056511944929,98.0,66.81582657096317,91.96165574706912,Yellow,Snow,0.0,0.8226108630683031,46.0,28.0,408.23363598277786,27.474618725193142,High
2024-03-08 08:35:00,40.77860887559717,-73.72103642997176,211.0,52.58113905654523,51.69035363947837,Yellow,Snow,0.0,-0.9536196278472516,8.0,2.0,409.9182707414157,8.62438450924073,High
2024-03-08 08:40:00,40.852996558142806,-73.76689299345004,109.0,6.79389669922084,43.99456354795424,Red,Clear,0.0,-0.0165610064673888,27.0,45.0,392.25790459982375,16.009866808244503,High
2024-03-08 08:45:00,40.70410372236688,-73.88354578159475,65.0,70.02052243624743,37.16608360623431,Yellow,Rain,0.0,0.2904301400259865,77.0,34.0,96.0229831189984,9.87678282567855,Low
2024-03-08 08:50:00,40.84402508687753,-73.90583520430471,156.0,49.30653693165456,42.06410958541391,Red,Clear,0.0,0.051350899504645,33.0,8.0,257.85313478048397,18.026159921045384,Medium
2024-03-08 08:55:00,40.67776298239621,-73.77697725564941,133.0,68.29742410310712,73.5992705690675,Green,Rain,,-0.2503973477441659,32.0,1.0,84.66693956406024,18.245307804685304,Medium
2024-03-08 09:00:00,40.73088076434236,-73.9890353168183,73.0,52.57431937237401,51.3151128812887,Yellow,Rain,0.0,-0.9333200513043372,92.0,31.0,121.26121892434202,28.25240899642263,Medium
2024-03-08 09:05:00,40.7272487365733,-73.72376729181502,30.0,71.71203979962259,41.96970782282103,Yellow,Rain,,-0.9350818029096886,58.0,9.0,311.82601557124264,15.267543393068252,Low
2024-03-08 09:10:00,40.747560173238455,-73.77637027397816,187.0,16.05428060235293,22.892760014876856,Yellow,Snow,0.0,-0.2438200653793247,23.0,38.0,476.62922805740766,10.79803818327162,High
2024-03-08 09:15:00,40.79248505181421,-73.89515637996816,118.0,33.75746512802682,10.10895174231112,Green,Fog,0.0,-0.7726830981129023,62.0,4.0,131.6373239323831,17.569429907195783,Medium
2024-03-08 09:20:00,40.61234733211825,,,77.28473847692078,41.439790684262974,Green,Snow,1.0,-0.2722319235921191,31.0,22.0,468.1029423558798,26.978679827821708,High
2024-03-08 09:25:00,40.847664999337205,-73.81493029804282,156.0,26.83312519327636,40.122411678079615,Yellow,Fog,0.0,-0.3542196285855779,44.0,16.0,289.53277085193747,29.70326169146684,Medium
2024-03-08 09:30:00,40.6697393119832,-73.83685796471238,257.0,60.75058766933459,38.944076917955755,Red,Rain,0.0,-0.2600463797210783,34.0,43.0,369.9886915132741,18.879207970801858,High
2024-03-08 09:35:00,40.67530020035901,-73.99677611594763,140.0,52.761192506875865,30.475028252320577,Red,Clear,1.0,0.7460345139032771,37.0,2.0,485.345631245241,29.719836680854044,High
2024-03-08 09:40:00,40.87949807720735,-73.86151470877061,209.0,39.451591461536154,44.09947221411672,Yellow,Rain,0.0,0.7811886929951968,70.0,29.0,347.5071257144514,25.41859980017467,High
2024-03-08 09:45:00,40.679654592476346,-73.76931296845318,37.0,70.55477696561216,25.18157690191742,Red,Snow,0.0,0.3556277853277403,24.0,10.0,313.0460185131502,26.930363394670714,Low
2024-03-08 09:50:00,40.6147151625748,-73.9903310969313,140.0,36.55941180850989,90.59695778527134,Red,Rain,0.0,-0.703898749851317,57.0,1.0,202.90683090186025,18.703725006402244,High
2024-03-08 09:55:00,40.613959949776714,-73.79270112200766,143.0,48.753448011993534,28.734319426777617,Yellow,Fog,0.0,0.7083303609840899,31.0,46.0,464.7073661634488,24.772618108192965,Medium
2024-03-08 10:00:00,40.8133502635069,-73.72376756365817,245.0,73.94032907239387,50.21141471860657,Red,Rain,0.0,0.7680037009049401,5.0,44.0,323.74420417533213,24.700451960529584,High
2024-03-08 10:05:00,40.764700811395656,-73.81461033394822,129.0,14.37854882675722,86.07726427791069,Yellow,Rain,0.0,-0.3880141015786351,33.0,28.0,170.81839627387706,15.571353145756648,High
2024-03-08 10:10:00,40.74161902858592,-73.91870598812645,136.0,33.341862711134425,21.331495864605735,Red,Snow,0.0,,53.0,41.0,147.99981770178127,29.40515944881241,Medium
2024-03-08 10:15:00,40.80186372422089,-73.86257956589286,93.0,53.618760873123584,34.06963661667551,Red,Snow,0.0,-0.8547519194288848,22.0,26.0,337.8829744507199,15.397794632248624,Low
2024-03-08 10:20:00,40.60976283872356,-73.76114409646273,41.0,67.98958228728559,55.51808405410602,Green,Fog,0.0,-0.6560590133029316,24.0,33.0,342.0920087061316,9.646097547473389,Medium
2024-03-08 10:25:00,40.79812569322972,-73.72417588032324,229.0,17.48346596717939,36.25815039859798,Yellow,Clear,0.0,-0.2737894827419667,48.0,35.0,343.9791696257056,28.63072377371142,High
2024-03-08 10:30:00,40.68321632996245,-73.91787415373298,67.0,41.84389755300564,81.40564512244354,Green,Snow,0.0,0.2648649883565805,14.0,26.0,485.805491545525,22.51807141272755,High
2024-03-08 10:35:00,40.87604439666125,-73.9794579340927,24.0,52.283989273892345,36.31366119789982,Yellow,Fog,0.0,0.432102180510914,71.0,32.0,163.8526798223824,15.864667845792484,Low
2024-03-08 10:40:00,40.637585611070136,-73.77133914155812,194.0,21.53758360769655,45.437217597634614,Red,Snow,0.0,-0.8420868443049403,11.0,45.0,181.68001464384028,26.755089202795347,Medium
2024-03-08 10:45:00,40.85035670562865,-73.82824954453348,291.0,74.57726352542488,35.023884904226634,Yellow,Snow,0.0,-0.8939120676233567,44.0,26.0,127.5592423916784,28.730648262565417,High
2024-03-08 10:50:00,40.848503847292285,-73.7875357736005,52.0,77.78162712505362,38.46483609013476,Red,Rain,0.0,-0.0540280432884996,97.0,41.0,217.24278860110945,13.757017486651735,Low
2024-03-08 10:55:00,40.60304671641784,-73.84873232682409,290.0,9.77410747036166,10.54784482304245,Green,Rain,1.0,-0.4335456156732757,85.0,31.0,,11.98638255007688,High
2024-03-08 11:00:00,40.62100294100097,-73.7161268245034,121.0,13.661878436763956,88.21767166103481,Red,Rain,0.0,-0.1571125173804557,11.0,18.0,412.3109970161904,28.94962269783463,High
2024-03-08 11:05:00,40.61320676426567,-73.71002259217097,124.0,21.11760696947854,50.0837744928545,Yellow,Rain,0.0,0.4641688492676887,8.0,25.0,136.06861756420312,29.008796626822043,Medium
2024-03-08 11:10:00,40.824107980205554,-73.72376000187337,242.0,13.468849665868092,53.905228025797385,Green,Fog,0.0,-0.6795280013605625,77.0,49.0,456.1002250902243,26.749463128289896,High
2024-03-08 11:15:00,40.60858649688632,-73.86555030603269,208.0,49.17048361154665,91.78580318820626,Red,Clear,1.0,-0.3586366270246603,30.0,,409.62243191412966,21.166194423541295,High
2024-03-08 11:20:00,40.72388495516402,-73.95055937419255,129.0,16.2283648748697,68.37185435866213,Red,Snow,0.0,-0.4168521883445535,35.0,8.0,171.99804827971434,8.742292118588908,High
2024-03-08 11:25:00,40.65771670633765,-73.78836737336034,12.0,25.726643974794396,84.42048532117803,Red,Clear,0.0,0.6397025277289992,20.0,26.0,256.3036021708733,15.38539865957962,High
2024-03-08 11:30:00,40.7347805084524,-73.71281560613677,245.0,47.00457644274523,67.81955037743205,Yellow,Clear,0.0,-0.8164325601135192,79.0,9.0,427.2604286387686,18.60445252500425,High
2024-03-08 11:35:00,40.70009185261793,-73.76770069585683,93.0,19.49123064726352,97.95337121117686,Red,Rain,0.0,0.0930467356877615,22.0,9.0,91.03759356220776,26.65174335908197,High
2024-03-08 11:40:00,40.79177597918195,-73.91208658767478,109.0,15.511648000668938,76.91772310660821,Green,Rain,0.0,0.1957547460027031,58.0,27.0,186.3837109706361,7.277081683606849,High
2024-03-08 11:45:00,40.7019366275051,-73.90773810193559,36.0,79.19283061029202,53.63746253247668,Red,Clear,0.0,0.8392061338406027,4.0,32.0,166.94322943958775,13.923058831117489,Medium
2024-03-08 11:50:00,40.78552003374974,-73.88555479518098,17.0,8.293596609656735,74.56625980537159,Green,Snow,0.0,0.5783610707727869,,15.0,431.6333298013235,25.664225440039377,High
2024-03-08 11:55:00,40.7065032637652,-73.92887668301873,272.0,29.740921211120643,30.655066297609757,Green,Clear,0.0,0.5913623466521074,68.0,0.0,102.93229318920795,11.04352039516226,High
2024-03-08 12:00:00,40.701847955465745,-73.7217872178154,72.0,32.376598463813025,62.280484671302574,Red,Clear,0.0,-0.917318934475802,71.0,47.0,416.84346319744054,18.357268141731964,Medium
2024-03-08 12:05:00,40.63645262722918,-73.7849013171996,121.0,59.9692489750932,87.60662595388537,Green,Fog,0.0,0.4611726532704321,49.0,17.0,60.21232207728145,20.415334017157228,High
2024-03-08 12:10:00,40.64021213453527,-73.86995838331251,54.0,23.082023999488666,91.4788970845802,Yellow,Snow,0.0,0.4697301678162366,40.0,10.0,139.42394233691766,18.386243339872323,High
2024-03-08 12:15:00,40.83594720972419,-73.76689087863987,131.0,21.793593820889853,60.70548996564776,Yellow,Rain,0.0,-0.8304205305930052,57.0,0.0,393.85000045253,12.334398988360991,Medium
2024-03-08 12:20:00,40.74070752744053,-73.98514797920315,219.0,7.9671078325131885,62.00726282155031,Red,Rain,0.0,0.1720178623633428,49.0,45.0,331.3387685124512,6.772964626860881,High
2024-03-08 12:25:00,40.67151330288918,-73.99954822751512,150.0,72.19289038833047,35.4469794421824,Green,Snow,0.0,0.2605775142613533,,26.0,335.9216083829762,26.28925775143027,Medium
2024-03-08 12:30:00,40.62681444655576,-73.71495841518197,182.0,58.03150772761102,55.45483174646123,Yellow,Fog,0.0,-0.5059557200860803,58.0,42.0,318.2300236826147,28.965553130488946,Medium
2024-03-08 12:35:00,40.84615648152851,-73.92414085567967,92.0,5.047025644612883,87.92542548942437,Green,Snow,0.0,0.9737986801788086,5.0,24.0,479.3480423385208,5.054064261137865,High
2024-03-08 12:40:00,40.65648809113653,-73.74747970761194,164.0,10.92956986203271,79.97152582428632,Red,Rain,0.0,0.9551606059416996,12.0,49.0,219.82543762239905,9.884476885900202,
2024-03-08 12:45:00,40.651493525087936,-73.82034549017513,121.0,33.93109452495831,67.91521308615945,Green,Snow,0.0,-0.4406031214750303,12.0,30.0,368.518593231813,29.27119723676511,Medium
2024-03-08 12:50:00,40.86951059824091,-73.91444951084635,,30.6671547572821,21.501817343365715,Red,Snow,0.0,0.5561475563564482,39.0,37.0,480.23939937392186,28.68305897541587,High
2024-03-08 12:55:00,40.67543152805453,-73.99921781928953,264.0,64.06800473895512,,Green,Fog,0.0,-0.9282341634934363,64.0,27.0,302.93335042076234,20.099100618820028,High
,40.84623795811876,-73.99274147881408,205.0,74.18574161737158,40.37131795212973,Green,Snow,0.0,0.3813914172718615,81.0,19.0,292.17980916227236,14.462019350821883,High
2024-03-08 13:05:00,40.822430006404055,-73.99241625789105,232.0,69.29601025724489,89.29297086844247,Yellow,Clear,0.0,0.0578768806280172,76.0,4.0,108.73966777675656,24.879974442875856,High
2024-03-08 13:10:00,40.72409321629239,-73.94734486606497,140.0,36.02331586385351,59.99253807920172,Red,Clear,0.0,-0.9048852015574996,87.0,10.0,209.44373308361693,10.998084689910227,Medium
2024-03-08 13:15:00,40.67565533717758,-73.88214563104445,65.0,55.5479207919155,15.062427818240453,Yellow,Clear,0.0,-0.6651801347492388,63.0,19.0,493.8892203796019,8.701331169480584,Low
2024-03-08 13:20:00,40.68132336078061,-73.98544348553192,252.0,58.371192945890336,77.94233181973857,Yellow,Clear,0.0,0.0712192061744234,51.0,18.0,293.39258718148244,19.002691788889933,High
2024-03-08 13:25:00,40.6705612489584,-73.7849905077769,251.0,34.36576366350517,40.1977551808279,Red,Rain,0.0,-0.1940240599255198,82.0,35.0,415.87104814935526,,High
2024-03-08 13:30:00,40.7656638188116,-73.83642719502154,211.0,57.454243880686825,52.70074171326992,Green,Rain,0.0,-0.0188395826921046,65.0,9.0,372.0008066101507,22.91964382875707,
2024-03-08 13:35:00,40.734104988176135,-73.76651386461103,83.0,65.85246806721744,40.941491529446154,Red,Clear,0.0,-0.4477806411646141,46.0,15.0,449.9821307106944,7.278469766421481,Low
2024-03-08 13:40:00,40.89184004826723,,224.0,69.61233369350533,84.6055024909605,Green,Snow,0.0,0.6574679944982551,87.0,10.0,309.0269546439205,20.696543356738125,High
2024-03-08 13:45:00,40.89751711447035,-73.83531423133894,245.0,14.07001635235393,26.803150718402257,Yellow,Rain,0.0,0.3728046721333051,16.0,38.0,81.62043852383012,10.46086670575111,High
2024-03-08 13:50:00,40.82134725925109,-73.96977998510654,95.0,9.604352832282691,89.45212142251067,Green,Snow,0.0,0.3553805935774965,84.0,44.0,302.84338653034536,15.899167081094724,High
2024-03-08 13:55:00,40.62079998426831,-73.75406310178101,170.0,,62.00565856125027,Yellow,Snow,0.0,-0.7084765765999985,43.0,1.0,101.88081747523404,7.410039445678866,Medium
2024-03-08 14:00:00,40.85217373574179,-73.81932705215156,252.0,24.53053951180289,78.05308221318771,,Fog,0.0,-0.3106404811807768,66.0,46.0,415.78582782973814,11.136204620569336,
2024-03-08 14:05:00,40.71675904983952,-73.90383308676401,260.0,45.09925392745416,82.71663090335215,Green,Fog,1.0,0.2778744963508761,23.0,33.0,300.49885444583765,26.24775207476973,High
2024-03-08 14:10:00,40.722534655484026,-73.9394099295485,139.0,44.96868117923724,30.647513349827257,Red,Snow,0.0,-0.7370254319964684,95.0,40.0,115.78493191482916,7.865189406946136,Medium
2024-03-08 14:15:00,40.69048556388174,-73.92971039337736,282.0,65.43179898405367,10.796490236673016,Green,Clear,0.0,-0.3153958648282511,94.0,10.0,374.7553791470966,15.867521437376713,High
2024-03-08 14:20:00,40.83567740939362,-73.92731454119105,58.0,52.40526792511864,88.8723128545665,Yellow,Clear,0.0,0.8673960550267821,70.0,3.0,487.35181474960706,24.69076639609091,High
2024-03-08 14:25:00,40.755231217540555,-73.95551252647786,124.0,11.237244647348998,45.67577210050751,Red,Snow,0.0,-0.5936623608816405,20.0,29.0,272.4687916941139,5.812952495475461,High
2024-03-08 14:30:00,40.64562840156567,-73.7662878632227,54.0,78.22175598231527,50.12051597851264,Green,Fog,0.0,0.2142922357807963,17.0,8.0,314.17860272281496,15.219895060038256,Medium
2024-03-08 14:35:00,40.68743270118462,-73.73853480655796,262.0,74.51852802620402,75.49312901422354,Green,Snow,0.0,-0.353997051723572,10.0,23.0,355.61813476505625,24.085950161643595,High
2024-03-08 14:40:00,40.642759655403424,-73.8631259358634,275.0,24.432364887797902,74.89880680931738,Yellow,Clear,0.0,0.907988988582012,68.0,3.0,357.9011925746191,5.129564244502742,High
2024-03-08 14:45:00,40.735257085566786,-73.82400587757182,51.0,55.43469879266512,39.26336274115188,Red,Rain,0.0,-0.7363770285218951,75.0,30.0,310.1641801992217,12.414384968627107,Low
2024-03-08 14:50:00,40.614183384030945,-73.95321473819654,237.0,76.960375054037,54.54266358722363,Green,Snow,0.0,0.8007256054630603,12.0,4.0,422.47515510928565,29.308544473186533,High
2024-03-08 14:55:00,40.65664991041085,-73.71591818273971,138.0,27.495168732278245,58.70524033688404,Yellow,Clear,0.0,-0.1933778063448634,5.0,15.0,66.71323067448104,22.491817678565635,Medium
2024-03-08 15:00:00,40.76686290834523,-73.86449190770433,34.0,64.4746048984255,77.21140224661144,Green,Snow,0.0,0.4022627605917184,44.0,5.0,229.0146473474253,15.02835244840347,Medium
2024-03-08 15:05:00,40.832609003986875,-73.85008570609858,260.0,73.21217159496189,99.7732503024548,Green,Rain,0.0,0.6815818875313504,29.0,43.0,221.64957614871645,23.983019656713147,High
2024-03-08 15:10:00,40.667478122615826,-73.86290604219744,78.0,33.20714468524966,61.999529240733104,Red,Clear,0.0,0.4587353983352022,99.0,23.0,254.60353980654097,11.13111585525623,Medium
2024-03-08 15:15:00,40.69318039364597,-73.91223484655454,207.0,55.37156589381488,82.24116852269603,Yellow,Snow,0.0,-0.4645031936328916,62.0,45.0,373.03886863487054,20.042965234046505,High
2024-03-08 15:20:00,40.8228609518373,-73.74764421740836,44.0,11.775248100853831,34.3078116574989,Yellow,Rain,1.0,-0.5531052068178903,90.0,35.0,166.072416701958,27.714153868254865,High
2024-03-08 15:25:00,40.864666683707696,-73.79485064940553,40.0,27.510276931874717,83.54427552224247,Yellow,Rain,1.0,0.4344980158650771,35.0,22.0,453.1059235088703,22.863274603458063,High
2024-03-08 15:30:00,40.72213263014406,-73.71307494190813,278.0,62.186295829147,49.31649520675147,Red,Fog,0.0,0.6969894409040862,26.0,3.0,52.36971974613073,28.445366904558863,High
2024-03-08 15:35:00,40.63041259956032,-73.80031292442902,159.0,45.068398013718856,65.6334672638136,Red,Clear,0.0,-0.7589472978254053,75.0,25.0,255.0958805626447,28.709640438407003,Medium
2024-03-08 15:40:00,40.85951846170887,-73.9503553009962,,34.58798593536689,61.59022003394789,Yellow,Snow,0.0,0.5956758510312121,27.0,9.0,217.4958481630208,23.84666027647011,Medium
2024-03-08 15:45:00,40.81730111245822,-73.87879434981254,255.0,77.11472232263824,14.100249282612044,Yellow,Snow,0.0,0.7208161813088954,92.0,47.0,71.74554660123928,19.62569974353981,High
2024-03-08 15:50:00,40.722486987388926,-73.91141837575772,210.0,5.058904273338506,47.20731165211401,Green,Fog,0.0,-0.5004865682915223,77.0,47.0,297.80754216868525,21.112289948227772,High
2024-03-08 15:55:00,40.672910546436725,-73.98374508061039,218.0,50.35932409540414,30.075649259991092,Red,Snow,0.0,0.8239664061885688,10.0,33.0,126.53464731230343,28.27752683081405,High
2024-03-08 16:00:00,40.67458158677897,-73.91701141691205,222.0,48.37214351574082,40.844473990676335,Green,Rain,0.0,-0.002703490363326,12.0,22.0,417.3436668150633,23.272108009860137,High
2024-03-08 16:05:00,40.703011762113896,-73.85686864451199,24.0,72.54802584896386,31.163792803834717,Green,Clear,0.0,0.3057421110371103,79.0,36.0,358.7284442169383,19.032563586879455,Low
2024-03-08 16:10:00,40.667703955211735,-73.90936398345163,17.0,42.605597417658934,36.9538308600296,Green,Fog,0.0,-0.9908348429288524,65.0,30.0,488.8382577362795,15.500042499991135,Low
2024-03-08 16:15:00,40.82146620743145,-73.85902100657414,195.0,48.55904827994435,44.74078465068818,Yellow,Fog,0.0,-0.8973733109603454,89.0,4.0,218.86596320382884,20.94398552141018,Medium
2024-03-08 16:20:00,40.81667846330683,-73.95948825227,170.0,40.65244868254674,92.42155153220656,Red,Snow,0.0,0.7808892523042892,41.0,24.0,97.5996856097562,12.45089465886984,High
2024-03-08 16:25:00,40.84988222862452,-73.7047269497992,193.0,38.73797085443086,60.931459901206445,Green,Fog,0.0,-0.7824646318200741,93.0,36.0,382.43283494691747,28.0244026637066,Medium
2024-03-08 16:30:00,40.75245057176142,-73.86695518590749,244.0,37.95170321988533,20.50898451723743,Yellow,Fog,0.0,0.7876113485507426,51.0,46.0,240.4451704684529,18.28133337190865,High
2024-03-08 16:35:00,40.600396683877605,-73.87381615258805,202.0,20.69412023495543,44.29408075897192,Red,Clear,0.0,-0.861475900983512,60.0,44.0,195.77171144689015,26.335417770003236,High
2024-03-08 16:40:00,40.86750957990272,-73.92582048045512,85.0,77.12355201156288,29.469985553845152,Red,Fog,0.0,0.8829120371726247,56.0,32.0,265.10713239678637,25.18113348103374,Low
2024-03-08 16:45:00,40.69152878390192,-73.94150030955691,190.0,67.49684283553114,78.95804318781153,Yellow,Fog,0.0,0.701348089767494,1.0,44.0,62.71308584738115,8.72385905682038,Medium
,40.80325976780513,-73.76603755157964,78.0,64.78385465194597,26.314780142395108,Yellow,Snow,0.0,0.2757652346689216,23.0,17.0,318.3164758418398,24.8536638229535,Low
2024-03-08 16:55:00,40.808660226769064,-73.71545913137608,229.0,77.87058815002254,25.48933566088226,Yellow,Snow,1.0,0.5621284457310787,19.0,1.0,454.9599519621636,,High
2024-03-08 17:00:00,40.83972083563396,-73.89249151446496,73.0,16.558446646337245,31.841097015423735,Red,Rain,0.0,0.9705925542710871,44.0,13.0,383.1211719793846,27.022384193821924,High
2024-03-08 17:05:00,40.80299902549502,-73.93751682255066,261.0,29.316655613250248,12.853535113704464,Yellow,Fog,0.0,0.6063803084757038,72.0,49.0,425.11606305727463,8.445381380398294,High
2024-03-08 17:10:00,40.816494966512565,-73.77368442423011,44.0,29.962963607233,84.78252896622585,Yellow,Snow,0.0,0.840540482066644,40.0,23.0,326.6472704971339,20.872576855066455,High
2024-03-08 17:15:00,40.66260783079086,-73.96720355006381,81.0,64.96920076169943,67.6795311018937,Yellow,Snow,0.0,-0.5015363888749587,38.0,30.0,466.3152276952152,17.36543381902017,Medium
2024-03-08 17:20:00,40.849986834493755,-73.7461230766794,249.0,75.6139360865273,90.83039618221969,Green,Fog,0.0,-0.5332387253261452,31.0,38.0,488.510224191736,23.851802789043496,High
2024-03-08 17:25:00,40.65541133100823,-73.77902832166971,73.0,61.75685485646692,90.7896974581042,Yellow,Clear,0.0,-0.8125447244534061,62.0,19.0,261.8693462071453,18.447753583763745,High
2024-03-08 17:30:00,40.73128128607773,-73.84155187198205,180.0,51.972748640526845,20.37052968617731,Yellow,Fog,0.0,-0.1277793229594621,9.0,18.0,100.33704701938916,7.11443188314985,Medium
2024-03-08 17:35:00,40.81303654455883,-73.91238002057098,154.0,77.75432187565917,72.91842650239946,Yellow,Rain,0.0,0.7790549992229012,98.0,8.0,103.66811048211385,14.875816953955043,Medium
2024-03-08 17:40:00,40.764486091397465,-73.72780474863664,172.0,62.90328865506809,25.18017316978146,Red,Rain,0.0,0.9048030700502016,88.0,12.0,338.5964110284549,22.933345034172746,Medium
2024-03-08 17:45:00,40.626933209276146,-73.77548445013983,21.0,58.74077589193554,21.726042343539305,,Rain,1.0,0.0561375142989191,30.0,38.0,287.98526501892013,,High
2024-03-08 17:50:00,40.67101592483608,-73.8916931785784,19.0,53.16963132905722,24.025579054435035,Yellow,Clear,0.0,0.2439078974869371,58.0,39.0,301.6766952132022,22.103030550466443,Low
2024-03-08 17:55:00,40.78009657843438,-73.8692985961555,77.0,75.3473331210873,84.91282873694598,Green,Fog,0.0,-0.4418457003734413,63.0,11.0,297.64024530207143,17.789719167907137,High
2024-03-08 18:00:00,40.64283742501035,-73.97994764924145,240.0,22.80169897860449,35.75256309001648,,Clear,0.0,0.5461057030681027,23.0,5.0,94.38214354918388,20.292482259309907,High
2024-03-08 18:05:00,40.74589746091971,-73.75679499974245,258.0,23.074322446978968,72.51592376138457,Green,Snow,0.0,-0.0568416861133018,2.0,16.0,385.29715801586434,19.44560631582584,High
2024-03-08 18:10:00,40.72827212133007,-73.99929069003899,90.0,8.650552151853512,83.09119199702015,Yellow,Clear,0.0,-0.465934639321393,5.0,47.0,,11.66472091860738,High
2024-03-08 18:15:00,40.784548588295614,-73.76578011015712,12.0,47.77922007461785,43.33870915370192,Green,Fog,0.0,0.8482678322554751,55.0,2.0,101.3598864093581,14.96363407634313,Low
2024-03-08 18:20:00,40.795023341424105,,46.0,38.55185140676313,42.588142845354405,Red,Snow,0.0,0.4136610623108887,6.0,4.0,445.7712847267798,14.908629462720436,Medium
2024-03-08 18:25:00,40.72285749352322,,73.0,42.01264407845307,22.302831033096165,,Clear,0.0,0.3844816616339843,,41.0,70.14524539908693,16.763538363181368,Low
2024-03-08 18:30:00,40.83341670004037,-73.9690860196268,115.0,25.155541921964083,88.34781386911465,Yellow,Clear,0.0,0.2393100798035423,42.0,31.0,138.31376194813157,28.869544180588935,High
2024-03-08 18:35:00,40.66301222747371,-73.86026247189224,289.0,62.853982850095385,79.24920338688133,Red,Rain,0.0,0.4449637816610923,52.0,43.0,92.37240296976891,12.89748538502906,High
2024-03-08 18:40:00,40.88649807669274,-73.92964859793567,194.0,8.54120002988856,43.95116845610695,Yellow,Clear,0.0,-0.3915611539406152,48.0,23.0,270.46584091040006,15.77921600865774,High
2024-03-08 18:45:00,40.769476766565674,-73.88110037910656,289.0,60.403734053695416,75.94841997906035,Yellow,Clear,0.0,-0.3987866223939089,84.0,28.0,448.23535220657584,5.254335581621396,High
2024-03-08 18:50:00,40.89968287293045,-73.86612862447207,160.0,6.097994630923166,74.8702891868284,Red,Clear,0.0,-0.2436762453850562,46.0,7.0,101.31382183699694,18.66643280225051,High
2024-03-08 18:55:00,40.86944697671473,-73.76130188881524,296.0,22.209597232345793,28.016543888291665,Yellow,Rain,0.0,-0.7226374185333255,54.0,16.0,140.61442131186004,18.932674245138877,High
2024-03-08 19:00:00,40.78075166587347,-73.88453088846364,285.0,45.15127202461288,18.836276226028353,Yellow,Snow,0.0,0.2088131933875041,93.0,29.0,132.14696920952412,22.85472440742144,High
2024-03-08 19:05:00,40.61013025585726,-73.93709602424214,166.0,36.35754950644088,35.420641459967385,Red,Fog,0.0,0.4131491670261591,77.0,25.0,415.549590233153,28.492885236824183,Medium
2024-03-08 19:10:00,40.65307443824323,-73.74072727719368,108.0,45.31057784447424,35.5486206149044,Yellow,Fog,0.0,-0.3630413579660421,36.0,10.0,313.5737036316725,5.941302394898094,Medium
2024-03-08 19:15:00,40.849903279211595,-73.8170317015382,45.0,35.93813177460376,17.21518767113265,Green,Snow,0.0,0.006707485770117,88.0,7.0,349.37591706284326,27.434685006216036,Medium
2024-03-08 19:20:00,40.80628044866472,-73.96801685935786,102.0,21.902640255976777,13.203740959615743,Green,Clear,0.0,0.306789496719714,61.0,34.0,205.79282582627823,23.04507814073473,Medium
2024-03-08 19:25:00,40.681634456823986,-73.731264896893,230.0,58.17905597309211,87.15527590817729,Yellow,Clear,0.0,0.3205014680962197,93.0,47.0,256.938649678249,6.3131760342588805,High
2024-03-08 19:30:00,40.876651044166195,-73.96304675688175,115.0,18.351562850126054,10.553331132746768,Yellow,Snow,0.0,-0.0820960510061532,,23.0,193.24040341453957,28.89340603308419,High
2024-03-08 19:35:00,40.81593264557798,-73.91170585812907,283.0,69.18856628211074,46.056987018510945,Yellow,Clear,0.0,0.021052590573368,14.0,6.0,490.08499420635695,25.658120021037067,High
2024-03-08 19:40:00,40.67505376276977,-73.85973385251025,213.0,18.87412887607676,43.8906721019442,Yellow,Fog,0.0,-0.0426776941037938,19.0,25.0,,7.595508903225369,High
2024-03-08 19:45:00,40.898258057184165,-73.9240638974565,272.0,9.957344062166548,98.9845843167412,Yellow,Rain,0.0,0.3007250383082578,73.0,7.0,130.11304750526898,20.43519570346139,High
2024-03-08 19:50:00,40.756608412783464,-73.85556213953366,287.0,19.953633272855775,62.876625605661275,Green,Fog,0.0,-0.086163852626433,10.0,14.0,123.58501127221182,8.539738432923883,High
2024-03-08 19:55:00,40.61886345646151,-73.97937624734638,242.0,14.952665927037089,25.209700900624867,Green,Fog,0.0,0.837528852657389,41.0,0.0,65.01522573537179,29.17731420655181,High
2024-03-08 20:00:00,40.66203879649393,-73.89292290785727,175.0,28.4649169168411,15.807686928852224,Red,Rain,0.0,0.381071863823424,48.0,14.0,136.33891620721676,23.356783944900005,Medium
2024-03-08 20:05:00,40.779075396828986,-73.96458505005762,213.0,30.418835103304893,88.20431176273541,Yellow,Rain,0.0,0.0534768811608075,56.0,16.0,176.24393005164166,12.005625631474013,High
2024-03-08 20:10:00,40.80932310736897,-73.76963129808878,295.0,43.21978125100573,86.66059404885755,Red,Clear,0.0,-0.2743329834196064,21.0,31.0,428.61177690067234,11.904484617448997,High
2024-03-08 20:15:00,40.706673332717514,-73.88445623037275,30.0,24.287307064823956,93.9645712612116,Red,Fog,0.0,-0.0855934595125997,33.0,35.0,464.8957709903253,18.41713647699791,High
2024-03-08 20:20:00,40.80913079325049,-73.8083858128902,166.0,46.6319348739066,26.65767104503952,Yellow,Snow,0.0,-0.2442306135367558,43.0,46.0,89.69467821413011,15.059935221322522,Medium
2024-03-08 20:25:00,40.71390885723423,-73.95158646806127,256.0,54.31558696591949,95.2874208712467,Yellow,Rain,0.0,-0.9330881893066044,57.0,21.0,340.80097596320144,17.336320298140492,High
2024-03-08 20:30:00,40.86575678147767,-73.73833346276695,225.0,19.739057966296173,95.78613015502438,Yellow,Fog,0.0,0.7856055156755279,94.0,42.0,62.294988049286495,5.608684219124717,High
2024-03-08 20:35:00,40.73951666734495,-73.96589606618276,92.0,66.30481041362589,46.07763628874706,Yellow,Snow,0.0,-0.2569715362214604,7.0,38.0,405.82537791522486,25.260295138582944,Low
2024-03-08 20:40:00,40.86622258513805,-73.84963143553925,191.0,7.989685685088672,65.03369313983985,Green,Rain,0.0,-0.5149924870488352,97.0,24.0,285.0250376495708,19.869923874919536,High
2024-03-08 20:45:00,40.6280712675342,-73.78187113420225,299.0,38.513737460040645,56.92750275566453,Yellow,Fog,0.0,0.2744602652766423,66.0,9.0,210.57777158227844,7.855907917049011,High
2024-03-08 20:50:00,40.64117459411635,-73.75546775975388,188.0,12.9954567897539,68.20703187727952,Yellow,Rain,0.0,0.4700554269425998,89.0,0.0,112.41721980051872,29.94790432340621,High
2024-03-08 20:55:00,40.6932211006645,-73.86380686534545,213.0,38.37136921407168,22.70002913268946,Yellow,Snow,1.0,-0.035685550694563,18.0,42.0,420.4482796455916,14.52082258445861,High
2024-03-08 21:00:00,40.71197198017357,-73.82831656531698,22.0,55.40155819343771,72.0264065474669,Yellow,Fog,0.0,0.7935383885165666,29.0,25.0,130.71406863587703,10.806099947422837,Medium
2024-03-08 21:05:00,40.78283712554548,-73.85493777050593,,25.83838857526228,12.357420842807326,Yellow,Clear,0.0,0.8554793062290573,20.0,44.0,329.6458174531409,27.27739360318173,Medium
2024-03-08 21:10:00,40.681129300760624,-73.97076136025882,255.0,20.226135397972968,59.627849355770536,Green,Fog,0.0,-0.6012988953442275,82.0,35.0,494.6455034734131,12.110802404819225,High
2024-03-08 21:15:00,40.79608584184026,-73.83601909763622,47.0,17.244491434013142,62.67641941209841,Yellow,Fog,0.0,-0.1580896967182987,36.0,0.0,384.9174834126742,21.915425166382768,High
2024-03-08 21:20:00,40.62112149538312,-73.93240435768791,230.0,49.12733714547868,66.7929415754046,Green,Snow,0.0,0.5765245177959826,10.0,40.0,399.37234715841527,6.838577340957039,High
2024-03-08 21:25:00,40.64113384640051,-73.81183633755195,270.0,59.458955660875645,53.19805847587187,Red,Clear,0.0,-0.4545068124095417,73.0,25.0,172.5705952150538,11.77209115393787,High
2024-03-08 21:30:00,40.730431602885794,-73.91039724939598,229.0,64.7641759228332,70.7704708465867,,Snow,0.0,0.2047576573993077,90.0,28.0,,14.797852981740428,High
2024-03-08 21:35:00,40.79585645318315,-73.87076685627434,232.0,73.42782422549257,52.51519762321188,Green,Rain,0.0,0.6686775257067865,64.0,27.0,315.1812262420332,11.54221558569202,High
2024-03-08 21:40:00,40.65739659127255,-73.96373378509837,123.0,78.37375267703474,22.212404073239316,Green,Fog,0.0,-0.182183962228039,91.0,34.0,155.8913195033765,5.4129970230409565,Medium
2024-03-08 21:45:00,40.7401065241337,-73.90391626879753,76.0,68.35891053491449,27.156288963757273,Yellow,Clear,0.0,-0.7598021285796313,97.0,24.0,461.4361326486915,22.620754683131302,Low
2024-03-08 21:50:00,40.68830734177908,-73.86006347817236,216.0,39.17227805000917,24.87064830981218,Yellow,Snow,1.0,-0.5444772561520681,76.0,41.0,450.4968743110797,8.192940537398066,High
2024-03-08 21:55:00,40.62727624553287,-73.72549025988337,76.0,17.640563930136228,71.39689830189349,Green,Clear,0.0,0.9083070385897192,42.0,27.0,396.70484159539893,17.196396190514406,High
2024-03-08 22:00:00,40.78570949737226,-73.79075053235222,254.0,49.49398324446179,,Red,Snow,0.0,0.7997786748637981,64.0,18.0,258.62760915034653,12.17832849976876,High
2024-03-08 22:05:00,40.76976747033005,-73.97386819335945,266.0,68.35020798412961,81.31131540625533,Yellow,Rain,0.0,-0.7823719730838168,9.0,12.0,437.0469998314099,5.376560071576093,High
2024-03-08 22:10:00,40.861307635081175,-73.73214249490118,87.0,20.79430473732504,16.62914607099712,Yellow,Fog,0.0,-0.1390619984652492,27.0,12.0,398.1618140479882,7.787366375516978,Medium
2024-03-08 22:15:00,40.864779123836826,-73.9804720418454,210.0,13.659725112490609,66.5302491260394,Yellow,Rain,1.0,0.238285511204225,38.0,17.0,106.32178383628634,20.116101232653428,High
2024-03-08 22:20:00,40.78535602473322,-73.92481800870779,48.0,55.44392503110423,54.78317881982576,Green,Fog,0.0,0.7726140790495251,88.0,25.0,492.5000333995514,12.76075717333264,Medium
2024-03-08 22:25:00,40.6484247539445,-73.96576743133392,185.0,25.58742076792632,98.6106704290724,Red,Rain,0.0,0.3552366662436685,21.0,0.0,240.95378849222868,20.54896981301613,High
2024-03-08 22:30:00,40.641966109371786,-73.9735820167508,38.0,62.21715372952892,19.225417387201126,Yellow,Snow,0.0,-0.1499046367445757,9.0,13.0,442.0530932734048,9.6322424740051,Low
2024-03-08 22:35:00,40.76672442726886,-73.81354129426957,250.0,10.811449190399635,48.003567612010265,Yellow,Clear,0.0,0.2590717074471549,30.0,38.0,131.5770132674138,10.379158455160043,High
2024-03-08 22:40:00,40.78745624918152,-73.88695642850682,140.0,53.2513014631058,27.816305409975328,Red,Snow,0.0,-0.5798740507919773,82.0,18.0,165.2128794309421,21.71610576609236,Medium
2024-03-08 22:45:00,40.76594571138352,-73.75518033104639,186.0,77.92566338061127,45.630547733324775,Red,Fog,0.0,-0.0475922478400037,27.0,41.0,125.79888580180078,6.815562435110343,Medium
2024-03-08 22:50:00,40.65227055002258,-73.83477884551293,267.0,19.10955861042884,73.94378406185758,Red,Snow,0.0,-0.8926901331609278,24.0,1.0,257.8072676950474,11.607570669085286,High
2024-03-08 22:55:00,40.89706906111075,-73.99060624820837,53.0,46.671713911898095,36.803785925290285,Red,Snow,0.0,0.9688751345974472,72.0,23.0,130.11341202713885,18.63935170044765,Low
2024-03-08 23:00:00,40.64837219705551,-73.94287941388843,137.0,47.10487181266963,47.41772585201381,Yellow,Clear,0.0,-0.4877984352817437,85.0,27.0,437.79810295754385,18.75002310751806,Medium
2024-03-08 23:05:00,40.84056815846021,-73.94338348495769,211.0,39.96505459757972,39.671809090275346,Green,Rain,0.0,0.2857017400787138,50.0,7.0,264.66341285642045,12.872281480724672,High
2024-03-08 23:10:00,40.89724996975653,-73.71275437650954,130.0,35.76469438558925,79.0543744565268,Green,Fog,0.0,-0.9579044224611292,37.0,49.0,81.63313341875809,26.096842766846315,Medium
2024-03-08 23:15:00,40.69823932791303,-73.83865081156011,163.0,72.18669424654377,39.046522346413184,Yellow,Snow,0.0,-0.0430826833970472,23.0,48.0,341.02999903864963,26.816426127601098,Medium
2024-03-08 23:20:00,40.64939005743751,-73.74041848944861,150.0,67.81426557044753,66.68145775464811,Green,Snow,0.0,-0.3335525987210865,14.0,38.0,334.38178520682317,16.4278716617927,Medium
2024-03-08 23:25:00,40.60785614468884,-73.70509617669869,59.0,25.21667241689168,33.927094175151055,Red,Snow,0.0,0.3882950047842484,56.0,30.0,488.5529339053845,10.473495757866448,Medium
2024-03-08 23:30:00,40.670419430528135,-73.7736969293186,225.0,73.90603515342735,56.84636690530438,Red,Clear,0.0,0.1123639785120766,44.0,42.0,236.36105526850977,28.940883166074975,High
2024-03-08 23:35:00,40.805869762420365,-73.75201104412254,244.0,53.8229378317364,26.62712887314326,Yellow,Clear,0.0,0.6008776524599979,97.0,9.0,235.15238373483905,24.069055513812582,High
2024-03-08 23:40:00,40.70462906588581,-73.9299292893669,130.0,46.81799036491378,73.47643760689,Red,Snow,0.0,-0.8571703031900679,33.0,33.0,288.4901137548422,27.830475336319637,Medium
2024-03-08 23:45:00,40.8033071328033,-73.71721093551518,254.0,35.82477339736107,,Green,Rain,1.0,0.5175958845705895,74.0,39.0,262.08643206331635,28.55544141202204,High
2024-03-08 23:50:00,40.78675394007279,-73.99843070240132,208.0,33.759363454093474,33.738442555329556,Red,Rain,0.0,0.9664226496657996,86.0,22.0,94.23189311507276,19.764564974068612,High
2024-03-08 23:55:00,40.7886390848596,-73.99949924994941,204.0,8.103984660747367,47.65615578115327,Yellow,Snow,0.0,-0.1341279414205758,51.0,2.0,82.78003209733467,12.863537358683736,High
2024-03-09 00:00:00,40.7655764509902,-73.75346466513302,156.0,64.76859077776942,50.75561996913891,Yellow,Rain,0.0,-0.6124566564345757,21.0,47.0,475.11552126667806,9.305271459627203,Medium
2024-03-09 00:05:00,40.78051768774599,-73.82833509093453,92.0,78.90433440337874,23.817556486333373,Green,Snow,0.0,0.2058701481910676,47.0,16.0,367.8627075465916,24.611503497494517,Low
2024-03-09 00:10:00,40.73073260401678,-73.9088484960736,60.0,47.236144235145225,19.908215622158117,Green,Clear,0.0,-0.9374138660089342,53.0,40.0,118.4312927792712,23.70125815765941,Low
2024-03-09 00:15:00,40.6830153396881,-73.95113755159049,170.0,52.86272877150191,12.360028023613534,Red,Rain,1.0,-0.2418362380272256,42.0,8.0,124.04330962354396,21.895801872818573,High
2024-03-09 00:20:00,40.84022016844517,-73.93555924822351,54.0,21.139273952090928,63.30907172259254,Red,Fog,0.0,0.815547453571076,59.0,12.0,297.11621261606194,28.246509079637597,Medium
2024-03-09 00:25:00,40.81574101255624,-73.87112439250872,36.0,26.609249639238634,79.13328397314396,Green,Rain,0.0,0.9663636292230202,29.0,37.0,449.5544365894459,18.87606339496704,Medium
2024-03-09 00:30:00,40.80455308695464,-73.7289606212758,82.0,18.260390788346115,39.41842088017761,Red,Snow,0.0,0.1180862789399002,56.0,6.0,373.31665598908154,24.15530151273534,High
2024-03-09 00:35:00,40.6817471389313,-73.84688277108289,211.0,58.60716822671705,73.98902575695121,Yellow,Clear,0.0,-0.4023810900378752,4.0,49.0,467.3512269482131,8.324165324692874,High
2024-03-09 00:40:00,40.70086127990432,-73.97582107650592,185.0,67.43164608508889,57.44677127377935,Yellow,Clear,0.0,0.5032707104613614,45.0,9.0,63.88231463041404,21.624458088041383,Medium
2024-03-09 00:45:00,40.72112931446954,-73.74542071273396,133.0,16.536720733613933,37.21038087248796,Yellow,Fog,1.0,0.1753383283766627,87.0,2.0,463.4349000774665,12.188655437550327,High
2024-03-09 00:50:00,40.72012746667225,-73.8867740244874,219.0,75.25711151614603,61.98389909203371,Red,Snow,0.0,0.3821144094119113,89.0,13.0,158.5557558503627,17.290931603418123,High
2024-03-09 00:55:00,40.855665761586415,-73.99915584117385,231.0,73.59719266286294,61.85371468953956,Red,Clear,0.0,-0.7617945861243658,89.0,23.0,401.77488319881934,27.73864032619168,High
2024-03-09 01:00:00,40.80283137474856,-73.90229917595828,71.0,78.81368650418459,56.73424565785058,Red,Clear,0.0,0.8640797553856086,24.0,26.0,106.25807348377832,21.714373278654413,Medium
2024-03-09 01:05:00,40.86198476281012,-73.7820881306868,46.0,29.977330183501252,,Yellow,Fog,0.0,-0.8511145559071667,49.0,12.0,413.945694812828,20.36039452771163,Medium
2024-03-09 01:10:00,40.6310720290508,-73.70520923542597,112.0,14.886492578974742,18.313396967990265,Green,Snow,0.0,0.1917002982555515,32.0,30.0,413.54428212183376,23.62573313341896,High
2024-03-09 01:15:00,40.77693053654065,-73.84658149282184,27.0,,69.47341069009397,Yellow,Fog,1.0,0.5796695941405796,79.0,49.0,223.8824633351909,7.513375693047271,High
2024-03-09 01:20:00,40.61685137584612,-73.87592437685414,110.0,71.51498561911004,82.15308751748447,Red,,0.0,-0.4097487289492898,38.0,31.0,352.453097664231,7.870091679946551,High
2024-03-09 01:25:00,40.86353808326697,-73.78900811557217,231.0,38.62460867230859,12.866801263546154,Yellow,Snow,0.0,-0.4574229365367166,46.0,28.0,123.67132744425068,16.53870351631729,High
2024-03-09 01:30:00,40.658777266283415,-73.84521101377969,223.0,26.444112947889963,98.6734071737237,Red,Rain,0.0,-0.2159778094486257,34.0,38.0,491.0119950678893,17.25702304532374,High
2024-03-09 01:35:00,40.87986312069245,-73.98685668044844,187.0,71.25279234285885,66.49036352378434,Green,Rain,0.0,0.8203736936722013,75.0,48.0,90.47209537223786,23.49833521222815,Medium
2024-03-09 01:40:00,40.622051888909766,-73.98163412174598,232.0,69.56014559542027,98.872210175272,Yellow,Clear,0.0,-0.7274536454803981,25.0,49.0,420.4509073343374,29.77514795348815,High
2024-03-09 01:45:00,40.70649455134619,-73.94146461805781,55.0,49.96373128945275,42.68834980927089,Green,Snow,0.0,0.8123653533131845,3.0,2.0,86.33275622496166,15.267272146346968,Low
2024-03-09 01:50:00,40.71513367923077,-73.865091250736,50.0,6.347077261970245,60.768376766914905,Green,Fog,0.0,-0.0201145331011292,33.0,16.0,342.3479887983206,7.934707914360074,High
2024-03-09 01:55:00,40.80793883325915,-73.94245449675239,13.0,70.59917761747046,82.75159217863137,Green,Snow,0.0,0.939074764896472,12.0,14.0,382.58173337118615,17.610778125002234,High
2024-03-09 02:00:00,40.72475334580451,-73.97932690459508,81.0,63.92976721484861,93.19197094781056,Yellow,Clear,0.0,-0.6595522117665071,43.0,37.0,397.6908651331447,19.06531446816439,High
2024-03-09 02:05:00,40.62491394602747,-73.82233303006429,178.0,8.357673816968582,95.4259430083587,Green,Snow,0.0,0.8048969669554693,51.0,5.0,,8.809953367929577,High
2024-03-09 02:10:00,40.88395499356075,-73.97324986307287,170.0,45.54800823512604,51.51581490223332,Red,Snow,,-0.0938739878244661,95.0,17.0,207.16703601033996,8.484277626921992,Medium
2024-03-09 02:15:00,40.66427257202361,-73.77472604861883,108.0,66.72214357243412,59.046292625530576,Yellow,Rain,0.0,0.2545800619866758,57.0,29.0,442.7105965926188,6.863138708784284,Medium
2024-03-09 02:20:00,40.613144850997294,-73.90172888086603,173.0,54.3543227965292,56.81114445421075,Green,Rain,0.0,-0.5072695677817742,51.0,38.0,151.69946938293305,23.64113821212657,Medium
2024-03-09 02:25:00,40.8583985759733,-73.76226012763904,161.0,55.2458023434837,80.83502152144831,Green,Fog,0.0,0.8669044208651491,2.0,10.0,447.594844116395,11.687161714758824,High
2024-03-09 02:30:00,40.64318788307981,-73.72392422967317,266.0,6.218015969429715,39.72476743117659,Yellow,Fog,0.0,0.0997106909598684,77.0,12.0,225.73332086119416,25.556285577824767,High
2024-03-09 02:35:00,40.718090898826574,-73.89249649344724,213.0,78.53100519456989,34.76931027944943,Red,Fog,0.0,-0.6743091433064505,8.0,49.0,452.86661299632976,18.207860733867577,High
2024-03-09 02:40:00,40.87710389068063,-73.94276978540702,84.0,14.412392337584654,13.077646538294406,Yellow,Fog,0.0,0.532292825088873,93.0,23.0,492.1875967692214,13.137027576446824,High
2024-03-09 02:45:00,40.88674006983952,-73.87249822794517,44.0,25.21076815443137,42.93616344054324,Red,Snow,0.0,-0.5546282225419286,33.0,20.0,177.47267525397507,18.698888659047313,Medium
2024-03-09 02:50:00,40.64208479361328,-73.80967979629733,131.0,78.36539732004314,27.36254409704509,Yellow,Rain,0.0,-0.7562724948483297,30.0,12.0,396.2378628385257,27.258058523790005,Medium
2024-03-09 02:55:00,40.748122524938566,-73.82210421057286,276.0,22.28399263923654,52.662060876473326,Yellow,Clear,0.0,0.2868156072771937,77.0,33.0,212.0157013103008,27.651182018005567,High
2024-03-09 03:00:00,40.82452076616961,-73.70153421458622,43.0,61.238036367245414,39.08748008590174,Green,Rain,0.0,-0.0978157802539756,36.0,,409.24434106241097,26.88975295952221,Low
2024-03-09 03:05:00,40.6920659654391,-73.76004727322349,279.0,57.18977979801303,86.73867719601994,Red,Snow,,-0.7819122464619812,26.0,41.0,315.51918586775207,12.998657583714785,High
2024-03-09 03:10:00,40.75661547471376,-73.78219554636563,31.0,60.57700056148361,74.22424065803142,Red,Snow,0.0,0.3775974134723845,50.0,30.0,102.3973445695323,17.12508150259268,Medium
2024-03-09 03:15:00,40.828314455034345,-73.88330565619658,20.0,50.602112779202805,11.062287710649787,Yellow,Snow,0.0,0.5735966435477879,17.0,5.0,425.0085988125833,11.70424333587375,Low
2024-03-09 03:20:00,40.636983313789344,-73.76644401104653,42.0,71.56165346670258,89.56088003802441,Red,Fog,0.0,0.5984940962999348,89.0,45.0,356.5111450550443,8.322128103356771,High
2024-03-09 03:25:00,40.7100150310603,-73.88124745401983,283.0,20.453527337373934,43.13222693935485,Yellow,Snow,0.0,0.9255713447889646,33.0,23.0,375.2119081708233,24.333842757986943,High
2024-03-09 03:30:00,40.82726951845965,-73.93068933925296,283.0,29.94939632348277,97.3910238542436,Red,Clear,1.0,0.7811091377377837,79.0,4.0,60.17190772708743,12.043937192596132,High
2024-03-09 03:35:00,40.752628122666344,-73.78780400597395,163.0,52.5684953097497,83.50247089375819,Green,Fog,0.0,0.063322865834833,66.0,42.0,266.4277289544905,25.473063745278715,High
2024-03-09 03:40:00,40.79859621680654,-73.99639775889484,167.0,76.31286410987028,45.00318559281893,Red,Snow,0.0,0.9057868546906978,42.0,28.0,457.66167233986073,,Medium
2024-03-09 03:45:00,40.75707747726687,-73.96806274681322,14.0,8.440097746039708,91.8405267435711,Red,Rain,0.0,-0.5697402993053546,25.0,43.0,118.64374683529051,18.805055606948866,High
2024-03-09 03:50:00,40.701450449313725,-73.96235395118944,110.0,42.24783795795535,16.588300033293706,Green,Snow,0.0,-0.0015138542771138,83.0,36.0,70.53469033506605,6.97540135886233,Medium
2024-03-09 03:55:00,40.83020135743734,,90.0,34.236572205967626,37.45347069460023,Red,Snow,0.0,-0.5240701364447415,99.0,47.0,180.22385214922963,9.60266836519102,
2024-03-09 04:00:00,40.73899636838708,-73.97819432464085,229.0,53.095705805065,33.92635322298817,Red,Fog,0.0,0.1329128254028342,42.0,24.0,436.1076424392515,21.54949562456003,High
2024-03-09 04:05:00,40.81566853630996,-73.98741030600867,182.0,77.08559277953343,57.18776550178044,Yellow,Snow,1.0,-0.1617258166449948,56.0,29.0,283.56085948830344,19.99190011584334,High
2024-03-09 04:10:00,40.65254713493345,-73.98085460335501,47.0,51.21031234999973,15.012686272612848,Green,Fog,0.0,0.1514340367249684,42.0,23.0,126.1044175594921,13.589741331256198,Low
2024-03-09 04:15:00,40.76857524351071,-73.8149295282452,267.0,47.63132148197372,66.55008229749365,Yellow,Clear,0.0,-0.8509060474783197,6.0,33.0,443.5052751429446,6.888306027131459,High
2024-03-09 04:20:00,40.60704276325807,-73.72179008985927,297.0,18.86731091939211,98.14676527731667,Yellow,Rain,0.0,0.879772572912215,80.0,18.0,444.3409914283131,23.31240583024147,High
2024-03-09 04:25:00,40.80016696048242,-73.72331829034616,175.0,19.1622166801832,80.0362161896229,Red,Snow,0.0,0.3932093034064881,30.0,34.0,206.149109447316,15.785064330608426,High
2024-03-09 04:30:00,40.74409813359144,-73.7629842875976,262.0,21.502596757668716,25.42317112962737,Yellow,Rain,0.0,-0.2255105586017598,51.0,42.0,103.30216614480314,6.492504291672936,High
2024-03-09 04:35:00,40.83783484117068,-73.82437619978731,26.0,76.79901566160719,84.50065864388174,Red,Snow,0.0,0.5857265467784756,19.0,12.0,62.36939774000997,11.033025922584052,High
2024-03-09 04:40:00,40.614657840781405,-73.90477837504582,57.0,44.25653451000783,94.2706046595153,Green,Snow,0.0,0.0015168124443787,62.0,5.0,344.37150210871766,5.977660549779355,High
2024-03-09 04:45:00,40.79009898805565,-73.90242423021688,15.0,44.46032644902536,23.186795744754484,Green,Snow,0.0,-0.3173693928201806,26.0,15.0,495.1998948669109,25.68522077762496,Low
2024-03-09 04:50:00,40.785803418582475,-73.81121620465008,32.0,40.811143262783354,40.476280946692526,Yellow,Fog,0.0,-0.9496041511268244,12.0,39.0,465.53145563525754,18.436948900439127,Low
2024-03-09 04:55:00,40.6626216138871,-73.7588800103126,128.0,8.300982647074113,15.362708666991406,Red,Fog,0.0,0.2192224703520258,57.0,4.0,266.0545562101105,5.712087240104095,High
2024-03-09 05:00:00,40.62985021941814,-73.73822445926294,44.0,60.466207483802634,32.66605712722965,,Rain,1.0,0.2628714897074604,70.0,1.0,122.09054409153462,23.55904187079627,High
2024-03-09 05:05:00,40.76043723553951,-73.782482385495,40.0,65.60958329732475,25.94749297916311,Yellow,Snow,1.0,-0.7754869798468815,40.0,15.0,389.935194862248,21.576415804123133,High
2024-03-09 05:10:00,40.75044975940925,-73.94960020171087,66.0,57.69769300711594,80.1614900660761,,Clear,0.0,-0.9489590594036256,95.0,34.0,241.70702723329228,17.515261741660083,High
2024-03-09 05:15:00,40.63397925831382,-73.78178602414839,248.0,41.69666744078659,35.82149043271035,Red,Snow,1.0,-0.1738133338962608,71.0,13.0,256.7842523531725,24.034333052641912,High
2024-03-09 05:20:00,40.87122581142177,-73.77148710788158,177.0,29.05513228071822,23.098695647005822,Red,Clear,0.0,0.5185058643380096,45.0,4.0,341.21314098328884,29.44248468589535,Medium
2024-03-09 05:25:00,40.724281775787325,-73.94717026224644,294.0,15.96357516630632,30.698450910920176,Red,Rain,0.0,-0.4630081294443817,42.0,45.0,86.72228509747559,14.227497598364724,High
2024-03-09 05:30:00,40.66102160127811,-73.86139399774417,162.0,70.17344337849181,79.66635942932432,Red,Snow,0.0,0.0724097785211448,2.0,9.0,498.3237402724419,24.81152062315052,Medium
2024-03-09 05:35:00,40.701757272610415,-73.83312805129269,192.0,8.816672944425928,65.19091773478532,Red,Rain,0.0,-0.1537520023432774,38.0,44.0,220.26234729908916,7.605731796288671,High
2024-03-09 05:40:00,40.88843238690368,-73.84013355122686,258.0,19.066103730644972,43.11859562935844,Green,Rain,1.0,0.349460603900918,20.0,6.0,479.14039045666186,22.2130148463367,High
2024-03-09 05:45:00,40.61171550352211,-73.93508017851373,107.0,36.91545045640533,58.848780677061555,Red,Rain,1.0,-0.0314282944690891,24.0,27.0,201.0192786370598,23.213760634829843,High
2024-03-09 05:50:00,40.69737536766567,-73.76624102083872,208.0,45.882293120494886,92.66774998028824,Yellow,Rain,0.0,0.7258245659595572,92.0,26.0,186.22348629640615,22.84477923752754,High
2024-03-09 05:55:00,40.71635951176648,-73.97306969595681,34.0,,20.86085878887182,Yellow,Rain,0.0,-0.3166271191779644,40.0,18.0,109.23368209669307,28.60521349121843,Low
2024-03-09 06:00:00,40.64718070363881,-73.83767851541215,52.0,54.248623877208786,90.18639912849758,Yellow,Fog,0.0,-0.2754192902939543,56.0,45.0,458.6285554748936,13.84199866329798,High
2024-03-09 06:05:00,40.60787515380218,-73.9504852727537,23.0,24.254689074430228,69.15578997683865,Red,Clear,0.0,-0.4705299118899968,52.0,5.0,216.2612143339658,28.049356840393735,Medium
2024-03-09 06:10:00,40.754188728227355,-73.98819873448652,168.0,6.793077378708563,17.009234519774544,Green,Clear,0.0,0.8600720742460166,92.0,33.0,224.35328235358364,19.46061007884537,High
2024-03-09 06:15:00,40.7754874316123,-73.80707615051892,176.0,31.413993498583395,25.79878545844713,Green,Clear,0.0,-0.7463034356981648,52.0,49.0,77.29547509371747,20.800005476161076,Medium
2024-03-09 06:20:00,40.67580982051066,-73.92935289655009,178.0,26.48503287238681,42.65702071432323,Red,Rain,0.0,-0.5350591769686273,54.0,23.0,174.9316962040396,13.601205904848037,Medium
2024-03-09 06:25:00,40.707852180265306,-73.74390521207049,272.0,18.337172140204636,24.9831330096643,Yellow,Clear,0.0,-0.0124713457331377,55.0,44.0,470.5014534348789,23.997777381239395,High
2024-03-09 06:30:00,40.6899762143776,-73.72785069124218,156.0,23.16277594435052,62.366858083184695,Yellow,Snow,0.0,0.820159247078355,24.0,32.0,377.024332205071,26.5126876620217,Medium
2024-03-09 06:35:00,40.73532113611635,-73.77751880307935,190.0,51.508263312871435,97.89775480852788,Yellow,Clear,0.0,-0.3458278690133192,35.0,12.0,370.9692606095344,28.572285076884135,High
,40.74469653930478,-73.7438909951918,268.0,29.28916178580222,85.96748927475679,Green,Fog,0.0,0.6337150508472584,63.0,21.0,253.92021318142343,12.397514715964755,High
2024-03-09 06:45:00,40.718674739768296,-73.7104149915435,95.0,15.74634438035558,65.81983985735906,Red,Fog,0.0,0.1489518607316016,4.0,35.0,394.7695951263241,7.567988863013937,High
2024-03-09 06:50:00,40.89527839670869,-73.77029265223426,247.0,6.209027986923755,15.851373926640722,Red,Clear,0.0,0.8542001206201624,72.0,15.0,244.79703640788543,27.667865795379058,High
2024-03-09 06:55:00,40.69748357526685,-73.89210121506946,282.0,68.49715075414363,19.696672020344273,Red,Fog,0.0,-0.0867821866397877,22.0,48.0,181.32811671720324,9.97854433420822,High
2024-03-09 07:00:00,40.70914855731491,-73.7095217811027,32.0,38.952593315028565,,Red,Fog,0.0,0.9748837153799136,83.0,4.0,248.71298245672193,21.208908514970005,Medium
2024-03-09 07:05:00,40.64622824035028,-73.87360446973146,163.0,15.730034971101016,90.17699115207124,Green,Clear,0.0,0.6859466214035541,24.0,23.0,397.5201756319718,7.785983956968277,High
2024-03-09 07:10:00,40.7028517237438,-73.81177000498445,247.0,56.490078452503205,83.42647251046148,Yellow,Rain,0.0,-0.94031571083198,81.0,13.0,436.8179208403355,,High
2024-03-09 07:15:00,40.74906570791195,-73.92778560872145,100.0,48.714725342917035,75.56176933900858,Red,Clear,0.0,0.2431558976796042,44.0,39.0,87.41876926250377,7.12530414930199,Medium
2024-03-09 07:20:00,40.84869057736573,-73.97752469577959,145.0,34.61564873691063,47.77746185036705,Red,,0.0,-0.802383943200051,70.0,46.0,302.68180237026013,24.37660679257415,Medium
2024-03-09 07:25:00,40.72202902371173,-73.84854581450486,167.0,65.07581243725546,93.16189137840134,Green,Rain,0.0,0.9451225917468912,66.0,31.0,384.3502766180108,13.182630364933974,High
2024-03-09 07:30:00,40.62458431008263,-73.89190997110104,45.0,31.995261717288557,28.761048291522616,Green,Fog,0.0,0.6463085512762874,40.0,33.0,59.13567747036575,19.294664264594076,Medium
2024-03-09 07:35:00,40.789001373232296,-73.87299851427157,165.0,43.407247331521,76.71389097453078,Red,Snow,0.0,-0.1829333021569421,96.0,19.0,214.95159545566307,18.757626514527693,Medium
2024-03-09 07:40:00,40.895147251215555,-73.96874720821259,63.0,53.15557164814095,47.78506238171629,Red,Rain,0.0,0.8777815954930528,93.0,29.0,253.7471210870298,14.28481207755761,Low
2024-03-09 07:45:00,40.64752069046079,,22.0,39.70816240991007,81.91353145027392,Yellow,Clear,0.0,0.0874280935168712,85.0,38.0,68.31774875110906,12.672971830527946,High
2024-03-09 07:50:00,40.7688666785868,-73.99741199237913,258.0,45.79207691662902,51.602459598394695,Red,Rain,1.0,-0.9939883371744818,26.0,40.0,458.76386292693087,10.132406878515376,High
2024-03-09 07:55:00,40.60169768694791,-73.82697892765574,92.0,65.9342704903265,60.18059657901727,Yellow,Snow,0.0,0.734692865077121,61.0,6.0,414.338833666513,10.021025737725726,Medium
2024-03-09 08:00:00,40.6175100503776,-73.90005865544754,47.0,52.55479264663738,10.233780499979645,Yellow,Snow,0.0,0.2894278965459025,78.0,36.0,168.30878177527364,21.40597467317947,Low
2024-03-09 08:05:00,40.806176554442104,-73.8154698417833,299.0,75.72343315089117,31.17554086766266,Green,Clear,0.0,0.9864450856668884,90.0,39.0,126.36551672660552,6.731855041391331,High
2024-03-09 08:10:00,40.85451000502054,-73.90526399357344,98.0,66.31104198933323,90.66107107454516,Green,Snow,0.0,-0.958851126573846,29.0,25.0,286.86147875207087,23.40543497143514,High
2024-03-09 08:15:00,40.84654586709533,-73.7592495287846,224.0,38.979459262837935,10.596325669363017,Green,Snow,0.0,0.5811294064816386,14.0,39.0,446.14454753109584,14.777015949615867,High
2024-03-09 08:20:00,,-73.77440185818648,39.0,13.699055361144111,18.866236390126573,Green,Clear,0.0,0.8779985413641496,66.0,24.0,337.47005753501793,8.602008055037778,High
2024-03-09 08:25:00,40.85506441468794,,65.0,25.075531042890766,27.90094993332519,Green,Rain,0.0,-0.6051190499856629,62.0,0.0,486.00485227643463,13.553392291960332,Medium
2024-03-09 08:30:00,40.69762689550131,,147.0,42.04306168682275,55.23472426633977,Yellow,Fog,0.0,0.1475421076468863,67.0,31.0,405.1165693262142,21.048616117273703,Medium
2024-03-09 08:35:00,40.74702735941853,-73.9665469002212,203.0,57.77014728033735,91.52427877434118,Red,Fog,1.0,0.2818139733129428,53.0,1.0,277.14528073216934,24.15347198085981,High
2024-03-09 08:40:00,40.88032652363084,-73.89108838804123,194.0,12.88463435957784,53.954546915643014,Red,Fog,0.0,-0.865801535566433,94.0,3.0,471.8096619359714,12.162790189749645,High
2024-03-09 08:45:00,40.6152242437904,-73.70651090194379,69.0,19.78577836749084,10.575721710804538,Yellow,Fog,0.0,-0.8606440799077426,9.0,8.0,237.31845496336828,16.674218171645705,High
2024-03-09 08:50:00,40.7920996745663,-73.84885578766402,231.0,66.50364335734295,19.18705097457981,Yellow,Snow,0.0,-0.0472603708706229,37.0,33.0,248.8410197133417,,High
2024-03-09 08:55:00,40.8247683946183,-73.8804696571465,138.0,76.61566965543217,50.9501639024293,Green,Clear,1.0,-0.4857832419155392,38.0,27.0,171.0191557882435,24.01230516641515,High
2024-03-09 09:00:00,40.851524712048025,-73.77643051227436,15.0,45.57830132082615,21.598690603942178,Green,Clear,0.0,-0.280201078632339,14.0,49.0,75.28466213448512,7.052801291713003,Low
2024-03-09 09:05:00,40.87899051830575,-73.98849736111832,258.0,45.72227492934464,67.249181825742,Green,Clear,0.0,0.7420242891204891,46.0,5.0,427.65435445342206,10.855928591380133,High
2024-03-09 09:10:00,40.88791894933831,-73.96354233055894,89.0,31.570630862695296,28.34632858550329,Red,Fog,0.0,-0.222454201113964,49.0,49.0,178.46343717435877,5.538902924421924,Medium
2024-03-09 09:15:00,40.86092535376793,-73.83492320384282,91.0,58.62798870700147,32.281537360699716,Red,Snow,0.0,0.4180252835299129,26.0,21.0,77.3551767708536,19.088178715150413,Low
2024-03-09 09:20:00,40.88801496830438,-73.79163060737848,268.0,34.86837761722606,64.73788993150612,Green,Snow,1.0,-0.5420880058196962,25.0,49.0,188.8007335283473,16.73796829900857,High
2024-03-09 09:25:00,40.6685870567333,-73.84972926274551,,78.67429115643898,72.44832339366536,Red,Clear,0.0,0.5358788423845795,18.0,27.0,388.14912279242714,10.748978810182772,Medium
2024-03-09 09:30:00,40.82649124080641,-73.78789665786054,22.0,45.29336663444419,16.680546405568087,Red,Snow,0.0,0.0495722101023987,2.0,14.0,327.7614832978192,27.08896841253979,Low
2024-03-09 09:35:00,40.838271950792254,-73.96862097634373,274.0,16.895423943143246,45.38533521697623,Green,Fog,0.0,-0.6135077424644362,73.0,38.0,464.71848686749536,8.508548794399871,High
2024-03-09 09:40:00,40.84460447089897,-73.78339037216318,35.0,60.10329042735608,37.33214934610625,Yellow,Rain,0.0,0.2048898073183032,22.0,,189.12824424629932,5.966570776157264,Low
2024-03-09 09:45:00,40.720718085476385,-73.90856429950365,276.0,46.245834585616414,44.93516481577653,Yellow,Clear,0.0,0.982168718050977,18.0,45.0,220.336127467943,6.423799667298084,High
2024-03-09 09:50:00,40.830471332443615,-73.75946338281574,205.0,61.77281684594176,62.1989158479604,Yellow,Rain,0.0,-0.2229803149426468,62.0,27.0,90.06956677896693,15.412861913614185,High
2024-03-09 09:55:00,40.87305845396059,-73.97201060428415,28.0,73.61893141336913,11.218986580679628,Yellow,Fog,0.0,0.8421574387137303,5.0,27.0,298.76327264026855,16.71125179669182,Low
2024-03-09 10:00:00,40.62464217457599,-73.83658335068174,199.0,27.698011731626323,59.537328585098294,Red,Rain,0.0,-0.5246020189857554,20.0,47.0,324.4747211371456,21.982036664979073,Medium
2024-03-09 10:05:00,40.62883452023918,-73.85134656777484,34.0,62.255630716537546,20.187560598255008,Red,,1.0,-0.5905354123490263,19.0,40.0,86.23061288756725,8.9805164243432,
2024-03-09 10:10:00,40.694206706728,-73.96566128221396,103.0,49.28021131122145,70.85257697183083,Green,Snow,0.0,-0.7344450169892678,5.0,9.0,207.4707278242682,12.57730741869273,Medium
2024-03-09 10:15:00,40.81342350796267,-73.90052096369102,231.0,45.35877886888182,25.245478450335018,Yellow,Clear,0.0,0.3453856250353551,88.0,47.0,146.80634226826174,10.072177241388836,High
2024-03-09 10:20:00,40.6847787808244,-73.95655302407962,197.0,7.09973272327181,63.364076785951774,Red,Clear,0.0,0.1776327259157266,30.0,3.0,395.9328931433016,23.177504485342254,High
2024-03-09 10:25:00,40.76890535770907,-73.91606024509336,138.0,27.96939176897205,60.83786263799981,Green,Snow,0.0,-0.4391874542533263,65.0,12.0,150.45499650864457,6.494425330320567,Medium
2024-03-09 10:30:00,40.796188329990905,-73.94824505212279,261.0,34.694273254948655,11.550597620295363,Yellow,Fog,0.0,0.746338059944011,69.0,49.0,215.93304094476505,13.270864925754726,High
2024-03-09 10:35:00,40.695614437777635,-73.86694542239415,58.0,31.994947720229344,21.76387694762859,Yellow,Fog,0.0,0.1875470126328164,94.0,31.0,377.4430032373805,23.39278077091781,Medium
2024-03-09 10:40:00,40.66699118937098,-73.87472848112019,283.0,41.87206294666528,53.23368532744577,Green,Fog,0.0,-0.0152705159177148,28.0,38.0,492.5561714435029,12.69710040725584,High
2024-03-09 10:45:00,40.75753900071726,-73.94302084139306,129.0,51.300547097677544,26.95943530725968,Green,Clear,0.0,0.2304918269217761,65.0,35.0,424.54066989901656,11.550831626144554,Medium
2024-03-09 10:50:00,40.77916974253912,-73.89110398141821,84.0,74.79128917494236,32.8741200361291,Yellow,Rain,0.0,-0.1880186608038767,44.0,36.0,347.42606752096395,17.412607978177032,Low
2024-03-09 10:55:00,40.866020536161734,-73.87407081251573,141.0,78.45788407223311,82.97053211079744,Red,Clear,0.0,-0.801610842229848,33.0,33.0,434.1308667229899,8.073502130239447,High
2024-03-09 11:00:00,40.76022997757646,-73.95521014232504,255.0,58.08007809120285,10.015188132357352,Green,Snow,0.0,-0.4684217519454927,76.0,7.0,497.891989889383,14.216994610125344,High
2024-03-09 11:05:00,40.6807569502389,-73.95349098711715,44.0,36.33092979474311,61.804392403057115,Green,Snow,0.0,-0.7039229592839977,73.0,30.0,68.47650364217111,6.97707263968612,Medium
2024-03-09 11:10:00,40.719153341815534,-73.79463483811148,294.0,45.635895064698786,45.8662405425095,Green,Clear,0.0,0.6655781007446886,30.0,,424.40807180971854,16.23583654996226,High
2024-03-09 11:15:00,40.89395815881412,-73.73447504440455,283.0,49.34399779790437,61.55152129940431,Red,Fog,0.0,0.9882465245368636,67.0,7.0,480.0159989624216,11.030964578314997,High
2024-03-09 11:20:00,40.622753552348115,-73.9445804086642,155.0,16.145830840922308,19.189706554249547,Red,Rain,0.0,0.4516872306080897,88.0,38.0,360.2644150304711,24.817741273292395,High
2024-03-09 11:25:00,40.76623677209497,-73.9909001262004,28.0,68.2660198944531,43.312799614871025,Yellow,Fog,1.0,0.8204904976543848,48.0,2.0,305.5988962146565,9.199056009494878,High
2024-03-09 11:30:00,40.68630215138563,-73.73637134918505,67.0,19.44893011061224,10.32098206448757,Yellow,Fog,0.0,-0.6739853797990074,86.0,7.0,355.3926209258498,5.331095150253774,High
2024-03-09 11:35:00,40.80168387828477,-73.92887087347599,17.0,65.56312531421781,78.5762915323949,Yellow,Rain,0.0,-0.0443457190309761,33.0,42.0,264.8868382626016,17.643303407761493,Medium
2024-03-09 11:40:00,40.60729196356125,-73.96650068972728,161.0,52.218307116674154,37.47118305114449,Red,Rain,0.0,0.538721704698198,58.0,3.0,234.0252596780084,7.28466418187763,Medium
2024-03-09 11:45:00,40.88373488145996,-73.7398638922207,254.0,66.76074516313263,20.038204047340088,Red,Fog,0.0,-0.4178392097959491,32.0,25.0,316.17491581565383,21.16470853756075,High
2024-03-09 11:50:00,40.89616512104339,-73.85309937754232,120.0,53.30414461884761,52.62329775789288,Green,Snow,0.0,0.4957187014694408,31.0,11.0,121.95642837716962,14.867116211568632,Medium
2024-03-09 11:55:00,40.839876947291096,-73.94100567583179,258.0,10.336530313049783,67.78028056651368,Green,Clear,0.0,-0.1690729792423713,51.0,1.0,115.00530663919348,27.71496438894311,High
2024-03-09 12:00:00,40.675130441324725,-73.721465100718,146.0,70.5096487655878,59.10740505705294,Yellow,Snow,0.0,-0.0026868570155527,64.0,44.0,378.2191618853328,12.617696360318096,Medium
2024-03-09 12:05:00,40.73707637307749,-73.96831690859439,,22.213064559801385,69.23647122372515,Red,Fog,1.0,0.0638231844411794,45.0,19.0,490.3964038946718,20.517940350651592,High
2024-03-09 12:10:00,40.82951907796673,-73.7480791614908,25.0,32.86941915056407,,Red,Fog,0.0,0.664512778015705,87.0,48.0,364.92368283768735,26.300993823015805,Medium
2024-03-09 12:15:00,40.796968923008194,-73.74687293943515,,45.020327051073835,44.35126222295175,Yellow,Fog,0.0,0.4766163977439579,93.0,36.0,131.28324745002325,15.55052796859476,High
2024-03-09 12:20:00,40.626203026519136,-73.83072309582056,63.0,69.8905966160515,72.32913918552684,Green,Clear,0.0,0.242744085003391,59.0,43.0,314.2115751483163,18.08958055516593,Medium
2024-03-09 12:25:00,40.71937868923207,-73.71081710899513,60.0,29.373826065645527,88.1095729756846,Green,Snow,0.0,-0.9589046668123832,84.0,27.0,169.62818098647858,21.619405230078947,High
2024-03-09 12:30:00,40.858180971163115,-73.95584401030501,102.0,36.212475984708234,43.18862218436264,Red,Clear,0.0,-0.7406702169048363,81.0,19.0,172.65415842017046,21.525201376263706,Medium
2024-03-09 12:35:00,40.76789013333426,-73.82672979613162,62.0,54.55254294323426,20.49274537706651,Green,Fog,0.0,-0.1185579045602465,82.0,32.0,218.8083658559296,27.97695462257475,Low
2024-03-09 12:40:00,40.66014344899884,-73.91442435473705,96.0,53.21618298003709,94.6984083324022,Red,Rain,0.0,,28.0,27.0,416.3132833855453,12.802477426832388,High
2024-03-09 12:45:00,40.68308963395727,-73.76847338859936,19.0,32.51805308664058,80.23467420373886,Green,Rain,0.0,0.9753519334548968,55.0,36.0,437.4212264957091,21.424089438314645,High
2024-03-09 12:50:00,40.85393220383595,-73.85965396017397,43.0,47.30185299442883,46.24410535672787,Red,Clear,1.0,0.830784192858262,93.0,5.0,96.03351247490338,29.230739756721302,High
2024-03-09 12:55:00,40.61059218329671,-73.89000933326389,76.0,31.68595376600529,96.72509853822248,Yellow,Snow,0.0,0.1004430982985158,82.0,17.0,278.8124195723253,23.501633732946285,High
2024-03-09 13:00:00,40.82534964336688,-73.98557087706614,244.0,17.008840490116825,30.29582293000964,Yellow,Fog,0.0,-0.9946231074227734,13.0,41.0,366.5111883422608,21.807154388770577,High
2024-03-09 13:05:00,40.68479071755058,-73.72992005086587,79.0,28.123734789789836,34.55934060258548,Green,Rain,0.0,-0.8193327094875511,18.0,49.0,269.7646241574188,10.76254196882523,Medium
2024-03-09 13:10:00,40.696180889230675,-73.72559035848187,221.0,77.61333368213894,84.16513133526612,Yellow,Fog,0.0,-0.5881755050022464,87.0,37.0,439.7588797139101,23.381742453059513,High
2024-03-09 13:15:00,40.677461215800214,-73.82326018942008,272.0,46.19740150279705,65.99414908714121,Red,Rain,0.0,0.1730680170331133,50.0,8.0,499.5770932684991,22.83508641862416,High
2024-03-09 13:20:00,40.87725372282016,-73.76448478837916,,77.98377788651544,14.717778913841732,Green,Snow,0.0,0.5622350289971083,89.0,19.0,124.50850428981688,23.535980357800327,High
2024-03-09 13:25:00,40.7787674294208,-73.70745943833761,143.0,73.19738561993816,57.79363394705384,Green,Fog,0.0,-0.4242846841775833,24.0,11.0,489.65898520966937,10.245249847663144,Medium
2024-03-09 13:30:00,40.695261185705704,-73.78904482309822,75.0,23.280604026820672,60.048430994217,Red,Snow,0.0,0.3971613443322752,85.0,42.0,487.09677055755594,12.964905216192294,Medium
2024-03-09 13:35:00,40.70345284545087,-73.99539797813497,290.0,51.30049461162883,48.64057284429173,Green,Snow,0.0,-0.6157169532356317,24.0,14.0,269.9218520934071,13.380970321828917,High
2024-03-09 13:40:00,40.65748779465699,-73.78663447943698,113.0,17.956040118173547,79.37402323369136,Yellow,Snow,0.0,0.8778850205486874,24.0,36.0,311.47259399306074,,High
2024-03-09 13:45:00,40.61097426870217,-73.830187795553,25.0,55.33346897210341,72.61706848700078,Yellow,Rain,1.0,-0.3828695373800364,94.0,44.0,66.80842092055866,16.414347886255293,High
2024-03-09 13:50:00,40.867634929111965,-73.88100672376966,166.0,26.13427902580122,,Yellow,Rain,0.0,-0.9270215860309255,33.0,14.0,224.85182655224455,27.20185650444676,Medium
2024-03-09 13:55:00,40.89078356994413,-73.85974408814927,282.0,74.33195760226926,51.39756311646175,Yellow,Rain,0.0,0.1450143974219062,18.0,5.0,151.28368393420388,27.58913370607727,High
2024-03-09 14:00:00,40.77211761933543,-73.82261865188835,228.0,65.19701791436395,84.87572109194109,Red,Fog,0.0,-0.1998757959656374,51.0,13.0,202.26264126619975,12.03874638317112,High
2024-03-09 14:05:00,40.75821933214028,-73.80508726567581,25.0,9.034363995782506,33.75327737382425,Yellow,Clear,0.0,-0.4438398956165195,85.0,34.0,150.73545431730494,26.277316660402324,High
2024-03-09 14:10:00,40.73846701534421,-73.73659077613782,166.0,66.74179136388354,76.0941452332977,Yellow,Snow,0.0,0.0085979191897431,17.0,30.0,141.60704436119494,28.113228266734456,Medium
2024-03-09 14:15:00,40.61117589112649,-73.81721103756904,53.0,15.849191938766843,63.75971053736915,Green,Clear,0.0,-0.5660766219854467,15.0,48.0,388.6742246256686,7.602252673802413,High
2024-03-09 14:20:00,40.60406593288762,-73.75565745486529,111.0,37.78452059873946,58.4864115657394,Green,Snow,0.0,0.0830862253635138,56.0,30.0,209.59701833750285,6.258001721733826,Medium
2024-03-09 14:25:00,40.83660088497635,-73.87741102725569,62.0,12.361558243527682,23.592759877456565,Yellow,Rain,0.0,-0.8861297790823142,48.0,45.0,311.72866570133334,15.45868952291746,High
2024-03-09 14:30:00,40.84001008317436,-73.83988626083861,237.0,60.782414350011344,62.37930022491257,Yellow,Clear,0.0,-0.9991056400043709,60.0,1.0,285.0983787820146,8.429446852995579,High
2024-03-09 14:35:00,40.694278807058375,-73.88730749945061,240.0,58.68603981226861,13.673992252174706,Red,Fog,0.0,-0.3837216425580556,99.0,15.0,438.885465354908,24.88063552595924,High
2024-03-09 14:40:00,40.827018358851554,-73.91892697445282,38.0,55.471898081218725,17.670714752158997,Yellow,Snow,0.0,-0.1194489743390188,64.0,26.0,63.47038225885383,28.28629367973684,Low
2024-03-09 14:45:00,40.808058751329824,-73.88852696136217,30.0,75.25120606208469,93.16759264082732,Yellow,Clear,0.0,-0.3613972921759221,39.0,18.0,81.69661022657698,17.167785519315395,High
2024-03-09 14:50:00,40.7360117727666,-73.92185845522353,192.0,64.42143822038447,88.75346099189464,Yellow,Fog,0.0,0.925488582207788,95.0,30.0,88.07665233820339,28.759991311203425,High
2024-03-09 14:55:00,40.68565161767812,-73.74740161587481,117.0,17.641635079251074,94.43086908993534,Green,Snow,0.0,-0.5806849479043688,9.0,19.0,170.83812862271415,20.406760265503166,High
2024-03-09 15:00:00,40.64119034843897,-73.91176290996333,132.0,42.73712631711886,42.8032626411648,Green,Clear,1.0,-0.4602997598156013,68.0,13.0,306.7964123772478,19.209413157975955,High
2024-03-09 15:05:00,40.82651819106768,-73.70858640833242,54.0,39.207466718322216,18.326345679680895,Yellow,Rain,0.0,-0.2859888204000409,88.0,8.0,259.59579241656877,,Medium
2024-03-09 15:10:00,40.7323781745958,-73.7457282320082,186.0,21.454499318352095,71.94166489352443,,Clear,0.0,-0.8741629108836888,91.0,33.0,57.80518224772948,18.73033503734348,Medium
2024-03-09 15:15:00,40.854333628264634,-73.7127122815,60.0,66.39180295829019,16.726209108800294,Yellow,Clear,0.0,-0.4918152070159121,25.0,11.0,199.12890818360856,5.128385664153285,Low
2024-03-09 15:20:00,40.60381943192277,-73.95234246524414,180.0,62.0519928386131,41.14566678837248,Green,Rain,0.0,-0.6223966824176728,14.0,14.0,248.09630873120307,11.125845304353708,Medium
2024-03-09 15:25:00,40.74638966050939,-73.77637567522929,293.0,55.51271029553467,22.533044690323024,Green,Rain,0.0,-0.3007638563958548,94.0,43.0,354.8487910050329,15.337686887062208,High
2024-03-09 15:30:00,40.8925860907494,-73.78879312672822,115.0,50.28168391974272,27.96589238012588,Red,Rain,0.0,0.9061774628662328,98.0,6.0,136.56071396694,14.315756052634516,Medium
2024-03-09 15:35:00,40.79289835674261,-73.94094710522496,123.0,44.30518406399335,27.90148299063383,Red,Fog,0.0,0.253656914699802,39.0,21.0,59.50133550915905,20.858261187913033,Medium
2024-03-09 15:40:00,40.76152594058689,-73.93431744212747,45.0,25.03128077078046,30.531886100857868,Red,Rain,0.0,0.2542591348359377,68.0,36.0,307.16215051200527,17.725564287503246,
2024-03-09 15:45:00,40.83495645456548,-73.83089220073762,247.0,5.458561117558304,85.7288735569654,Green,Fog,0.0,-0.7076765473816744,45.0,35.0,271.7713979155109,26.250807855725913,High
2024-03-09 15:50:00,40.67728619616517,-73.96438390386788,68.0,38.7336729459671,14.4128064021778,Red,Rain,1.0,-0.1858248684127272,72.0,26.0,382.28830476262607,21.15273572725599,High
2024-03-09 15:55:00,40.62374343122115,-73.71730913197176,189.0,36.768704396342685,,Yellow,Rain,0.0,0.1096038894399171,9.0,12.0,68.16652628350398,27.13529279191494,High
2024-03-09 16:00:00,40.62354832179379,-73.99456678256047,242.0,,67.6573741467115,Red,Snow,1.0,-0.363229968202285,58.0,49.0,423.31164421425893,27.554888099912525,High
2024-03-09 16:05:00,40.863872083747445,-73.90805977264252,227.0,45.940930273849894,,Red,Clear,1.0,-0.6769401630479421,54.0,15.0,339.4198516213026,9.7425682855412,High
2024-03-09 16:10:00,40.62663011817051,-73.93522382088594,205.0,77.45806882935291,37.690455266653736,Green,Rain,0.0,0.5105494492646858,37.0,5.0,137.5690414193279,15.269415053323751,High
2024-03-09 16:15:00,40.82048990829435,-73.92279744902925,,77.36085494637172,87.67253914062954,Yellow,Clear,0.0,-0.7140680280094285,62.0,14.0,194.60653898582777,8.18736465868624,High
2024-03-09 16:20:00,40.72046662771274,-73.81954830959538,136.0,16.937952750944895,28.43996033673151,Yellow,Fog,0.0,0.9309103151956656,38.0,38.0,227.80686649514956,11.635569274181345,High
2024-03-09 16:25:00,40.693410807869846,-73.78692618865675,206.0,17.670807290214523,24.375634047217076,Yellow,,0.0,0.1861535622903056,59.0,11.0,169.55378635715522,5.935903766948007,High
2024-03-09 16:30:00,40.74473768843456,-73.80423029032642,177.0,55.26632991399911,16.867146919556085,Green,Snow,0.0,0.3393129663540073,3.0,39.0,283.04625387476597,8.452384709055142,Medium
2024-03-09 16:35:00,40.889551292611,-73.78354418824996,174.0,28.543212472791236,55.88553156080061,Red,Rain,0.0,0.5532556813650888,53.0,48.0,216.87392594699023,23.625882948267627,Medium
2024-03-09 16:40:00,40.865325272295394,-73.76726706373088,166.0,40.46140782079722,76.53630867157973,Green,Snow,0.0,0.9888931457205516,62.0,43.0,194.48684801237448,25.9897095098372,Medium
2024-03-09 16:45:00,40.80440537024815,-73.90827382088749,83.0,9.495312566574396,98.82706292543998,Red,Rain,0.0,0.0206623012214874,82.0,17.0,,10.603302321298786,High
2024-03-09 16:50:00,40.63645258538029,-73.92393664013105,296.0,30.172803798606072,56.05891202575762,Green,Fog,1.0,0.2507791853864967,53.0,47.0,105.0254275029732,26.24455362447771,High
2024-03-09 16:55:00,40.784430837456675,-73.7112234634465,255.0,71.77824851110832,55.10859265898569,Green,Rain,0.0,0.8870238965195121,10.0,25.0,384.4411898169324,7.95329467605267,High
2024-03-09 17:00:00,40.81717207819173,-73.71787613338262,161.0,12.410160404010009,28.1836072836901,Green,Snow,0.0,-0.0560751422662233,29.0,21.0,338.2205531372406,14.715190284758918,High
2024-03-09 17:05:00,40.72271827309856,-73.89152917388421,162.0,30.66578508094461,79.38247562553259,Red,Fog,0.0,0.8270586997711309,46.0,10.0,388.3349948182388,10.740732100719168,Medium
2024-03-09 17:10:00,40.754954836063035,-73.72770114220387,67.0,38.437274406103285,74.96219593419444,Yellow,Snow,1.0,-0.0520669646052953,34.0,44.0,302.9545349691823,12.92420013744838,High
2024-03-09 17:15:00,40.79850410384516,-73.97852655522297,162.0,16.31891646533536,84.81470085989083,Red,Rain,0.0,-0.8900906389790946,6.0,44.0,369.8767673787979,29.773295074255273,High
2024-03-09 17:20:00,40.66225602360065,-73.94281838290185,30.0,26.508435711850765,98.57875250041954,Green,Snow,0.0,-0.0445787751260375,95.0,45.0,130.99724290872808,14.555311716559922,High
2024-03-09 17:25:00,40.82927127623076,-73.79551961945747,256.0,66.26523473273627,46.56249163006119,Yellow,Snow,0.0,-0.5446666026457216,61.0,14.0,209.01040683363473,20.664246774485132,High
2024-03-09 17:30:00,40.67261721391925,-73.9193915981668,111.0,69.14227087835411,65.53074155260657,Green,Clear,0.0,0.6708123299931781,69.0,37.0,352.06261865619115,22.310361058055815,Medium
2024-03-09 17:35:00,40.690791279279026,-73.75296982631036,153.0,24.73314248386286,27.184584681402814,Red,Clear,1.0,0.3502538042689262,82.0,16.0,358.4815005852782,11.519655387005766,High
2024-03-09 17:40:00,40.87900937022431,-73.70288201927747,225.0,11.177236232104413,68.10558114106664,Green,Fog,0.0,0.640589924293635,73.0,10.0,335.3197990423382,8.424558534869561,High
2024-03-09 17:45:00,40.75098659088734,-73.94026733251378,57.0,36.158007636386046,33.3125740397421,Green,Clear,0.0,-0.3484828965079529,26.0,31.0,97.00782694026309,9.36112606470127,Medium
2024-03-09 17:50:00,40.83647088677014,-73.99867224170345,244.0,37.13531760240067,37.573536223731736,Yellow,Fog,0.0,0.30218589634792,25.0,26.0,335.92047170330864,29.22754238601989,High
2024-03-09 17:55:00,40.61133590912179,-73.90135757205418,197.0,73.76917795989823,85.24827643656272,Red,Fog,0.0,-0.8902375192526131,44.0,44.0,290.285262934438,6.498664944093603,High
2024-03-09 18:00:00,40.72343492633009,-73.75628543867418,205.0,34.16046141294319,18.875721979409533,Yellow,,0.0,0.5695372063584208,89.0,12.0,352.48535171148274,25.454171171510716,High
2024-03-09 18:05:00,40.62457128131902,-73.82717779172211,124.0,71.00234987276828,84.2179514125811,Yellow,Snow,0.0,-0.1981961046971196,42.0,41.0,475.712378411167,13.528049886973552,High
2024-03-09 18:10:00,40.71817708409,-73.74152249864962,201.0,16.13572154459817,65.1512512621551,Red,Snow,0.0,0.2444955178761725,77.0,27.0,273.12934423864385,22.432402143589535,High
2024-03-09 18:15:00,40.75785407106726,-73.81269904172913,,51.039783495599416,82.62624291064127,Red,Fog,0.0,0.481027144476952,29.0,7.0,330.8930145814635,5.64678219178147,High
2024-03-09 18:20:00,40.80415157194479,-73.9190168739586,31.0,14.547076464418508,27.035151097599073,Red,Clear,0.0,-0.3078239435915826,29.0,14.0,254.6072471735076,12.69035418919016,High
2024-03-09 18:25:00,40.71030969001196,-73.89244324161791,112.0,41.86785406669928,57.00620121213053,Green,Fog,0.0,-0.0708624373955575,29.0,17.0,259.51690689984696,17.82268654276797,Medium
2024-03-09 18:30:00,40.645994410023135,-73.70124942055078,179.0,26.09417350132436,24.119023074011423,Yellow,Snow,0.0,0.3975772763924903,62.0,28.0,174.87751981677928,16.21065503127972,Medium
2024-03-09 18:35:00,40.653163132413745,-73.85937217042529,128.0,61.18500767939402,47.257526610896434,Green,Clear,0.0,-0.0924285736728096,62.0,29.0,428.6028594853879,14.09604281231852,Medium
2024-03-09 18:40:00,40.68179274023056,-73.73028133358221,153.0,77.85608394959395,99.27549536063268,Yellow,Clear,0.0,0.2542584143834929,74.0,47.0,54.13947354396288,29.191820960662895,High
2024-03-09 18:45:00,40.80300214998871,-73.88039247872105,230.0,28.78806427009577,46.160809355708345,Yellow,Snow,0.0,-0.1825910537847519,91.0,9.0,408.0455030678157,19.59393899504903,High
2024-03-09 18:50:00,40.605843989259,-73.73478218407212,66.0,12.114245962905144,94.60412598712588,Red,Fog,0.0,0.2253645256964203,50.0,15.0,214.36697225573403,7.5653310524852255,High
2024-03-09 18:55:00,40.84473565754088,-73.81555685724656,269.0,42.416967485671215,40.5342464898888,Green,Rain,0.0,0.2242374196391601,72.0,24.0,296.4705044703891,15.288603562930753,High
2024-03-09 19:00:00,40.740177668140795,-73.7262989401498,58.0,31.35781769047691,91.78817474502388,Green,Snow,0.0,0.148048776373137,91.0,35.0,332.0048935841836,24.94518700706656,High
2024-03-09 19:05:00,40.865517930538594,-73.74940361608951,222.0,15.744174614733057,25.2787212961599,Yellow,Rain,0.0,0.4045866916327096,65.0,8.0,423.4320890625415,24.99572780701033,High
2024-03-09 19:10:00,40.79369827362522,-73.87008085479304,182.0,72.84876738604841,98.30859948785408,Green,Rain,0.0,-0.0653313207472561,47.0,1.0,130.67897609637726,15.537710360723644,High
2024-03-09 19:15:00,40.74531932822817,-73.8646313058097,234.0,5.3067999527073315,57.86290645233738,Red,Rain,0.0,0.6406888014115866,69.0,3.0,407.7409107879465,25.534472598001138,High
2024-03-09 19:20:00,40.6061641840102,-73.79479840232847,292.0,33.44891145410999,47.05054851251958,Yellow,Fog,0.0,-0.0384688016892957,78.0,16.0,275.9389225405595,18.145572603808517,High
2024-03-09 19:25:00,40.648265917125606,-73.87369539374613,,28.57407382842506,67.15540083897025,Yellow,Clear,1.0,-0.302599240291683,82.0,24.0,286.71895928901,26.69685895085752,High
2024-03-09 19:30:00,40.71019169412003,-73.70374577743888,287.0,49.92136647550726,39.03557021370121,Yellow,Clear,0.0,0.6890843915402207,56.0,31.0,52.17195581144553,15.67618293985426,High
2024-03-09 19:35:00,40.867371363088395,-73.8797117972895,146.0,73.90479684626884,64.63365651880974,Red,Fog,0.0,0.1930494767936759,26.0,27.0,308.9833149872209,14.333567009490112,Medium
2024-03-09 19:40:00,40.64115632606245,-73.7547650547948,289.0,17.865854141315058,89.26107966550178,Green,Fog,0.0,0.1916479789805345,75.0,20.0,294.5522012386643,10.78429579174253,High
2024-03-09 19:45:00,40.67316093378851,-73.86090189629917,49.0,54.23996335276391,36.42974701368232,Green,Clear,0.0,0.2677578223607753,98.0,41.0,138.405213040082,10.97095197340314,Low
2024-03-09 19:50:00,40.60761275061555,-73.73963773056238,148.0,36.549977439989355,82.77124657134387,Yellow,Snow,0.0,-0.1393756198041422,3.0,40.0,238.73624741148268,26.37607950392455,High
2024-03-09 19:55:00,40.71475439554936,-73.76489884830022,,5.191642134476211,80.56180674252232,Yellow,Rain,0.0,-0.91928800636745,42.0,23.0,396.98635261612645,7.298957057358322,High
2024-03-09 20:00:00,40.65441867237902,-73.80150850679708,86.0,62.404692222956086,19.72326986719387,Red,Clear,0.0,0.7316128174018706,25.0,46.0,236.4923690103035,12.85371392491164,Low
2024-03-09 20:05:00,40.71410167428527,-73.9512207000353,272.0,66.511575159198,28.2806243308887,Green,Fog,0.0,-0.9983698634600836,83.0,29.0,171.60522783739424,5.63607361340543,High
2024-03-09 20:10:00,40.82068645739301,-73.86023403604068,252.0,25.017682661467298,39.310156032624775,Red,Snow,0.0,0.7830658597267062,45.0,16.0,476.366007992843,12.615640096472648,High
2024-03-09 20:15:00,40.785530176279394,-73.90169814799161,92.0,61.04859586929903,95.898917618774,Green,Fog,0.0,0.1168666723677247,69.0,5.0,475.2695134186345,7.41481861992261,High
2024-03-09 20:20:00,40.638577596654336,-73.78565544753508,207.0,36.909283785465746,79.52782767778118,Green,Clear,0.0,-0.914611742765191,61.0,46.0,54.242613097455866,11.863922170945616,High
2024-03-09 20:25:00,40.69903388900463,-73.86767755530333,104.0,69.39158540471477,37.15764080889745,Yellow,Fog,0.0,0.9595737373518508,81.0,42.0,397.512260503802,26.195357080885415,Medium
2024-03-09 20:30:00,40.618248437433955,-73.8440950982807,282.0,77.20938232872645,50.482545865905415,Red,Snow,0.0,-0.0709748239859171,20.0,,352.0463326351282,21.571253009748418,High
2024-03-09 20:35:00,40.62135813633733,-73.92521896768156,28.0,19.745815020184484,73.00135435614284,Red,Clear,0.0,-0.2785866859240804,94.0,5.0,133.1879576453926,5.996388920138758,High
2024-03-09 20:40:00,40.6105458281683,-73.71805690546869,231.0,70.22083530461333,76.65454627622822,Green,Rain,0.0,-0.8766888381984517,18.0,29.0,469.64700774581047,12.605609919445802,High
2024-03-09 20:45:00,40.632891057340885,-73.87987935237489,22.0,44.80294214266931,12.850478747470753,Green,Rain,0.0,0.2807724404692346,22.0,23.0,478.50710319317005,5.7547623956113,Low
2024-03-09 20:50:00,40.629282795249786,-73.81374502872954,48.0,72.41268040036707,13.57630457450971,Yellow,Fog,0.0,,30.0,0.0,253.7556216033159,15.621499789703169,Low
2024-03-09 20:55:00,40.855120194243405,-73.71474745929491,201.0,24.71746117563044,74.00220820207707,Yellow,Snow,0.0,-0.978979779051778,52.0,6.0,357.77731516313327,6.08345916491106,High
2024-03-09 21:00:00,40.74801916720122,-73.90872717953395,181.0,10.385683650318589,67.92384838609712,Green,Snow,0.0,0.3974814850622565,33.0,39.0,117.67617071862315,28.161327967079817,High
2024-03-09 21:05:00,40.77249594563952,-73.76747173829092,152.0,60.8651875422217,42.825454766069754,Yellow,Fog,0.0,0.7347485791436152,92.0,43.0,226.89278455973377,7.1009835786478135,Medium
2024-03-09 21:10:00,40.67723525311212,-73.90338725293181,128.0,34.412340454348,94.40806403044446,Green,Rain,1.0,-0.3739079912292864,51.0,45.0,219.37616169902373,9.877785783232971,High
2024-03-09 21:15:00,40.81810211552118,-73.77728693198493,120.0,35.644426620045095,90.59616261551032,Green,Snow,0.0,-0.9767190411129416,4.0,36.0,218.89973240574483,20.69191152104853,High
2024-03-09 21:20:00,40.80735806942852,-73.70920193982315,121.0,56.14005041361657,67.139117347118,Yellow,Clear,0.0,-0.2952891351736506,17.0,1.0,236.74050621917655,10.51907913311122,Medium
2024-03-09 21:25:00,40.67726592124781,-73.80493470097333,173.0,64.98751690975664,69.50650236308888,,Snow,0.0,-0.0863548638784919,74.0,,463.7872295963959,5.960619420069928,Medium
2024-03-09 21:30:00,40.63363618094364,-73.80230612202135,18.0,70.21469776097572,25.826085103827623,Green,Clear,0.0,0.43396526578522,99.0,11.0,76.05848717197995,22.915574401118057,Low
2024-03-09 21:35:00,40.80008749451984,-73.86882707696441,,51.17219584662898,10.860568939044056,Green,Rain,0.0,-0.3007820480894179,82.0,13.0,261.95945975281586,19.95736124306712,Medium
2024-03-09 21:40:00,40.76065826961124,-73.83375523658168,20.0,44.129911167440696,43.194465963308055,Yellow,Clear,0.0,0.2817024960125969,5.0,45.0,311.8174472854702,10.399128179283643,Low
2024-03-09 21:45:00,40.68988259970486,-73.93008769549063,117.0,32.083950282752184,42.01268224317519,Yellow,Fog,0.0,0.5194477299100251,22.0,29.0,172.89180853183774,13.432415028645876,Medium
2024-03-09 21:50:00,40.8416660708054,-73.77010600880773,13.0,49.550606903841775,62.34047759407998,Red,Fog,0.0,-0.7098505763487823,68.0,49.0,207.42024795848775,21.229099665648704,Medium
2024-03-09 21:55:00,40.72260723559711,-73.83286710562274,13.0,43.201357286646,45.73871248754504,Green,Fog,0.0,-0.605425707505201,34.0,23.0,337.47121137324797,22.409156935832502,Low
2024-03-09 22:00:00,40.72723209757507,-73.77160725561995,171.0,38.205935677476184,20.470909400302848,Green,Rain,0.0,0.0415433814745629,9.0,33.0,338.65873219915244,7.830649008081204,Medium
2024-03-09 22:05:00,40.69813620291087,-73.76656125329721,25.0,64.25955879427431,56.316579609760346,Green,Rain,1.0,-0.4393644415860409,30.0,34.0,390.76534039841147,24.67941419222935,High
2024-03-09 22:10:00,40.843488440819264,-73.87674667142002,217.0,78.69048754445062,58.460663332325986,Red,Snow,0.0,0.6917998234897187,8.0,16.0,96.67082855698295,27.80747638371404,High
2024-03-09 22:15:00,40.781658888792506,-73.80504295912357,124.0,28.869330851328417,89.66241764065171,Red,Fog,0.0,-0.3170026281566258,2.0,6.0,262.4307724659096,9.908037593125222,High
2024-03-09 22:20:00,40.84239595444723,-73.85380535711903,285.0,61.250468033835816,14.146051060832203,Red,Fog,0.0,-0.4461741049831422,65.0,7.0,332.7907186298045,13.28952566669785,High
2024-03-09 22:25:00,40.83704447837619,-73.78687705554395,115.0,71.51010792287387,53.989276651463456,Yellow,Rain,0.0,0.6623187247743798,11.0,30.0,246.2991972300633,20.73047564019412,Medium
2024-03-09 22:30:00,40.816007228994465,-73.85360578127978,,17.225403590327012,40.93757577218378,,Rain,0.0,-0.7767076728875322,64.0,41.0,241.5964644348806,17.974226066142187,High
2024-03-09 22:35:00,40.894660637696454,-73.90873973533674,144.0,19.46802279828386,64.14682821556033,Red,Clear,0.0,0.2821308290342581,,14.0,200.6118312428254,20.04443609779051,High
2024-03-09 22:40:00,40.6378985984654,-73.81665112464897,37.0,48.796465461210246,91.68496866736776,Yellow,Clear,0.0,-0.8715945124537132,93.0,6.0,186.70785784023207,19.3416447150947,High
2024-03-09 22:45:00,40.780650133983045,-73.96017191755513,25.0,51.84915095318519,59.14657049216668,Yellow,Fog,0.0,0.762254428912398,26.0,47.0,217.07225740986112,28.144400466530534,Medium
2024-03-09 22:50:00,40.7180453142784,-73.8795441362343,287.0,68.21205028021848,61.728518086456646,Yellow,Fog,0.0,-0.4248784290002463,81.0,30.0,472.1294148999536,21.449702914884774,High
2024-03-09 22:55:00,40.88452569708092,-73.74816242012263,185.0,46.58833336333452,33.24141260104854,Red,Fog,0.0,-0.7589685677401437,83.0,44.0,419.6830307863554,23.231635235781628,Medium
2024-03-09 23:00:00,40.695486062568584,-73.86552800679907,204.0,18.232603284061145,15.98948000454151,Red,Snow,1.0,-0.0351844485391241,46.0,31.0,480.6474877002297,11.404968979985457,High
2024-03-09 23:05:00,40.86678911309216,-73.98831327916041,248.0,79.39901002108856,98.32449072308064,Yellow,Fog,0.0,-0.8928113271527962,36.0,49.0,152.1574511501967,18.09314769343922,High
2024-03-09 23:10:00,40.653543269237694,-73.88706982326816,251.0,60.87620300132631,44.5340452782149,Green,Rain,0.0,0.527652829039525,90.0,32.0,264.3194397330471,,High
2024-03-09 23:15:00,40.674515174087475,-73.81067644346143,51.0,22.28432643029446,29.65474894834716,Green,Clear,0.0,-0.5629825290774535,27.0,15.0,419.1693076858664,10.159686630173614,Medium
2024-03-09 23:20:00,40.84101018876873,-73.84808124630241,37.0,9.778146944009844,39.445669827093106,Red,Rain,1.0,0.8259300454476426,69.0,10.0,74.86455232285132,16.699615998467337,High
2024-03-09 23:25:00,40.80146869861448,-73.94441349379198,29.0,43.04982778892353,75.8208978110352,Green,Clear,0.0,0.7732080872637426,10.0,18.0,237.71816423344265,9.98612501366568,Medium
,40.81241412722176,-73.80711019440504,24.0,11.563684627897178,81.3686370770935,Green,Fog,0.0,0.1054796621181188,80.0,17.0,309.50134290651266,17.208014854192704,High
2024-03-09 23:35:00,40.811322123964814,-73.98522688922378,40.0,34.33986839956671,74.06597469835812,Red,Rain,0.0,0.4144104979108136,68.0,4.0,192.08129570997949,11.07923575989135,Medium
2024-03-09 23:40:00,40.77949922517115,-73.87478344263086,127.0,39.63295231093881,67.41609018976091,Yellow,Snow,1.0,0.2209513172971655,71.0,2.0,180.4156172928957,15.51060322670344,High
2024-03-09 23:45:00,40.7282223735475,-73.97074233881891,250.0,60.83417092729029,44.691860389065305,Yellow,Clear,0.0,0.3673200549038493,23.0,14.0,274.77886147348295,14.681056933908676,High
2024-03-09 23:50:00,40.80576215946747,-73.89203102979386,202.0,40.16764353799349,15.28836821013856,Red,Clear,0.0,0.9727274158945368,77.0,35.0,462.66685911210067,14.042499211021518,High
2024-03-09 23:55:00,40.6022609944092,-73.81222403190596,249.0,45.32904388952784,32.23574386482775,Red,Fog,0.0,-0.4555768231673662,92.0,15.0,397.4311717160654,17.358170163352156,High
,40.809728099643976,-73.82436996929509,212.0,12.54398724134756,40.4049374357045,Green,Clear,0.0,-0.7143503987964974,20.0,29.0,109.11409275518852,16.00863133164914,High
2024-03-10 00:05:00,40.77608774157426,-73.95485933450372,36.0,63.5720666591739,56.76280250044942,Green,Rain,0.0,0.9939530704190792,26.0,43.0,347.0305930313583,16.8301566439019,Medium
2024-03-10 00:10:00,40.79492406632634,-73.77811991053312,70.0,50.64400332578065,17.75090401153588,Red,Clear,0.0,0.4027771335955499,23.0,42.0,216.20947505246085,27.57266726269532,Low
2024-03-10 00:15:00,40.87269915893537,-73.7759854636966,134.0,77.70222421982258,19.431062292682647,Red,Clear,0.0,0.9057906960251958,19.0,46.0,484.3791242267909,13.42166131797269,Medium
2024-03-10 00:20:00,40.77781586997285,-73.8304614618358,172.0,37.62502696182682,95.09931324407576,Green,Rain,0.0,0.304198375455414,2.0,22.0,406.3838577782279,20.77661350046266,High
2024-03-10 00:25:00,40.60789544060457,-73.76711213153509,38.0,27.53342990511524,83.720829439516,Red,Fog,0.0,-0.4935127980019671,49.0,18.0,312.6173546114021,23.135365600299572,High
2024-03-10 00:30:00,40.82351975407167,-73.76662540822707,58.0,23.442152073695567,14.2518257389243,Green,Clear,0.0,-0.8307569401174892,20.0,14.0,323.1009617364104,27.926466126590256,Medium
2024-03-10 00:35:00,40.65490624834474,-73.8845793854049,198.0,42.70416522049883,17.624965607360917,Red,Fog,0.0,0.363047246191186,56.0,10.0,484.62401716344874,29.867853111951284,Medium
2024-03-10 00:40:00,40.690960053937246,-73.89083137784209,295.0,70.37898677931086,30.63730958855135,Green,Clear,0.0,0.4715351512996708,23.0,5.0,233.3044038289784,8.369587257593665,High
2024-03-10 00:45:00,40.79231418049074,-73.75668858248339,243.0,55.050202797263395,90.99775637019576,Yellow,Clear,0.0,0.5965758377467636,85.0,38.0,110.21279277110524,21.64944065445407,High
2024-03-10 00:50:00,40.65893206931812,-73.70329011735436,,5.35351602668737,90.95342549610376,Yellow,Rain,,-0.5677037056931171,87.0,10.0,74.22734645719373,6.762558855798066,High
2024-03-10 00:55:00,40.76571174366657,-73.77205076042935,95.0,16.367992054584917,43.74976353424958,Red,Rain,0.0,-0.7531002877929756,20.0,43.0,236.34371403600628,26.37615280568736,High
2024-03-10 01:00:00,40.67983762708387,-73.97068755610783,26.0,62.89590907400023,67.2219037854033,Green,Clear,0.0,0.9239057720198688,37.0,14.0,480.3412397391767,16.539968323367564,Medium
2024-03-10 01:05:00,40.797824597003824,-73.83458237479894,219.0,41.30431813485597,86.03386286577339,Green,Fog,0.0,0.5639453242895038,44.0,6.0,283.44490761150337,17.95364353335309,High
2024-03-10 01:10:00,40.724281904923274,-73.81573060827161,220.0,37.82234059293751,51.59495170649547,Green,Fog,0.0,0.2748775333256921,23.0,3.0,66.58977378479241,20.93240928298887,High
2024-03-10 01:15:00,40.62466842915812,-73.75613103910814,229.0,8.813795551109846,62.54526460651598,Red,Fog,0.0,0.196386336641281,61.0,20.0,268.48781721417606,29.448069100669667,High
2024-03-10 01:20:00,40.86932667348689,-73.74423846108827,261.0,72.38273286775822,80.80388075370014,Green,Rain,0.0,0.1344293956818461,31.0,2.0,485.0620421970576,29.28721669277147,High
,40.825848569858145,-73.89355473134736,232.0,6.675223442683471,73.73596101987228,Green,Snow,0.0,0.1001918683465519,41.0,20.0,317.8725683011087,23.100215058606604,High
2024-03-10 01:30:00,40.82007149215689,-73.9312780678233,256.0,7.628222502778573,89.63328145619329,Yellow,Snow,0.0,-0.2843498912977951,61.0,17.0,478.1862646602867,26.864301268562976,High
2024-03-10 01:35:00,40.66028831776753,-73.90709449949061,190.0,17.774012635410728,45.62827837788176,Yellow,Rain,0.0,0.3418575641750594,10.0,2.0,135.5103331022329,,High
2024-03-10 01:40:00,40.83542779051344,-73.79073029709892,192.0,14.782425921318085,55.193853492934046,Yellow,Rain,0.0,0.1957973342520826,91.0,44.0,102.05129406763422,24.782070993439316,High
2024-03-10 01:45:00,40.73553392950221,-73.74369664042787,272.0,44.6081086872048,88.13508644096999,Green,Clear,0.0,0.9920879630849628,8.0,19.0,392.17382835247514,22.100292238079007,High
2024-03-10 01:50:00,40.6076845320166,-73.72273247526601,260.0,12.226176249039971,39.44840688841297,Yellow,Rain,0.0,0.3010549875122406,90.0,2.0,327.75025783922786,7.252334748534279,High
2024-03-10 01:55:00,40.863872057662725,,25.0,36.27880327981121,10.974197783222984,Yellow,Clear,0.0,-0.5105460228515628,68.0,37.0,208.87641268584315,5.302163085455093,Medium
2024-03-10 02:00:00,40.80202479482123,-73.89029692798591,298.0,56.481826379420035,30.414823506354782,Green,,0.0,0.2433751058173487,42.0,20.0,271.90330030012257,20.694609185686236,High
2024-03-10 02:05:00,40.7125287081973,-73.85631054937141,230.0,28.7975224083812,31.678059246731323,Yellow,Rain,0.0,0.4118197783266741,23.0,10.0,219.45643045995783,15.220961235891345,High
2024-03-10 02:10:00,40.77224625221575,-73.77480486058423,194.0,11.27702386520138,87.12531011645751,Green,Rain,0.0,-0.7802718867614804,72.0,44.0,423.3864410069906,6.157120949421428,High
2024-03-10 02:15:00,40.67359083032781,-73.86013929953884,15.0,5.010123263640244,63.3480852037509,Green,Fog,0.0,0.4931440562304927,43.0,2.0,218.5278441447246,14.78111805810436,High
2024-03-10 02:20:00,40.79834242397526,-73.95635395028145,166.0,22.420727843384977,21.043156010936592,Green,Snow,0.0,0.9699862899532496,93.0,7.0,82.3730968030833,,Medium
2024-03-10 02:25:00,40.893102156792374,-73.81548319833806,129.0,40.2749660683609,27.718398873618003,Red,Snow,0.0,-0.4566654617510641,99.0,33.0,210.768448644587,16.39062299746169,Medium
2024-03-10 02:30:00,40.8511918274702,-73.80411588935299,206.0,17.95936763370412,63.865459765350344,Red,Clear,0.0,-0.0258305029197352,40.0,25.0,462.47421521441106,18.612612761999323,High
2024-03-10 02:35:00,40.86241558370305,-73.88088221074959,156.0,72.726364002243,43.00527576309251,Yellow,Fog,1.0,0.402024960131329,42.0,44.0,213.0702808952556,28.49187010068187,High
2024-03-10 02:40:00,40.63131071952736,-73.98831975310573,139.0,31.68116237527843,57.03125448945491,Green,Rain,0.0,0.5247103627590477,39.0,5.0,254.357322752771,12.048908942146074,Medium
2024-03-10 02:45:00,40.78749666926877,-73.73043880742388,54.0,9.578694571096612,85.66908793492809,Yellow,Fog,0.0,-0.1942226066451158,25.0,16.0,399.0369404942171,21.77406680383632,High
2024-03-10 02:50:00,40.663134432583405,,181.0,49.6221588453016,62.3604385300834,Green,Clear,0.0,-0.2971459654069399,59.0,8.0,72.7800670740706,16.96387846930896,Medium
2024-03-10 02:55:00,40.75389916396644,-73.86100537929302,154.0,62.33618890477663,49.487642665492544,Green,Clear,0.0,-0.4847319476105929,73.0,41.0,96.99384617329964,28.245924612356784,Medium
2024-03-10 03:00:00,40.88792625023059,-73.79472927951355,290.0,50.469612398851154,34.97296744471399,Yellow,Clear,,0.5017583933595657,26.0,2.0,234.878481489133,8.555935268728641,High
2024-03-10 03:05:00,40.6169758408371,-73.74740875931032,264.0,11.779381601174322,41.95218174021103,Green,Fog,0.0,0.821311704257996,36.0,13.0,107.5680713049388,25.250302143562017,High
2024-03-10 03:10:00,40.60272119611028,-73.96624733217936,105.0,29.04671308070284,92.43342413750077,Yellow,,0.0,0.8879290191137705,6.0,10.0,93.20404401071818,8.083263549273365,High
2024-03-10 03:15:00,40.74221111989699,-73.76996980278925,248.0,72.39466169518091,73.74287755771178,Yellow,Snow,0.0,-0.0830672585922416,51.0,12.0,356.30442507815434,29.914118997843847,High
2024-03-10 03:20:00,40.83936268569968,-73.82604936232367,96.0,33.17873069767288,79.33431119048052,Red,Clear,0.0,-0.419453096809641,83.0,33.0,133.46812517734364,13.376866692830564,Medium
2024-03-10 03:25:00,40.69626853334185,-73.87092261757975,93.0,43.206920134777455,69.86725965754869,Yellow,Clear,1.0,-0.8828181553502765,73.0,16.0,79.89745408551761,27.100854504118317,High
2024-03-10 03:30:00,40.84726022382286,-73.88626675704516,46.0,19.189288667697973,53.90225520841529,Green,Clear,0.0,0.6319129917676654,97.0,42.0,229.49114213544013,19.976804046351845,High
2024-03-10 03:35:00,40.74201624424053,-73.95645413510721,116.0,19.48438476795841,40.66795163854745,Yellow,Rain,0.0,-0.8042871586312392,49.0,18.0,116.27594470523672,14.656714247944834,High
2024-03-10 03:40:00,40.644533896021144,-73.92796529753242,284.0,61.51343082201219,36.45894349691753,Yellow,Clear,0.0,-0.8623321685576744,61.0,45.0,252.9252980671613,5.476877073126797,High
2024-03-10 03:45:00,40.76770036024797,-73.99096028551294,44.0,40.96305748299889,85.60153258157584,Red,Snow,0.0,0.4311483073758417,45.0,31.0,335.332034696482,6.924016020028175,High
2024-03-10 03:50:00,40.800659444327565,-73.80989991136539,52.0,43.44668838109774,44.623301252540834,Red,Fog,0.0,-0.2922862175719292,91.0,17.0,185.56825301176988,21.464213163019664,Low
2024-03-10 03:55:00,40.806542544930544,-73.94821681606321,48.0,69.75020502561291,62.41433858654173,Green,Clear,0.0,0.0048054674102138,10.0,1.0,59.60786125895059,11.37705355110384,Medium
2024-03-10 04:00:00,40.83362498001976,-73.91369886885781,166.0,60.01404867036547,43.33532213873496,Red,Snow,0.0,-0.3487562868112817,80.0,3.0,207.88222101798627,23.257098644602973,Medium
2024-03-10 04:05:00,40.82877358944622,-73.82774550170551,43.0,10.324090828602696,58.27891566785444,Red,Snow,0.0,0.4542450933729949,90.0,10.0,,10.347723010646266,High
2024-03-10 04:10:00,40.777198672293856,-73.8971467761344,233.0,36.45622806828681,97.38189618084338,Red,Rain,0.0,-0.7955499443058076,83.0,23.0,64.50821879550823,7.389810029687006,High
2024-03-10 04:15:00,40.61003421197274,-73.95313090784765,24.0,10.148621005280626,60.62751255313136,Red,Clear,0.0,-0.571654090465658,2.0,38.0,346.48178808157934,7.8300549170921006,High
2024-03-10 04:20:00,40.803184790209095,-73.74736721187769,196.0,26.486257578323674,24.08081304846354,Yellow,Snow,1.0,0.7950852827560502,45.0,13.0,440.7893348846761,7.286233302307355,High
2024-03-10 04:25:00,40.87156651920698,-73.98842413131314,27.0,70.19140799032509,16.636672706458047,Yellow,Fog,1.0,-0.1384744159913524,89.0,36.0,360.0298160127443,15.159597569028277,High
2024-03-10 04:30:00,40.6615415334751,-73.77738622387719,275.0,29.626142250774,57.89219527205159,Green,Rain,0.0,-0.8871541399009122,90.0,32.0,433.531956104095,29.545732902164207,High
2024-03-10 04:35:00,40.71198120738584,-73.89645142968347,122.0,51.4000773652901,65.4209414668787,Yellow,Fog,0.0,-0.8011780860224038,60.0,31.0,62.20804749617314,28.15071823298272,Medium
2024-03-10 04:40:00,40.85682063664278,-73.98433079023512,212.0,,88.72128271512267,Yellow,Clear,0.0,-0.7757073113799753,3.0,20.0,58.13807970925485,11.298001931744508,High
2024-03-10 04:45:00,40.72027405336618,-73.91013344173291,129.0,20.27763446952534,66.99662084662049,Yellow,Rain,0.0,0.4918353765790357,75.0,46.0,86.07395601265375,28.99997688376501,Medium
2024-03-10 04:50:00,40.71408803175991,-73.86643819194767,280.0,42.823777756602375,26.174453729083687,Yellow,Snow,0.0,-0.262979381111639,42.0,3.0,113.79508792428156,21.903773156429317,High
2024-03-10 04:55:00,40.75542433367627,-73.87842627134049,113.0,11.232847659502792,18.580490636562672,Yellow,Snow,0.0,-0.7766643057725184,61.0,6.0,79.35877568555716,11.843731543672156,High
2024-03-10 05:00:00,40.65741765264005,-73.97665308206348,276.0,37.506701140850986,46.63003472310445,Green,Clear,1.0,0.685756301805021,67.0,41.0,148.02446923058713,7.411881259091164,High
2024-03-10 05:05:00,40.84239015066148,-73.84065469339328,34.0,35.32666352425204,32.962598376565346,Yellow,Snow,0.0,-0.7101012440201657,21.0,14.0,485.90699589596136,29.71828975150235,Medium
2024-03-10 05:10:00,40.71398410778016,-73.86996974046521,255.0,79.95129317090478,75.64173890424482,Yellow,Rain,0.0,-0.2002407203339138,70.0,20.0,374.1130593793395,15.146544338323157,High
2024-03-10 05:15:00,40.622597423520595,-73.95658465044676,44.0,51.78703252675736,38.90907236553079,Red,Snow,0.0,0.692842696690597,82.0,2.0,296.1826131670124,7.74163969289834,Low
,40.793039194552435,-73.9727363915698,230.0,55.189424775913174,78.16879155025333,Yellow,Rain,0.0,-0.3720414151995086,14.0,2.0,357.9875282133049,29.33354844764697,High
2024-03-10 05:25:00,40.622547992583094,-73.75833120978929,127.0,9.38809097150534,92.08137696794194,Red,Rain,0.0,-0.4282351395156514,16.0,44.0,304.5458396724247,26.963071610581128,High
2024-03-10 05:30:00,40.846763960979075,-73.79107211760278,35.0,74.47398761934878,90.04721316050345,Yellow,Fog,0.0,0.5036387628313037,53.0,26.0,477.46535327184273,27.830601429338923,High
2024-03-10 05:35:00,40.83671651222953,-73.81872575180196,108.0,52.14908558467427,46.615623946859586,Yellow,Snow,1.0,-0.4705660330535524,17.0,40.0,497.63854526681314,10.361252262006968,High
2024-03-10 05:40:00,40.856020945802854,-73.7651606993671,154.0,42.09675670281314,42.35737797925913,Green,Snow,0.0,0.9833848945754532,42.0,14.0,447.3232817212243,14.78926761326813,Medium
2024-03-10 05:45:00,40.622390727721104,-73.90744064365168,133.0,75.73074127998336,13.116150208041596,Red,Clear,0.0,-0.9828196744143592,14.0,17.0,422.1356929397347,16.408296339357847,Medium
2024-03-10 05:50:00,40.84289276215366,-73.78170927498903,177.0,19.730783824264996,50.54084872342949,Green,Fog,,-0.8229885904022372,88.0,31.0,392.47612098266944,15.064736468939245,High
2024-03-10 05:55:00,40.695633149365534,-73.86936789457171,79.0,30.685374063886293,15.776538634697223,Yellow,Rain,0.0,-0.0481357030779896,73.0,1.0,458.9719732317189,7.618839453519698,Medium
2024-03-10 06:00:00,40.73797767798426,-73.81821570678015,296.0,63.19129383250013,88.94422382788973,Green,Rain,0.0,0.5297897855693043,82.0,23.0,183.66194942696688,12.767078341650263,High
2024-03-10 06:05:00,40.763142851672946,-73.75909480943247,220.0,75.11345800455905,29.781862534085967,Red,Rain,0.0,-0.5627526688532798,98.0,28.0,335.7458810297595,,High
2024-03-10 06:10:00,40.808361613085445,-73.72751435505185,125.0,10.884038465551564,36.390707064276086,Red,Snow,0.0,0.5282710772632011,9.0,22.0,193.75706883190605,19.135849539007115,High
2024-03-10 06:15:00,40.889767670620365,-73.71690065769482,38.0,31.927070775981495,70.7227066314737,Red,Rain,0.0,-0.2029528251003725,68.0,32.0,425.2891117469435,25.817746875552253,Medium
2024-03-10 06:20:00,40.71173484610629,-73.81882684826627,87.0,20.55502638849118,98.92132941719228,Yellow,Rain,0.0,0.5350600176098923,70.0,31.0,80.66619879643358,25.53433093396811,High
2024-03-10 06:25:00,40.77462118572464,-73.96239920118758,69.0,27.26600782820824,27.13451160618087,Red,Snow,0.0,0.0210990675437521,76.0,21.0,275.5874577865918,7.953493191299772,Medium
2024-03-10 06:30:00,40.82817200748914,-73.7684143093345,227.0,75.71172012337051,72.42960834279106,Red,Clear,1.0,0.2978749167994692,37.0,14.0,143.37791781998902,17.506288549894812,High
2024-03-10 06:35:00,40.76420358061092,-73.86005772918537,220.0,56.49060853433508,58.54549675098436,Green,Fog,0.0,-0.627303230288695,21.0,40.0,375.6168135521226,11.540204605554631,High
2024-03-10 06:40:00,40.75452409172354,-73.81309777633116,98.0,67.98374313858659,88.81512382449492,Yellow,Snow,0.0,0.570421331214614,46.0,30.0,217.6881475694763,29.03783073920897,High
2024-03-10 06:45:00,40.684584436170205,-73.78919759239788,155.0,20.530348551999385,11.761888523423004,Red,Fog,0.0,-0.174229305863329,88.0,30.0,239.96570792781665,6.829096267021013,
2024-03-10 06:50:00,40.85083352951609,-73.75831761335047,97.0,57.27871311829016,65.47558680704606,Yellow,Snow,1.0,-0.7510261481545064,8.0,16.0,312.9936410168832,12.857851289215384,High
2024-03-10 06:55:00,40.865679115049886,-73.80532188903516,115.0,30.214205511232446,62.28828764186878,Red,Clear,0.0,-0.1184496958816276,26.0,9.0,403.2171873813176,27.106261749119525,Medium
2024-03-10 07:00:00,40.804304157671005,-73.70399927308212,65.0,7.972703711974603,47.998164325718896,Green,Clear,0.0,0.0792377563477004,13.0,19.0,377.25857695252984,5.118736508298273,High
2024-03-10 07:05:00,40.616525652909786,-73.99476680324751,238.0,76.6849930266413,69.38233832303385,Green,Snow,0.0,-0.3855567964765183,95.0,20.0,64.75715153690393,29.325006265823298,High
2024-03-10 07:10:00,40.81706885084185,-73.73765284006495,288.0,53.39291619695763,44.293006164141985,Green,Clear,0.0,0.7090178313431903,42.0,6.0,275.9680852016344,19.901272997996458,High
2024-03-10 07:15:00,40.8238670734065,-73.81198736074839,243.0,64.1659297658122,,Yellow,Fog,0.0,0.3641308154991332,11.0,34.0,185.60365350676864,28.11786295169209,High
2024-03-10 07:20:00,40.81861601350241,-73.94924104628093,197.0,77.33001715278547,37.02518427457356,Red,Fog,0.0,0.5760559208497926,47.0,46.0,488.5067715871776,10.996665645023278,Medium
2024-03-10 07:25:00,40.835882225031966,-73.85983931479609,63.0,16.506186809669728,70.8657232686447,Red,Snow,0.0,-0.9770123360598202,71.0,36.0,470.4168718902855,27.661091581383342,High
2024-03-10 07:30:00,40.737188204663546,-73.7645070377404,218.0,40.02169240327159,10.588512202593485,Green,Rain,0.0,0.6067458619171178,63.0,12.0,491.7764770624275,12.541574887009306,High
2024-03-10 07:35:00,40.78062950664221,-73.94014014034778,86.0,75.72068718795327,92.5256399675242,Red,Rain,0.0,0.882125047313137,96.0,11.0,170.7639241402706,6.280461043981552,High
2024-03-10 07:40:00,40.6424436943362,-73.89330366501588,217.0,59.92605336026715,55.70780897718573,Yellow,Rain,0.0,0.586578523982165,63.0,37.0,294.0744192316813,20.806749348142684,High
2024-03-10 07:45:00,40.709143148826186,-73.75824053397334,246.0,15.13047684026434,29.2516116616349,Green,Clear,0.0,-0.5298608278472161,34.0,30.0,114.04098928875524,19.52068665561413,High
2024-03-10 07:50:00,40.68441261189797,-73.9406026504463,58.0,73.58848483196849,86.64555056105162,Red,Fog,0.0,0.4424097896243553,12.0,33.0,349.1654797752461,29.698225875955952,High
2024-03-10 07:55:00,40.71153649205214,-73.76171431017966,47.0,52.22264384562,51.75695778011823,Yellow,Clear,0.0,0.6657283660134512,20.0,27.0,126.52164940751295,6.988836528393861,Medium
2024-03-10 08:00:00,40.717542854582334,-73.87055321465793,270.0,46.10486349035174,94.83054461989803,Yellow,Snow,0.0,0.4634842776130343,37.0,39.0,106.07276097350024,18.380798596754545,High
2024-03-10 08:05:00,40.67774033945833,-73.75565397438199,42.0,73.75055645672245,80.18084072470648,Red,Rain,0.0,0.1156009046634951,84.0,10.0,269.7979372260513,29.128654475623556,High
2024-03-10 08:10:00,40.86880953532349,-73.96533212104924,178.0,69.8837107435142,19.38517330864605,Green,Snow,0.0,-0.8229400449689521,42.0,22.0,330.56191262005274,12.440232161852354,Medium
2024-03-10 08:15:00,40.87817987950579,-73.9511842116936,248.0,34.65209670217745,14.384784973948737,Yellow,Rain,0.0,-0.2385788829863249,49.0,28.0,349.5366846893996,5.74541270144641,High
2024-03-10 08:20:00,40.83943485840829,-73.95485412657744,223.0,26.781711801182027,39.209690627802935,Yellow,Clear,1.0,0.787425506159044,,28.0,309.0721925327095,8.667404005363784,High
2024-03-10 08:25:00,40.69552059511047,-73.95397223297088,148.0,56.650615645792136,25.630343699089664,Yellow,Snow,0.0,-0.7363186554772025,32.0,6.0,473.4328773744163,17.054977299136375,Medium
2024-03-10 08:30:00,40.766955372965306,-73.86934373153598,96.0,54.96419427471052,73.85797989740624,Yellow,Fog,0.0,-0.5989532831845334,10.0,27.0,300.7309371776194,17.081321501728763,Medium
2024-03-10 08:35:00,40.61731778175903,-73.99838388514044,16.0,63.589400021038074,53.49416604324437,Green,Snow,0.0,0.943693585207816,77.0,5.0,375.6954139304314,17.308949318250267,Medium
2024-03-10 08:40:00,40.8355908137946,,55.0,14.822982567812868,87.83432180579551,Yellow,Snow,0.0,-0.0294033042538774,87.0,7.0,272.90489996174097,20.480124514934836,High
2024-03-10 08:45:00,40.67525585799076,-73.81420052300531,252.0,46.68476717079703,22.04707183995726,Green,Clear,0.0,-0.958574521706598,37.0,31.0,71.15805278595903,17.46601488347285,High
2024-03-10 08:50:00,40.62125375056519,-73.86350048869016,60.0,7.717687606162988,11.497653724278903,Yellow,Rain,0.0,0.6345668500626158,82.0,42.0,161.57094911745418,23.97782070975423,High
2024-03-10 08:55:00,40.6525815101443,-73.74411243656749,72.0,46.45543576227926,89.8963401113111,Yellow,Clear,0.0,0.6426470543399072,92.0,23.0,437.2188714637354,,High
2024-03-10 09:00:00,40.76632721856762,-73.80813169183978,77.0,,68.49962764318585,Green,Fog,0.0,-0.6339042994932385,86.0,15.0,488.3636490337642,5.97016375005512,Medium
2024-03-10 09:05:00,40.83869499635247,-73.95446696422408,207.0,38.055795791510725,51.16953175649526,Green,Clear,0.0,-0.0576869185861717,59.0,4.0,94.32885337260156,8.418366915265917,High
2024-03-10 09:10:00,40.69694838203428,-73.9205169846661,235.0,51.013791853260486,18.936674840343645,Red,Clear,0.0,0.4307789566950331,91.0,33.0,346.03078154960644,20.009041190112093,High
2024-03-10 09:15:00,40.78668882262306,-73.75494244402316,145.0,61.950362816872634,76.81744312742146,Red,Rain,0.0,,37.0,38.0,417.363004260519,20.71950773218152,Medium
2024-03-10 09:20:00,40.849005131889655,-73.71034917867475,233.0,6.418682342620004,56.71108109466143,Red,Snow,0.0,0.4504519801413373,4.0,19.0,230.3571499012631,29.18615227126458,High
2024-03-10 09:25:00,40.894444793078904,-73.8191712886596,194.0,72.00601271957689,48.734314510796146,Yellow,Snow,0.0,-0.4741468169117078,88.0,43.0,201.8896299164966,23.122066293585576,Medium
2024-03-10 09:30:00,40.726869320523015,-73.87333693003431,239.0,53.2874632956866,90.71896469094308,Yellow,Snow,0.0,-0.8519121486151704,78.0,4.0,357.3577275593532,18.34175829598744,High
2024-03-10 09:35:00,40.60806661824639,-73.76180346813761,122.0,32.69148967558332,45.758104407292365,Red,Fog,0.0,0.2754694100589889,75.0,47.0,120.7513911402266,19.530161016247284,Medium
2024-03-10 09:40:00,40.76791575295861,-73.90889241543285,136.0,10.265276507013656,69.6708550282371,Yellow,Rain,0.0,-0.4572462259451273,30.0,47.0,117.4070410626235,9.1745462096588,High
2024-03-10 09:45:00,40.766933465206606,-73.96974996438236,240.0,63.179507733758925,49.22861230725884,Green,Snow,0.0,0.6187240782146535,61.0,26.0,76.93623122091043,13.389737263832773,High
2024-03-10 09:50:00,40.826521095205315,-73.81129668133427,232.0,30.23450052181903,,Red,Fog,0.0,-0.4761507028196852,45.0,48.0,367.2741663748799,25.12894834986875,High
2024-03-10 09:55:00,40.87582632707986,-73.77776886683361,72.0,54.69592448264638,55.85963323770185,Yellow,Clear,0.0,0.3268038722781263,23.0,41.0,356.54282349526267,14.700507374162296,Medium
2024-03-10 10:00:00,40.69751064235824,-73.98133904791803,294.0,33.2695908611899,67.74936385614122,Yellow,Rain,0.0,0.8230830201237997,86.0,47.0,451.0129138926238,24.47565589035882,High
2024-03-10 10:05:00,40.74264639878268,-73.89085354655658,80.0,29.31088173254298,83.03396190880113,Red,Rain,1.0,0.9791010010391096,18.0,23.0,95.68184148224094,16.7468766368198,High
2024-03-10 10:10:00,40.610571306184184,-73.86870011183362,296.0,76.68385053437653,53.847364943180885,Yellow,Snow,0.0,0.2428137233165928,30.0,7.0,88.06470527199986,18.95644682383469,High
2024-03-10 10:15:00,40.83128567298702,-73.87542805494535,212.0,17.418623137110654,49.12645554447528,Yellow,Clear,0.0,-0.8915678591961786,69.0,2.0,149.55493696385594,22.18328204099461,High
2024-03-10 10:20:00,40.72698867301571,-73.73538042807193,196.0,62.694341057311185,18.086314586120903,Green,Rain,0.0,0.4440583308745929,3.0,5.0,300.6904219604754,6.459284209729391,Medium
2024-03-10 10:25:00,40.62927977713327,-73.87571232457026,278.0,48.319712243131534,14.044931480926437,Red,Rain,0.0,-0.8255358321841697,4.0,24.0,430.2168410118343,9.056355035867623,High
2024-03-10 10:30:00,40.801098225616585,-73.75358104757184,31.0,10.304613623057282,70.36473922745424,Red,Snow,0.0,-0.3063236468394898,81.0,30.0,441.1696448692792,12.052606841554082,High
2024-03-10 10:35:00,40.660373162489414,-73.96913607145275,191.0,77.08476536598431,41.720984326395865,Green,Snow,1.0,-0.2984532871081051,80.0,20.0,475.8451915205681,13.55706332561628,High
2024-03-10 10:40:00,40.76490792588862,-73.86753000860969,194.0,15.372771413100477,96.7778662432424,Green,Snow,0.0,-0.592537702246569,30.0,41.0,50.75994419903349,25.750511956793265,High
2024-03-10 10:45:00,40.73098867927295,-73.99522403683493,236.0,43.14119510048528,70.67280221486268,Green,Fog,0.0,0.269238973997473,70.0,2.0,321.619478291394,23.45053037525063,High
2024-03-10 10:50:00,40.821079143313334,-73.71413483899144,191.0,79.15203594268907,38.90537553748071,,Rain,0.0,0.0881197752246774,21.0,30.0,354.295124437519,27.795823776406916,Medium
2024-03-10 10:55:00,40.8493025042999,-73.71856810616147,52.0,23.543098615334543,57.58315626824155,Red,Snow,1.0,-0.5282070100554355,55.0,4.0,103.17661536305656,17.190648791895754,High
2024-03-10 11:00:00,40.660319707783515,-73.90230790378307,285.0,14.46175032462478,19.943590286834883,Yellow,,0.0,-0.7566678080473062,77.0,21.0,437.6477396032207,13.109285292215787,High
2024-03-10 11:05:00,40.62888989240876,-73.78855952543068,37.0,53.46412726741976,85.02617461910019,Yellow,Snow,,-0.8927217546505402,97.0,19.0,291.97857199423936,16.03597983917512,High
2024-03-10 11:10:00,40.892099433660626,-73.80714703017387,68.0,66.0339155045721,22.30521055127568,Green,Snow,0.0,0.3653893941961634,49.0,26.0,232.85116901797548,11.846611343712834,Low
2024-03-10 11:15:00,40.81637663917674,-73.73492081826917,186.0,7.704690072422267,34.16272961815994,Red,Rain,0.0,-0.5864045173003607,75.0,15.0,111.33387235331216,29.88720457350255,High
2024-03-10 11:20:00,40.660490400487,-73.9714667839676,238.0,8.78189337997054,18.288587863327276,Yellow,Rain,1.0,0.4907119171374634,54.0,8.0,217.9247748027821,14.163313765840794,High
2024-03-10 11:25:00,40.899032824402795,-73.8257982930886,210.0,30.048683544575635,92.95163224051616,Yellow,Clear,0.0,-0.1760558215301162,17.0,7.0,186.61276150953157,26.14362988381403,High
2024-03-10 11:30:00,40.64786769613303,-73.72433562848683,89.0,,23.694201797837135,Yellow,Fog,0.0,,1.0,15.0,189.718698339604,18.395648879964774,Low
2024-03-10 11:35:00,40.84961205013995,-73.98715953946973,150.0,42.13809228262723,92.63580796766024,Yellow,Snow,0.0,0.2950090157633385,24.0,22.0,159.55756536756576,5.903699067357258,High
2024-03-10 11:40:00,40.818514880608966,-73.78330568740486,42.0,41.57963480538569,20.12297918659355,Yellow,Rain,0.0,-0.8787799313467628,83.0,4.0,57.847309591548445,13.92188953548477,Low
2024-03-10 11:45:00,40.74853571212082,-73.94759876566773,99.0,42.371157382076035,21.9425342663812,Red,Fog,0.0,-0.6862911125029703,89.0,35.0,140.46680869162296,26.018649750826736,Low
2024-03-10 11:50:00,40.78769795432024,-73.83572460651844,169.0,,49.09395294363837,Red,Rain,0.0,0.5244658634371568,35.0,14.0,266.01598378062084,6.3154975954895205,Medium
2024-03-10 11:55:00,40.69983565892632,-73.85317646507204,201.0,26.990230199326593,80.9078163345908,Yellow,Rain,0.0,0.8127040105114871,83.0,47.0,225.1487886653176,8.840593144126974,High
2024-03-10 12:00:00,40.66588778754499,-73.76539048909979,201.0,64.61806575383042,51.2907760552548,Red,Fog,0.0,0.73757748729007,45.0,5.0,225.71779411916089,27.826893782881903,High
2024-03-10 12:05:00,40.65898463651222,-73.86500169372138,19.0,14.689287895072008,52.51313373407819,Yellow,Fog,0.0,0.7558546189458166,2.0,0.0,121.62121619974144,17.578904907852767,High
2024-03-10 12:10:00,40.878140549644066,-73.76483464043997,62.0,40.138838475096144,63.828399806803446,Red,Clear,0.0,-0.3986362694722587,37.0,10.0,461.8691114149774,23.07444324857656,Medium
2024-03-10 12:15:00,40.89514836705579,-73.77356772651223,229.0,79.91242643828231,66.21983225326159,Green,Snow,0.0,0.0265691248910684,82.0,0.0,251.20375433041295,28.757045639367664,High
2024-03-10 12:20:00,40.64816978084339,-73.86877669998901,263.0,63.85286418445677,93.52465122376056,Yellow,Snow,1.0,0.0042811806002993,55.0,5.0,191.31933649861173,19.58543231621311,High
2024-03-10 12:25:00,40.77943601193329,-73.89576314705138,12.0,16.430919658457835,14.747196323079606,Green,Fog,0.0,0.5248855977317217,91.0,14.0,453.0260207209349,22.711425435187422,High
2024-03-10 12:30:00,40.65860893551447,-73.99649686231923,148.0,63.38105381035689,23.39581385779165,Yellow,Snow,0.0,0.699864810468737,44.0,8.0,287.7953738133576,28.644358676661568,Medium
2024-03-10 12:35:00,40.75693112634097,-73.85579164846526,205.0,72.81238733834006,50.37100570295461,Red,Clear,0.0,0.4390981131751899,58.0,5.0,435.1914767417646,13.252791395644108,High
2024-03-10 12:40:00,40.741703461755584,-73.78004319445195,291.0,74.7217988160644,95.3568813047084,Green,Clear,0.0,-0.1763736121198227,3.0,13.0,369.27876243006074,24.448316967749022,High
2024-03-10 12:45:00,40.72156588865586,-73.74426111610063,125.0,20.613162116041117,44.65700981971182,Yellow,Clear,0.0,0.3688950344439907,11.0,16.0,380.49017375106945,27.48568371241426,Medium
2024-03-10 12:50:00,40.81877132639837,-73.98116060188657,246.0,35.325150918758816,50.426613757287384,Yellow,Rain,0.0,0.689519404230708,12.0,1.0,370.168695878877,9.577006388245795,High
2024-03-10 12:55:00,40.80292292243248,-73.88541049059508,276.0,61.382632726532506,43.32663128939927,Red,Snow,0.0,-0.1784789344238151,29.0,9.0,275.4259359880232,23.004750405798127,High
2024-03-10 13:00:00,40.66447067315671,-73.79369328838635,166.0,50.425738252700754,37.73292652284891,Yellow,Fog,0.0,-0.5216416436235889,9.0,40.0,308.42107574087987,14.4416545667047,Medium
2024-03-10 13:05:00,40.89480589802292,-73.82414149316696,236.0,22.06668302409416,76.68490714389314,Red,Snow,0.0,0.99021219215276,8.0,3.0,207.23896220812216,5.609214913751751,High
2024-03-10 13:10:00,40.698300178632024,,253.0,33.79269306276976,18.98852795428784,Yellow,Fog,0.0,0.521719163135242,10.0,46.0,450.4452085028038,10.052296284593238,High
2024-03-10 13:15:00,40.791321436595666,-73.90287558459517,47.0,55.49408994421689,63.54708558545597,Red,Clear,0.0,-0.5351784253837906,52.0,17.0,211.28226530676423,20.988184910441273,Medium
2024-03-10 13:20:00,40.677150409382115,-73.79839942741829,118.0,32.536038587425836,53.6062964813331,Yellow,Rain,0.0,0.1616192426438163,67.0,46.0,413.9764195812464,6.270525099514128,Medium
2024-03-10 13:25:00,40.693961981215885,-73.96168163725989,284.0,11.753429485971935,60.06301909338388,Green,Fog,0.0,0.6810036225700595,18.0,4.0,84.25955794185714,22.421455013047407,High
2024-03-10 13:30:00,40.74527602246496,-73.84503009874601,261.0,68.82740650100806,60.18788566772263,Red,Clear,0.0,-0.7599165365318872,72.0,14.0,462.68004101827023,17.388839336989385,High
2024-03-10 13:35:00,40.709175218025855,-73.8514260973019,,17.689950473617348,32.79327909066075,Yellow,Fog,0.0,-0.4455027810072038,86.0,,493.8048779539971,8.14697515999967,High
2024-03-10 13:40:00,40.70352202133785,-73.95577597813741,240.0,30.819552240778087,44.15515798165909,Yellow,Clear,1.0,0.0157287066703977,42.0,44.0,154.9788236095157,8.847529916549753,High
2024-03-10 13:45:00,40.875251719906274,-73.8279531794324,148.0,36.60005125835059,23.691796516484665,Yellow,Fog,0.0,-0.9389420848853414,11.0,46.0,454.70836773810265,15.153407552039187,Medium
2024-03-10 13:50:00,40.63706566783842,-73.93728837435722,184.0,55.447570828576715,95.52520368448111,Green,Fog,0.0,0.7629449454530164,17.0,21.0,428.34891601116647,5.67257147883277,High
2024-03-10 13:55:00,40.70702786874444,-73.74350991811163,66.0,78.14008988817176,10.396067208379907,Yellow,Snow,0.0,-0.192952178918766,60.0,49.0,188.60602110711648,11.097701953787771,Low
2024-03-10 14:00:00,40.77588427464652,-73.955653783341,71.0,73.71131687527425,63.916658567748705,Red,Clear,0.0,0.7495194369996772,54.0,43.0,166.6388556598987,11.088510581376188,Medium
2024-03-10 14:05:00,40.71748013032383,-73.85852137330453,57.0,40.662177741534535,84.073723077666,Red,Rain,0.0,-0.9308972414119518,84.0,32.0,271.6247248004914,24.982883796849595,High
2024-03-10 14:10:00,40.75765438265115,-73.73963689895099,215.0,22.068177196358818,97.37888542432825,Red,Clear,0.0,0.4812709587913002,30.0,10.0,354.69492281580574,6.320946440294113,High
2024-03-10 14:15:00,40.74922373109978,-73.84850759942371,205.0,15.50290220719594,30.91860617318921,Green,Rain,0.0,-0.4994066797209624,50.0,40.0,302.0591834144635,13.52107872226414,High
2024-03-10 14:20:00,40.62929490239931,-73.71197979540946,264.0,22.52873308588819,42.10040622913061,Green,Snow,0.0,-0.8835233407745124,51.0,41.0,95.29056377771376,15.578157869906432,High
2024-03-10 14:25:00,40.645083425290466,-73.70907586679422,58.0,51.41645081251612,10.293681848146036,Green,Snow,1.0,0.9991217106029072,58.0,44.0,372.7926247321077,14.752561853132097,High
2024-03-10 14:30:00,40.62058281211914,-73.87070910152366,214.0,59.94101283633859,53.73477568435922,Red,Snow,0.0,0.0563619985116627,96.0,29.0,345.55345118180793,26.43604660156945,High
2024-03-10 14:35:00,40.68016947029805,-73.73076046265966,85.0,27.77504838502545,10.005030776733784,Yellow,Snow,1.0,0.8519970592610322,62.0,9.0,162.4332762371937,13.435831424490218,High
2024-03-10 14:40:00,40.87806560545955,-73.71515528701913,202.0,79.31839930313274,18.39210010373995,Red,Rain,0.0,0.7030224118252628,25.0,28.0,131.57840971947385,9.31886963998749,High
2024-03-10 14:45:00,40.74080476485421,-73.8607935704684,252.0,30.77426204467412,34.39805372866198,Red,Rain,0.0,,9.0,20.0,70.8371447985809,26.719435261347662,High
2024-03-10 14:50:00,40.70351236468865,-73.74960092469063,57.0,6.260880668354112,26.609783166950606,Green,Rain,0.0,-0.7133961040730776,95.0,4.0,302.6295652129389,18.78122399015123,High
2024-03-10 14:55:00,40.880377108939726,-73.76052602644974,289.0,15.032938306033673,35.59453521340379,Green,Snow,0.0,0.0789674127613635,90.0,3.0,259.4060278882838,13.61867549729702,High
2024-03-10 15:00:00,40.864491468149474,-73.82230601150019,164.0,7.522168839445035,85.82374645830276,Yellow,Fog,0.0,-0.935628051744454,96.0,48.0,468.60873765741576,21.52095284646912,High
2024-03-10 15:05:00,40.68110007307583,-73.85242518919412,107.0,64.98573963629806,69.7632676512711,Red,Snow,0.0,0.4357226414075101,31.0,28.0,445.1900535867899,20.27021267518983,Medium
2024-03-10 15:10:00,40.67361139034944,-73.77052394211758,145.0,35.600191717708014,42.95484293167784,Yellow,Rain,0.0,-0.4299282177711006,37.0,36.0,351.4441452994376,28.319914505327183,Medium
2024-03-10 15:15:00,40.67715906530712,-73.8014552173914,292.0,59.81512649014315,92.892260522978,Red,Clear,0.0,0.0883741019770301,63.0,20.0,437.7439241670782,24.19667807554016,High
2024-03-10 15:20:00,40.61647639237216,-73.82483874587268,118.0,40.64692491195144,46.13413680662473,Yellow,Fog,0.0,-0.4882332323561649,5.0,25.0,386.9553742965503,20.627368558961656,Medium
2024-03-10 15:25:00,40.718307665995425,-73.73226231786279,58.0,30.553957196501408,45.80248453019012,Yellow,Rain,0.0,0.6642204930353635,94.0,22.0,165.37962960891923,21.41373149571378,Medium
2024-03-10 15:30:00,40.79346804410192,-73.86623682972655,97.0,45.8953067343136,76.48521582197961,Red,Fog,0.0,-0.4337729764347491,63.0,31.0,185.74399670950663,29.82728609006422,Medium
2024-03-10 15:35:00,40.866265044245026,-73.77992433280174,17.0,41.26021888922858,85.67059241201294,Green,Snow,1.0,-0.6708564506535304,63.0,2.0,71.01796295460136,16.794927607191298,High
2024-03-10 15:40:00,40.78216172074837,-73.73690460936957,205.0,8.2479197339356,75.17828352849848,Red,Fog,0.0,-0.9349097405277904,62.0,4.0,223.62437622364325,29.379992115489387,High
2024-03-10 15:45:00,40.880926267668805,-73.88252148271165,169.0,73.92679466117319,96.02071837361294,Green,Clear,0.0,0.1456732692174318,81.0,37.0,116.35822389115944,28.629241105903688,High
2024-03-10 15:50:00,40.62409261294967,-73.96120239327472,123.0,33.79546867754655,97.05031070587388,Yellow,Rain,0.0,0.0957060286311033,17.0,13.0,132.59328310356076,21.087339056421836,High
2024-03-10 15:55:00,40.83893172202789,-73.73630966730413,159.0,75.16593437551167,73.29467800406346,Green,Rain,0.0,-0.2448265387651271,85.0,13.0,205.3164282592905,23.24135496253134,Medium
2024-03-10 16:00:00,40.89140469314205,-73.80489606563134,220.0,17.475142848291004,83.02025065965874,Yellow,Rain,0.0,0.0371728054502502,86.0,14.0,98.04786617809526,26.799423968651084,High
2024-03-10 16:05:00,40.81016124487254,-73.8262153112794,78.0,48.019208122177915,46.35094610571836,Yellow,Snow,1.0,-0.1588571008106289,2.0,32.0,445.7897498573213,25.073583848162674,High
2024-03-10 16:10:00,40.79093073813463,-73.76568495652887,94.0,15.017995150367929,28.027266723046683,Red,Snow,0.0,-0.1502237542807902,37.0,49.0,424.3818945734364,18.498043739401044,High
2024-03-10 16:15:00,40.74597959832269,-73.9123726025329,193.0,60.30837534992691,67.41369115380016,Red,Snow,0.0,0.85642771451457,37.0,12.0,180.40380462379105,17.358232471920616,Medium
2024-03-10 16:20:00,40.75302355067251,-73.82412569846248,77.0,14.465142932212856,71.80525708375761,Yellow,Rain,0.0,0.0884355863571815,57.0,21.0,106.79661040491204,25.06492157158849,High
2024-03-10 16:25:00,40.8606871991552,,56.0,12.362270078731846,27.99888537012076,Yellow,Clear,0.0,-0.1343634156278366,36.0,15.0,417.19603202134465,13.487851930236188,High
2024-03-10 16:30:00,40.816796584076734,-73.87409864021309,,7.596681677107032,65.86911473865503,Green,Rain,0.0,-0.3913117379529529,23.0,14.0,296.40209968605836,23.90436783406955,High
2024-03-10 16:35:00,40.627046539336554,-73.80677088732789,11.0,57.323701692436146,44.44228652916775,Red,Fog,0.0,-0.0736734989208434,64.0,49.0,275.9116472377216,8.157703698884257,Low
2024-03-10 16:40:00,40.7781188169559,-73.9494147606112,248.0,36.289965899682514,77.45560891042246,Yellow,Clear,0.0,-0.3253744688350446,58.0,24.0,66.54183186947071,9.837363335249044,High
2024-03-10 16:45:00,40.62709347246322,-73.96593172113114,76.0,10.470403407773176,36.15200515860896,Yellow,Clear,0.0,0.4978195930760349,41.0,17.0,382.84007181292833,9.852421503674629,High
2024-03-10 16:50:00,40.63088755021485,-73.93280529692655,13.0,46.85454144432181,76.83823669623892,Green,Snow,0.0,-0.4095680119624845,,27.0,242.59704918379404,23.541925810965584,Medium
2024-03-10 16:55:00,40.613162716831745,-73.7569008846554,123.0,71.17798834219396,16.87822176779985,Yellow,Rain,0.0,-0.0286891403248887,47.0,34.0,204.16158294137043,29.597761828084103,Medium
2024-03-10 17:00:00,40.60868768441774,-73.8096236570662,42.0,9.6669028608294,21.91333909125747,Red,Rain,0.0,-0.1883158624306375,13.0,49.0,185.97855669795717,28.93710393287698,High
2024-03-10 17:05:00,40.74515127257177,-73.74903977976587,78.0,77.52789090863568,65.22196613927588,Green,Clear,0.0,0.6472800023224163,80.0,15.0,429.01244588005727,24.896259060541706,Medium
2024-03-10 17:10:00,40.79970965269727,-73.714637140355,275.0,52.16816023573114,99.0891206090848,Red,,0.0,-0.5585484731891894,74.0,2.0,58.54801840278584,22.455085309997916,High
2024-03-10 17:15:00,40.7109619278366,-73.8037717167322,65.0,8.606670849440956,79.55222327192766,Red,Snow,0.0,0.9268441818165424,29.0,26.0,330.08668222302134,18.812256289166505,High
2024-03-10 17:20:00,40.75884707455624,-73.80760287745301,66.0,9.04491789068057,11.260694861393816,Yellow,Clear,0.0,-0.8431091875835677,31.0,47.0,162.06443791700002,25.242952916562473,High
2024-03-10 17:25:00,40.73262401853236,-73.81730577642777,102.0,75.40814377239845,40.60165994773759,Red,Rain,0.0,-0.1402986751438473,15.0,8.0,476.8328830188407,9.5608820811397,Medium
2024-03-10 17:30:00,40.868487107020314,-73.95478109143795,220.0,39.13905264258124,97.84698985237394,Yellow,Snow,0.0,-0.96322861491284,42.0,10.0,186.2684292252191,9.424781339134428,High
2024-03-10 17:35:00,40.862663139818395,-73.70904333287821,158.0,58.95733630200802,61.86059290518135,Yellow,Rain,0.0,-0.1178318827528743,89.0,16.0,476.243802138091,10.734092393541292,Medium
2024-03-10 17:40:00,40.66214193762226,-73.84517662036362,57.0,55.359867231639136,37.57772532711712,Green,Snow,0.0,0.0107575169827087,26.0,33.0,406.4514182454704,20.336983775618076,Low
2024-03-10 17:45:00,40.67646572666316,-73.87101433401159,182.0,16.067208791555153,41.077068718476326,Green,Clear,0.0,-0.8101942642710616,53.0,1.0,140.83714371376624,26.501089625926827,High
2024-03-10 17:50:00,40.6311294336513,-73.75312595106345,55.0,6.009793753022192,44.91582485802225,Red,Fog,0.0,-0.4642524435330146,82.0,18.0,192.70496875885897,8.871396656293602,High
2024-03-10 17:55:00,40.73783135494514,-73.72062856310316,143.0,35.4293165859192,89.28720342832706,Red,Rain,0.0,0.1750817425596917,57.0,17.0,287.02736602093836,24.95732945934684,High
2024-03-10 18:00:00,40.84623767402845,-73.73454257053042,246.0,56.112008896199896,88.80403882750666,Red,Snow,0.0,0.2954919787239822,92.0,42.0,323.96335819985296,14.687228689649505,High
2024-03-10 18:05:00,40.74001128394448,-73.93523924809244,239.0,21.950983256628124,18.818102446154445,Green,Snow,0.0,-0.4285806245181869,95.0,32.0,229.60690993816888,27.328089753324804,High
2024-03-10 18:10:00,40.798317216402985,-73.93701348762798,80.0,45.90170523375322,61.1162837824602,Yellow,Fog,0.0,0.6802768773548444,23.0,,153.95461167874612,,Medium
2024-03-10 18:15:00,40.73456748945791,-73.819911719649,137.0,77.1986193272311,59.7983815267675,Green,,0.0,0.6715069500191284,48.0,5.0,73.67906028478271,5.891040453387862,Medium
2024-03-10 18:20:00,40.80188170366247,-73.82990239976381,266.0,77.78639850281714,88.77683573096441,Yellow,Rain,1.0,-0.9637335729857166,54.0,31.0,53.07775877570799,25.854272539576975,High
2024-03-10 18:25:00,40.89678955234204,-73.81878319650586,110.0,55.94282153677701,14.685401836429058,Green,Fog,0.0,0.9711498520171232,88.0,37.0,137.90148039435718,19.27022127917582,Medium
2024-03-10 18:30:00,40.608427563084,-73.81856238827608,217.0,18.38481877976056,84.49043188464024,Red,Snow,0.0,0.122748761105609,95.0,46.0,382.78126131778856,14.691960878825572,High
2024-03-10 18:35:00,40.80023779599391,-73.75552271246873,61.0,6.302576691363816,28.860842158593325,Red,Fog,1.0,0.9586128097390744,38.0,6.0,261.8553584616668,23.87098657612068,High
2024-03-10 18:40:00,40.65729381344027,-73.8455781856131,296.0,71.06360157644563,63.39666193192378,Red,Fog,0.0,-0.3592484477396782,95.0,9.0,90.22244815421728,20.882198139566867,High
2024-03-10 18:45:00,40.718376741529056,-73.76971366444444,252.0,41.45636471295127,71.20148265287074,Red,Clear,0.0,-0.692085393775957,95.0,30.0,171.640723900184,11.78339016328028,High
2024-03-10 18:50:00,40.84854675473457,-73.8105664559444,26.0,63.3642920661549,48.04368576978934,Yellow,Clear,0.0,-0.0645101200872009,57.0,44.0,234.90294349220665,22.786572582703563,Low
2024-03-10 18:55:00,40.76803213606282,-73.87668828977915,185.0,74.73610589780576,19.56437879956526,Yellow,Snow,0.0,-0.1901049122492144,,12.0,227.09442738256777,8.384806474971525,Medium
2024-03-10 19:00:00,40.61362131765022,-73.79428972444465,164.0,55.42750708928239,38.084067129332055,Yellow,Clear,0.0,-0.957017140189824,97.0,45.0,496.51623397227786,12.317130281391844,Medium
2024-03-10 19:05:00,40.66316587016607,-73.7672461833084,166.0,37.467023146274016,53.492989495896296,Green,Clear,0.0,-0.3053855285932494,79.0,44.0,111.9678329276458,24.949871126641884,Medium
2024-03-10 19:10:00,40.87780829963325,-73.95859552408817,14.0,37.81721371526736,49.687417998396015,Green,Clear,0.0,-0.3735169145905093,93.0,11.0,184.64619863268655,8.995180484828042,Medium
2024-03-10 19:15:00,40.62783747709536,-73.85878965629766,266.0,68.46409393566648,56.94751355352641,Yellow,Clear,0.0,-0.6382379750068581,42.0,46.0,54.94254480470485,25.478075454605406,High
2024-03-10 19:20:00,40.60398305685386,-73.94297323578925,194.0,6.817832232405312,58.57233833211963,Green,Snow,0.0,0.1159364203381614,82.0,35.0,393.5617681829747,16.692171625739878,High
2024-03-10 19:25:00,40.82399720184492,-73.81138383845236,229.0,41.872188918822545,59.799244306561256,Yellow,Snow,0.0,0.2070042537451371,21.0,39.0,372.1907509251515,6.981480819002107,High
2024-03-10 19:30:00,40.899362203448376,-73.91809995714092,128.0,10.523892721190482,96.12422271298094,Yellow,Rain,0.0,0.8208996887848128,6.0,33.0,232.06653156823373,13.523634851764044,High
2024-03-10 19:35:00,40.81202179895043,-73.7464865411648,31.0,10.83704963192573,36.13041566308538,Red,Snow,0.0,-0.424233696642265,90.0,49.0,130.71317249556122,25.438232245247235,High
2024-03-10 19:40:00,40.62655035695321,-73.99175583553124,22.0,42.74282975705044,38.321060342232435,Yellow,Snow,0.0,-0.847318794642937,80.0,21.0,148.7753661606988,19.188696861305992,Low
2024-03-10 19:45:00,40.75185017717476,-73.86771498170378,65.0,8.011185341191453,37.42897480445165,Yellow,Snow,1.0,0.9568738720245492,85.0,29.0,380.79740037993656,5.680328340384969,High
2024-03-10 19:50:00,40.74072035534013,-73.90918500045746,89.0,46.297238764634336,69.00807560917795,Red,Clear,0.0,0.3691527493126574,5.0,18.0,93.01878890035844,14.451978450781082,Medium
2024-03-10 19:55:00,40.86209388889864,-73.86450563222945,243.0,56.46365977963569,16.2499329938977,Yellow,Rain,0.0,-0.5869402316388983,72.0,10.0,251.42815858911143,10.450825825489105,High
2024-03-10 20:00:00,40.88382602527073,-73.984805235873,97.0,20.282017081041893,91.98820506735026,Red,Rain,0.0,-0.7855589583386622,48.0,32.0,444.400843061697,10.9283950685857,High
2024-03-10 20:05:00,40.67984807446062,-73.9062094537466,101.0,58.974227881373075,45.356868276355726,Green,Clear,0.0,0.3612892858692658,,7.0,344.8691400954624,25.231540721126287,Medium
2024-03-10 20:10:00,40.696759544006774,-73.86273925355171,51.0,74.32600516446335,87.6398048664529,Red,Fog,0.0,-0.8390132010741012,17.0,42.0,431.34303028602807,9.23911345215045,High
2024-03-10 20:15:00,40.87912977967367,-73.82324121318788,,23.904386190298165,37.41606443612188,Yellow,Snow,0.0,0.8076441752767425,38.0,19.0,201.66557408849505,8.663099366894375,
2024-03-10 20:20:00,40.60878616419956,-73.7573693123244,270.0,24.30610249245754,25.24246170436772,Green,Fog,0.0,0.0816972979061931,77.0,48.0,51.111951957073906,5.597236917563834,High
2024-03-10 20:25:00,40.815430786667854,-73.70440054792981,105.0,6.232147598370911,43.088482544575875,Red,Clear,0.0,0.7110835963100919,98.0,47.0,407.8318490263084,26.934981096335076,High
2024-03-10 20:30:00,40.84721831312128,-73.72153906668062,291.0,24.11359884053467,85.37655769245815,Green,Snow,0.0,0.8095151656073689,4.0,22.0,198.2031709934012,22.296881669560808,High
2024-03-10 20:35:00,40.733766647305394,-73.9522820480043,291.0,14.520826327758078,46.84328177495644,Red,Rain,0.0,0.8212348751074439,25.0,14.0,305.46945644308215,16.464812855385333,High
2024-03-10 20:40:00,40.75708557544935,-73.94070145433673,54.0,19.703401699268515,20.241185395349895,Yellow,Snow,0.0,-0.7620567908978706,34.0,33.0,392.8129175924471,10.390338991357376,High
2024-03-10 20:45:00,40.86567327564454,-73.96084624039145,12.0,66.81473718240548,19.025470246842957,Green,Rain,0.0,-0.115696703539615,59.0,7.0,456.2506850434097,29.81008802391603,Low
2024-03-10 20:50:00,40.6850249006273,-73.74147704962878,110.0,36.30621077762556,97.8224806717331,Red,Snow,0.0,-0.3135523925944037,34.0,5.0,184.1614378224659,10.20952753120608,High
2024-03-10 20:55:00,40.683179768394325,-73.77455087620028,87.0,40.108186498065635,50.03179341674788,Red,Snow,0.0,0.3180919684557171,40.0,10.0,277.5370802472776,10.249833542569103,Medium
2024-03-10 21:00:00,40.76543509411724,-73.86266855842334,20.0,29.811103217199584,41.085265908815146,Red,Snow,0.0,,83.0,12.0,289.41103249084165,22.749648647355492,Medium
2024-03-10 21:05:00,40.804029886301414,-73.72597163571301,119.0,68.30434436955395,30.495601033565706,Green,Rain,0.0,-0.5022447278480748,40.0,1.0,391.89762535362024,8.244827928801094,Medium
2024-03-10 21:10:00,40.85440557099638,-73.9975357870037,62.0,67.2668505470205,88.20146836001375,Yellow,Clear,0.0,-0.4805753234823093,24.0,45.0,168.43081030897545,19.228799571073253,High
2024-03-10 21:15:00,40.65277198377652,-73.87006740736567,281.0,31.082143030577154,80.10201986643237,Green,Snow,0.0,0.1083053990009723,97.0,41.0,409.98558999965894,16.278137457912965,High
2024-03-10 21:20:00,40.72630495805757,-73.89392324076519,,8.714758753253053,58.478555839095634,Red,Snow,0.0,0.7941581801472022,86.0,37.0,100.63930772297688,19.758571891457937,High
2024-03-10 21:25:00,40.709840230820944,-73.7614368007866,276.0,75.67610499685661,12.728966540722904,Yellow,Snow,0.0,0.8644816579874055,7.0,48.0,259.3045126875071,15.87958912464222,High
2024-03-10 21:30:00,40.643248758816526,-73.93667855624473,151.0,52.71672350783753,55.28455369806324,Green,Rain,0.0,0.7748222240511062,17.0,,119.56524357987088,13.976854274311256,Medium
2024-03-10 21:35:00,40.86752932852673,-73.74704073739917,267.0,13.088608837595036,31.31558129890901,Red,Clear,0.0,0.266229638072023,20.0,30.0,400.58154985471975,28.09198094200769,High
2024-03-10 21:40:00,40.64759257184263,-73.77339641823656,265.0,48.155103433839486,13.068037476368644,Red,Snow,0.0,-0.9033487228811954,41.0,26.0,311.00762808982824,10.99411527986976,High
2024-03-10 21:45:00,40.766395521244654,-73.93021432623156,267.0,20.942552901439413,29.421149295348627,Yellow,Rain,0.0,0.4821542307303497,79.0,28.0,431.12924665436447,17.588065945814556,High
2024-03-10 21:50:00,40.648349558483,-73.80690301900475,31.0,5.589145428205348,96.65860150093236,Green,Fog,0.0,-0.1347382809293262,50.0,28.0,257.6910478198389,29.194069351471615,High
2024-03-10 21:55:00,40.81085996974011,-73.86956685464602,295.0,45.54860419195452,20.853132485944194,Yellow,Snow,0.0,0.9572411192226518,62.0,17.0,62.69311104601321,25.49820931435537,High
2024-03-10 22:00:00,40.73808362081646,-73.95200733661096,110.0,50.34802268269387,13.764372687480694,Yellow,Clear,0.0,-0.1595661858559189,82.0,11.0,329.89775937352283,5.0503843610414085,Medium
2024-03-10 22:05:00,40.770266847206635,-73.7123188168246,220.0,44.857264264180905,44.2843795544221,Green,Rain,1.0,-0.0630485693304254,94.0,1.0,359.0317578353732,11.94933155417147,High
2024-03-10 22:10:00,40.85054131776523,-73.7187941143582,148.0,54.54356752342844,35.36296002869352,Yellow,Fog,0.0,0.1524104931209442,39.0,26.0,106.62809561100543,14.761895579568316,Medium
2024-03-10 22:15:00,40.62276066483897,-73.89176598463004,66.0,12.921879159339014,53.035756023509926,Yellow,Rain,0.0,0.3106326059160322,63.0,45.0,271.80630735791647,15.927496526182804,High
2024-03-10 22:20:00,40.6604671997746,-73.8265711848467,224.0,20.74003375954254,65.17366793295353,Green,Fog,0.0,0.5980080882887553,93.0,48.0,424.00307618339633,8.546026149220713,High
2024-03-10 22:25:00,40.664717717615794,-73.90166485357634,191.0,17.032436356793202,78.90261375596229,Green,Clear,0.0,-0.1596357965960588,73.0,37.0,196.85773580415483,18.51706068885906,High
2024-03-10 22:30:00,40.80194954721793,-73.72468905371169,60.0,69.85696815374747,74.29190051420031,Red,Rain,0.0,0.8819818659896845,87.0,28.0,121.95702231431412,15.942002546964064,Medium
2024-03-10 22:35:00,40.64065081439454,-73.70671860250192,260.0,69.01134372002713,29.57697150480658,Yellow,Snow,0.0,0.9747924582075612,79.0,10.0,441.0802645835049,20.09055622205504,High
2024-03-10 22:40:00,40.619785530233464,-73.71488911534497,50.0,17.692928429566848,15.412722882136954,Red,Snow,0.0,-0.3832283541234569,72.0,42.0,55.102101829137325,20.72005891678121,High
2024-03-10 22:45:00,40.62932424677882,-73.73411461040402,139.0,30.69927485945595,46.09791108273786,Red,Snow,0.0,-0.82921470520261,46.0,26.0,58.43036647609734,9.650872165247636,Medium
2024-03-10 22:50:00,40.81923926823603,-73.85323311579651,109.0,22.20993706951716,57.737980527321575,Red,Snow,0.0,-0.2699815236267997,80.0,46.0,160.03191556473,28.5761889666516,Medium
2024-03-10 22:55:00,40.6297438764395,-73.75748804777251,259.0,18.706936622157045,69.08922992439102,Yellow,Rain,0.0,0.6265510587025487,98.0,23.0,341.5034928794833,16.733732762161942,High
2024-03-10 23:00:00,40.83908145624599,-73.70183020273228,56.0,22.151490521752116,57.836568660072345,Yellow,Clear,0.0,-0.4644151946751798,6.0,46.0,134.24724440111956,21.217348632412307,Medium
2024-03-10 23:05:00,40.74540892149371,-73.92594378922941,237.0,16.847978744525435,58.71051453914659,Yellow,Snow,0.0,0.3884397514469941,11.0,13.0,471.7337287237462,15.38208918344126,High
2024-03-10 23:10:00,40.78231083713263,-73.85710473863179,57.0,75.7320380753597,99.54324061055831,Yellow,Rain,0.0,-0.551630693526932,72.0,27.0,94.59125810556408,23.4258281420753,High
2024-03-10 23:15:00,40.72114546449378,-73.99000257759793,188.0,21.3954984570306,25.131236214622277,Red,Clear,0.0,0.9552959147944218,85.0,11.0,248.66886930821997,12.05647912243553,Medium
2024-03-10 23:20:00,40.65072775006977,-73.86799436933399,211.0,46.08223247215448,15.803899768109316,Green,Rain,0.0,-0.8830122967888208,43.0,8.0,165.87215632847042,16.188051067200092,High
2024-03-10 23:25:00,40.67473736495408,-73.91024878748206,149.0,39.99525039898723,50.010288033161224,Yellow,Clear,0.0,-0.7188459794708515,99.0,11.0,283.7586110194349,9.449104276299328,Medium
2024-03-10 23:30:00,40.800178323784735,,61.0,12.148363547925197,66.78441803034514,Yellow,Snow,1.0,0.4131209372764859,28.0,43.0,454.5235694608411,18.15159968961396,High
2024-03-10 23:35:00,40.77615161075445,-73.87587032509282,134.0,59.19016534063773,99.33223821052393,Green,Fog,0.0,0.8237238365177437,94.0,29.0,411.94796973262146,14.457772628893846,
2024-03-10 23:40:00,40.67456322432345,-73.78541834261151,26.0,21.20101465751368,37.19452954751645,Yellow,Fog,0.0,0.2928897601815663,29.0,23.0,187.17074181624923,28.400483066297088,Medium
2024-03-10 23:45:00,40.86275035199986,-73.9779690582467,202.0,70.82195231599117,19.456501814923755,Red,Snow,0.0,-0.6792880176234792,67.0,35.0,59.19921634435994,28.146324644251244,High
2024-03-10 23:50:00,40.710269187175925,-73.94014636075387,265.0,11.066396060699084,60.984664415368165,Red,Snow,0.0,0.5263285720484088,56.0,12.0,145.52843727067813,17.809892118314995,High
2024-03-10 23:55:00,40.88287879372968,-73.90375762089677,44.0,24.634290058386743,85.4672256814075,Green,Rain,0.0,-0.4060818921688105,46.0,16.0,342.3781634186733,9.10519278717064,High
2024-03-11 00:00:00,40.669659941422715,-73.86457509350426,276.0,77.9849415414218,38.04596210243223,Red,Snow,0.0,-0.0802648363152542,88.0,41.0,158.65043709797587,19.138181645281144,High
2024-03-11 00:05:00,40.673572895119506,-73.90778030746682,269.0,58.618159095683716,22.36273062620074,Yellow,Snow,0.0,-0.3244267394366695,31.0,20.0,157.70388179994126,17.80766994489229,High
2024-03-11 00:10:00,40.822608277165074,-73.87367286843423,242.0,40.73549199683378,68.76013144222095,Red,Clear,0.0,0.8750562441065131,17.0,28.0,213.67147819335273,12.840944308844586,High
2024-03-11 00:15:00,40.809526662164046,-73.75915073765778,100.0,16.690690125695344,23.88178911597015,Yellow,Clear,0.0,0.9110273565808726,35.0,13.0,99.36742697181688,22.49298164782539,High
2024-03-11 00:20:00,40.803020330406504,-73.76621496729784,254.0,22.259404355465545,85.40131311466466,Yellow,Fog,1.0,-0.2841038748708036,35.0,49.0,246.23086456027949,11.491953162873742,High
2024-03-11 00:25:00,40.63784938515947,-73.71894422029287,131.0,57.8509184199033,57.48246071846989,Green,Clear,0.0,0.7637039269259078,64.0,26.0,50.457654527849314,8.98124692655141,Medium
2024-03-11 00:30:00,40.67587217360473,-73.90464168630245,167.0,17.882769815098037,33.304762313563835,Green,Rain,0.0,0.5660160817696687,64.0,2.0,396.9337062069113,6.592792840123023,High
2024-03-11 00:35:00,40.61915979594537,-73.86689955694101,131.0,52.86953873181862,42.70112500773758,Yellow,Snow,0.0,-0.2120431997783243,81.0,48.0,57.95541849639449,21.822784095172025,Medium
2024-03-11 00:40:00,40.6679836840084,-73.70447921997967,77.0,35.42745207045837,47.35138337537696,Yellow,Clear,0.0,0.4091841173656989,67.0,33.0,287.4183120723739,26.89796263815737,Medium
2024-03-11 00:45:00,40.68019095218731,-73.87415922913051,89.0,67.22746301885462,69.27471744108283,Yellow,Rain,0.0,0.8885904734445365,34.0,40.0,499.2442117328382,8.285613017920106,Medium
2024-03-11 00:50:00,40.81072396956841,-73.9110294121126,135.0,71.17066911035803,40.128969974610406,Red,Rain,0.0,0.1402570564847516,81.0,40.0,144.91470280956958,15.796223913705184,Medium
2024-03-11 00:55:00,40.88560508059868,-73.79873486350589,51.0,64.52752711561385,43.31473724028361,Yellow,Rain,0.0,-0.1079822877411689,41.0,15.0,194.2255025571406,24.240795751120302,Low
2024-03-11 01:00:00,40.72825927037641,-73.77566022905356,177.0,70.36002751643612,59.63061816370562,Red,Clear,0.0,-0.2891865125506558,89.0,16.0,102.25372169221268,24.032448426689292,Medium
2024-03-11 01:05:00,40.88555861562227,-73.8555109074968,291.0,30.71254080511083,94.47580156131268,Red,Snow,0.0,0.2708380613380903,23.0,8.0,225.26269106204015,11.82882260313254,High
2024-03-11 01:10:00,40.7614457812973,-73.76162436854268,247.0,68.02929524802391,69.10576314566109,Red,Snow,0.0,-0.796574046894923,85.0,33.0,356.65773044627326,14.29201544874909,High
2024-03-11 01:15:00,40.76316155578562,-73.73164687423822,82.0,41.07339972651744,42.45805968603956,Yellow,Fog,0.0,-0.7435757978072377,15.0,44.0,239.4440451693671,12.839028109824916,Low
2024-03-11 01:20:00,40.722905300485024,-73.81564910549334,245.0,9.839098544711334,83.17706400973525,Green,Rain,0.0,-0.0064964637363125,31.0,39.0,186.89320578322005,9.513671790574676,High
2024-03-11 01:25:00,40.84299218144118,-73.73477767406331,204.0,40.342519941965975,93.53309450842508,Yellow,Rain,0.0,-0.8212745595862698,47.0,8.0,106.9701351215514,20.66367606575272,High
2024-03-11 01:30:00,40.773957505197515,-73.97307859105992,,57.23736339007058,37.17787910704325,Yellow,Rain,1.0,-0.2459699871743048,58.0,12.0,336.62199097400554,9.325817691125074,High
2024-03-11 01:35:00,40.70055344971973,-73.99266059601075,99.0,57.62522939601875,82.20664767538847,Yellow,Fog,0.0,-0.1900348128921201,98.0,24.0,496.8608030123991,22.78987114444144,High
2024-03-11 01:40:00,40.60498907042695,-73.86998504812368,114.0,70.81522464197002,99.8289602982465,Yellow,Snow,0.0,-0.0701224895823664,63.0,13.0,100.84552607001126,28.81596363403598,High
2024-03-11 01:45:00,40.64192334930297,-73.75664063327046,292.0,42.61142841077446,85.16135768113986,Yellow,Rain,0.0,-0.2004139247464389,16.0,6.0,88.69719908452473,6.673403268590229,High
2024-03-11 01:50:00,40.82167210078648,-73.72162985973785,182.0,39.17559843676797,59.33598922496444,Red,Rain,0.0,0.8250516577130689,85.0,13.0,360.33817077371646,7.789595601793332,Medium
2024-03-11 01:55:00,40.66538678279811,-73.90378774874264,214.0,18.7479102987543,87.16012815900997,Yellow,Snow,0.0,0.0606201122461624,24.0,46.0,69.94645114349788,29.943581277522643,High
2024-03-11 02:00:00,40.78525576523228,-73.87237405741843,161.0,72.58262661036801,55.24782333412762,Green,Clear,1.0,0.7622748579448548,51.0,21.0,152.49738165676212,26.8206579974697,High
2024-03-11 02:05:00,40.81748938107511,-73.78736941444664,147.0,53.40840556819231,62.00180078801587,Red,Rain,0.0,0.1350265739118585,99.0,8.0,188.10456558034883,24.61580989605192,Medium
2024-03-11 02:10:00,40.620564014510215,-73.72124694066903,265.0,15.037034909588328,39.37010962849002,Green,Fog,0.0,-0.3097703750342104,22.0,1.0,266.3991648096659,12.554764173068644,High
2024-03-11 02:15:00,40.85072872058383,-73.71140991295509,239.0,64.9490716190601,42.22083376497268,Red,Fog,0.0,-0.6754421526555199,70.0,10.0,211.34905701901909,17.581733715026324,High
2024-03-11 02:20:00,40.882465033501795,-73.96424393748907,83.0,18.43990079911277,33.390153904987685,Red,Fog,0.0,0.3039238466984939,56.0,8.0,188.7759040160941,25.146576215456296,High
2024-03-11 02:25:00,40.80760031671677,-73.7260893988322,181.0,48.44931652135337,76.75161288934638,Yellow,Fog,1.0,-0.0580942870354419,3.0,0.0,315.6951986784794,18.183560274397692,High
2024-03-11 02:30:00,40.82702549118976,-73.75207007576971,144.0,54.38606088138409,86.33695416114261,Green,Rain,0.0,-0.1315370851610282,69.0,9.0,275.3175751762616,10.774491982719692,High
2024-03-11 02:35:00,40.68849911930266,-73.78803419354526,89.0,18.77675212551599,36.73360278123739,Yellow,Rain,0.0,0.7770426237586945,51.0,24.0,209.7070382911864,7.054910585500963,High
2024-03-11 02:40:00,40.650250720166625,-73.75353874671332,183.0,11.747339602444752,50.320244789802864,Red,Snow,0.0,-0.3640956573505942,58.0,7.0,351.0926085205076,14.266627374424717,High
2024-03-11 02:45:00,40.8684162451184,-73.90325806119019,62.0,55.11571317650296,14.999070278241252,Yellow,Snow,0.0,-0.0204916110892876,97.0,28.0,476.8612926392367,16.58230214529936,Low
2024-03-11 02:50:00,40.66182190843716,-73.9694114974911,194.0,36.55047422099812,20.876610851556578,Red,Fog,0.0,-0.7000385391576869,26.0,39.0,285.79391698645736,26.51321949547857,Medium
2024-03-11 02:55:00,40.665027207714886,-73.99286313928678,134.0,38.238792107659854,42.35046987897609,Green,Snow,0.0,-0.3598798179281066,58.0,5.0,170.34798883716235,21.961308611695948,Medium
,40.8744174650574,-73.77105097833258,137.0,36.44571765381652,71.72416951518983,Green,Rain,1.0,-0.3505472204125428,50.0,21.0,213.8823939330296,21.82213018332331,High
2024-03-11 03:05:00,40.61700228990631,-73.73581300527601,186.0,56.244240265110385,86.54421990800283,Yellow,Fog,0.0,0.0441846244771888,92.0,1.0,374.7522915338942,10.537613560877542,High
2024-03-11 03:10:00,40.887400794630885,-73.87763336853358,249.0,63.122733844752595,63.76993003598145,Red,Snow,0.0,0.4822577179226512,55.0,22.0,140.30840596011154,23.9465048820241,High
2024-03-11 03:15:00,40.69412489872959,-73.91299169942057,71.0,27.14724535235041,10.59092297995817,Yellow,Fog,0.0,0.5698735766228653,57.0,11.0,370.2521185191911,7.701081255982585,Medium
2024-03-11 03:20:00,40.73234225397281,-73.7694809130551,159.0,19.366790321292303,58.69004435633798,Red,Fog,0.0,-0.4425366653406064,,5.0,192.9829127657288,17.260676248275942,High
2024-03-11 03:25:00,40.88058455593947,-73.96941693828245,48.0,19.50581071907469,14.112456597845892,Green,Rain,0.0,0.7111281783560255,9.0,45.0,469.85239349900826,10.222266204555083,High
2024-03-11 03:30:00,40.744419158340015,-73.83918788750196,110.0,69.70229493942097,78.94874329252225,Red,Snow,1.0,0.982888413376488,36.0,16.0,485.1632480404517,24.371544918837113,High
2024-03-11 03:35:00,40.70192959648453,-73.85990454293159,215.0,47.89590644555232,14.559447566268178,Green,Fog,0.0,0.4724193421502132,77.0,8.0,105.8105745863059,18.01461927317486,High
2024-03-11 03:40:00,40.82871070021186,-73.85016852573617,164.0,79.1149622588053,20.364140636550005,Red,Snow,0.0,-0.1856452609877801,8.0,9.0,145.4701542161191,16.440442648272093,Medium
2024-03-11 03:45:00,40.77213517371106,-73.92627151023265,165.0,46.9643368975664,64.91760490700437,Green,Snow,0.0,-0.845531326095317,51.0,11.0,260.80538575455967,5.583190381205342,Medium
2024-03-11 03:50:00,40.725983120234545,-73.79845058955033,159.0,18.044157975356583,91.87105384680156,Green,Clear,0.0,-0.5919471384537243,44.0,16.0,189.62257000276816,15.226786934681842,
2024-03-11 03:55:00,40.8204789146168,-73.73429853134051,53.0,23.754547593484492,26.26187184995587,Red,Clear,0.0,-0.9583536363399896,90.0,0.0,228.48545017979836,7.901419134902272,Medium
2024-03-11 04:00:00,40.86657202829519,-73.75902364929979,273.0,62.87024795841347,91.6942177510539,Yellow,Clear,0.0,-0.6210077534358018,46.0,12.0,240.7726226559984,5.5615282106983255,High
2024-03-11 04:05:00,40.78699039770329,-73.96919543624502,75.0,39.375460634135614,,Red,Rain,0.0,-0.3249023126841506,94.0,37.0,110.26980565764303,13.765768788559022,Medium
2024-03-11 04:10:00,40.64538531027194,-73.8358303669612,10.0,50.92426923206295,38.69350523984114,Red,Rain,1.0,0.9379647021179454,97.0,38.0,326.7542678027526,9.464757291336444,High
2024-03-11 04:15:00,40.75534959016221,-73.99604796411947,277.0,69.70374939524044,53.788133726675255,Yellow,Clear,0.0,0.4487690962844444,3.0,0.0,408.6480084777853,12.921465623347496,High
2024-03-11 04:20:00,40.850371178136946,-73.9009706580921,270.0,51.37332535897609,32.2090493390634,Green,Clear,0.0,-0.5853722169260909,64.0,40.0,153.56008330403435,27.776411354754476,High
2024-03-11 04:25:00,40.73949820373017,-73.76002881765565,166.0,32.20295947909655,95.20787544027036,Red,Fog,0.0,0.60553698759095,59.0,28.0,250.1230206243022,16.800459536170987,High
2024-03-11 04:30:00,40.70600330169998,-73.73341247966698,227.0,54.61434846026593,52.21125652233353,Red,Rain,0.0,0.3149851265862851,51.0,33.0,314.72249952134916,15.709489771018358,High
2024-03-11 04:35:00,40.86644276981541,-73.8974222245519,26.0,75.70447423128277,72.28431805623218,Green,Rain,0.0,-0.8313552683966836,63.0,35.0,465.36947109479513,5.653867693903754,Medium
2024-03-11 04:40:00,40.869323821601256,-73.78101888120439,243.0,13.598530566603024,12.21487813180024,Yellow,Rain,1.0,-0.6692359004442412,83.0,27.0,368.9933843494841,19.46587881278188,High
2024-03-11 04:45:00,40.7163046957671,-73.9825166341677,213.0,42.06406612763289,72.66254260475793,Yellow,Clear,0.0,0.8665345848579464,52.0,19.0,153.01378195954285,27.139131227967525,High
2024-03-11 04:50:00,40.69715919930169,-73.97171198464721,53.0,59.67067232321733,64.59175656272487,Yellow,Snow,0.0,0.6217808392672037,26.0,,86.90043694030322,22.9902503337566,Medium
2024-03-11 04:55:00,40.89105143463024,-73.89535937260452,168.0,7.666544535798074,73.46144855891656,Yellow,Clear,0.0,0.2788335874333785,61.0,7.0,232.7353565468849,13.21008775903004,High
2024-03-11 05:00:00,40.79279057692949,-73.935381788716,174.0,64.69663578660013,71.93472675444823,Yellow,Snow,0.0,-0.7737504980078296,54.0,35.0,215.618064051546,29.63704748589676,Medium
2024-03-11 05:05:00,40.673843877930395,-73.76472763153413,261.0,77.14346149672407,44.637904325382294,Green,Fog,0.0,0.8727250704655956,46.0,28.0,443.82459148953654,10.017684117604729,High
2024-03-11 05:10:00,40.65073989264248,-73.7416946376723,73.0,36.207153905276655,26.64978455420143,Green,Rain,1.0,0.1805527423719426,95.0,32.0,360.7422802572564,25.100712101983316,High
2024-03-11 05:15:00,40.73728800602271,-73.89951372240104,108.0,6.605156973373214,93.44653765484355,Green,Fog,0.0,-0.7156715567214735,85.0,10.0,315.5795327220164,19.95293577457401,High
2024-03-11 05:20:00,40.65614884496328,-73.8985714387828,26.0,37.18598850180745,12.803362251641452,Red,Clear,1.0,0.2006495457755308,32.0,15.0,313.33100070449166,8.57722341874986,High
2024-03-11 05:25:00,40.866733281846344,-73.70337021726209,151.0,11.400279568256796,82.26786984873435,Green,Rain,0.0,0.5256403553203917,33.0,26.0,376.2399174710148,21.08612124630596,High
2024-03-11 05:30:00,40.66297651174862,-73.83716483757773,298.0,78.28517616324464,24.643903722977967,Yellow,Snow,0.0,-0.9365582037175944,4.0,38.0,102.90778944172108,22.567883381120385,High
2024-03-11 05:35:00,40.65445120433618,-73.70046051416563,169.0,72.34973028296977,78.2107753041297,Yellow,Clear,0.0,-0.3400792444283922,94.0,37.0,84.06307195518134,14.741381272386112,Medium
2024-03-11 05:40:00,40.8690520914205,-73.8375916603829,183.0,62.44418518646758,64.486234916157,Yellow,Clear,0.0,-0.0332722530634521,7.0,3.0,300.8006629779702,8.531364991127159,Medium
2024-03-11 05:45:00,40.73800686873499,-73.85088559208151,55.0,42.38465479126735,15.830766230820387,Red,Rain,0.0,0.097386044031807,13.0,11.0,120.2289078849598,29.391644735943583,Low
2024-03-11 05:50:00,40.64160213852428,-73.995905276702,46.0,76.9516620357351,83.56164649187515,,Fog,1.0,0.374579078131783,89.0,4.0,310.8992943042339,27.320228041017863,High
2024-03-11 05:55:00,40.87201702273172,-73.90911222143083,68.0,42.48674755838596,42.50593702544908,Yellow,Snow,0.0,0.8896794601598805,3.0,4.0,314.97875045466435,14.913851491145664,Low
2024-03-11 06:00:00,40.67789271852749,-73.81059104753476,131.0,24.565715245150773,22.645771257970175,Green,Clear,0.0,-0.4243202002193242,76.0,46.0,129.9150058687323,19.536749900884914,Medium
2024-03-11 06:05:00,40.61341529985065,-73.94663458417644,291.0,29.96900754671686,18.48565230043608,Red,Rain,0.0,0.3456239858089376,13.0,7.0,312.2887721644061,12.567632836003712,High
2024-03-11 06:10:00,40.65714376210909,-73.85158386482844,74.0,74.53198489580753,79.776495549322,Green,Fog,0.0,0.389039329271085,91.0,2.0,132.732808871529,20.598238610219234,Medium
2024-03-11 06:15:00,40.89415329828388,-73.8431923191776,217.0,52.46295154203389,49.40779471657453,Yellow,Rain,0.0,,37.0,19.0,228.42875487392763,26.635066395731744,High
2024-03-11 06:20:00,40.69602528088542,-73.9986734908338,52.0,41.98255635612071,18.946534739566506,Yellow,Rain,0.0,-0.4110825050766653,81.0,37.0,258.4520512123356,29.7709255720376,Low
2024-03-11 06:25:00,40.6208933427903,-73.95681305695231,98.0,45.50650831265422,56.31461794794347,Red,Fog,0.0,-0.2817073240283261,65.0,32.0,193.00431781606176,13.684838718514262,Medium
2024-03-11 06:30:00,40.70404123907895,-73.74277389140705,124.0,62.27906844028708,36.765431964870146,Green,Fog,0.0,-0.3854832696698502,22.0,17.0,341.25386295100435,,Medium
2024-03-11 06:35:00,40.88588300904749,-73.79655334131806,274.0,19.865529967115897,24.815778458431588,Green,Fog,0.0,-0.9233643043065712,83.0,4.0,335.0173565391432,12.283704123643652,High
2024-03-11 06:40:00,40.85049235335638,-73.73020657328567,59.0,60.66588300361124,95.07155089034204,Green,Snow,0.0,-0.9489383236290696,57.0,31.0,486.1690333902356,12.743903461772843,High
2024-03-11 06:45:00,40.797929471302304,-73.75152313254452,293.0,61.80315411119431,53.95670559415484,Yellow,Clear,0.0,-0.7910993840710727,72.0,25.0,58.975636147931574,8.270208962137913,High
2024-03-11 06:50:00,40.83520221953413,-73.97908599325595,219.0,34.70586431523118,56.829006078496775,Green,Snow,0.0,0.7095380594449361,,28.0,360.7902080613242,8.247456566365539,High
2024-03-11 06:55:00,40.84128861427332,-73.76919780571438,118.0,28.412919999126895,11.92911005288708,Yellow,Fog,0.0,-0.1447086166736702,22.0,44.0,224.81742785745223,22.83014585566005,Medium
2024-03-11 07:00:00,40.79897404754311,-73.92844310833641,144.0,61.397165390888354,72.22340904427419,Red,Snow,0.0,0.7967917078566633,82.0,2.0,110.2488021390938,18.836998234557523,Medium
2024-03-11 07:05:00,40.6217130711795,-73.77562055856036,232.0,44.55252881868318,91.97003499799575,Green,Clear,0.0,0.7711337697384677,46.0,42.0,213.2638444491527,28.681483051683312,High
2024-03-11 07:10:00,40.67515848974681,-73.91287004056643,179.0,26.67071158310537,83.10289149031091,Green,Fog,0.0,0.4489508475833725,59.0,6.0,473.780296125491,19.16036104888414,High
2024-03-11 07:15:00,40.69952403790625,-73.75371818584402,180.0,24.530790868027356,86.57069940779516,Green,Rain,0.0,-0.4153931256097833,61.0,19.0,154.88081528010247,11.184137689116064,High
2024-03-11 07:20:00,40.82751311630632,-73.90914283692997,169.0,26.872762166269517,74.18506651446774,Yellow,Fog,0.0,0.9797647554645316,72.0,13.0,263.011614876177,8.147870799055038,Medium
2024-03-11 07:25:00,40.67126797046576,-73.82606048189534,179.0,20.860773007248397,74.65345432394314,Green,Fog,0.0,-0.6451170796105747,57.0,1.0,480.6759826449103,17.47691720999201,Medium
2024-03-11 07:30:00,40.63201615108426,-73.79211787096325,166.0,15.51551028190353,18.157266823464223,Yellow,Fog,0.0,-0.7086004647874231,67.0,43.0,129.49126142766164,21.46523981067858,High
2024-03-11 07:35:00,40.702584850882765,-73.84205009502382,83.0,76.36909313977975,28.08449039974677,Yellow,Rain,0.0,0.2562190618699067,27.0,40.0,264.6744830697942,11.614254162461954,Low
2024-03-11 07:40:00,40.662254359892614,-73.76864873124072,112.0,71.07769146961293,12.508591131893516,Yellow,Rain,0.0,0.588082405899774,64.0,23.0,325.51588905305806,15.10072485739079,Medium
2024-03-11 07:45:00,40.82977616327722,-73.8762655269508,20.0,36.07185147274671,95.60053998900996,Red,Rain,0.0,0.136090752435076,37.0,45.0,359.3962218327603,22.53090011999381,High
2024-03-11 07:50:00,40.618895755458595,-73.84954879732543,270.0,10.688372211662736,16.321538943071843,Red,Fog,0.0,0.2036950183456469,73.0,29.0,185.01274741487083,26.91132816947475,High
2024-03-11 07:55:00,40.639679449258416,-73.7410600306579,272.0,68.72056989213684,63.495941523777496,Red,Fog,0.0,0.7176655529088058,87.0,36.0,223.15943552002264,8.831408136653833,High
2024-03-11 08:00:00,40.88925376977316,-73.93284224586435,46.0,23.345749284604175,36.768935633228686,Yellow,Clear,0.0,0.1445219064575436,59.0,39.0,172.88992363175595,6.348119875828918,Medium
2024-03-11 08:05:00,40.60699403201982,-73.82230382961161,293.0,78.52578032773324,84.85544286858432,Red,Clear,0.0,-0.5828391577439516,56.0,47.0,230.1490220074296,11.011024091312986,High
2024-03-11 08:10:00,40.75489547598142,-73.94581941121989,207.0,72.64296050137108,26.88989538760734,Green,Clear,0.0,-0.6437871630319403,99.0,3.0,89.73784261225995,10.003125996529448,High
2024-03-11 08:15:00,40.80045385194536,-73.89634948387088,114.0,76.35720374745806,61.50490595374002,Yellow,Rain,0.0,-0.3389556372521998,8.0,45.0,443.5090983972978,28.71124530534011,Medium
2024-03-11 08:20:00,40.87749848229911,-73.99892837473698,57.0,17.427631181428282,78.36364424361486,Green,Fog,0.0,-0.4912951461067476,74.0,48.0,493.004580986859,11.697261535301111,High
2024-03-11 08:25:00,40.6322351916535,-73.94794345744849,20.0,35.06282058490085,70.8561691296376,Red,Clear,0.0,0.3894943332105995,,27.0,223.92687615163393,15.44832983978892,Medium
2024-03-11 08:30:00,40.76603997198594,-73.97863349645324,18.0,39.86304269075679,86.92012406220853,Green,Snow,0.0,-0.1906709114427716,35.0,2.0,66.69498427601845,16.69694736339619,High
2024-03-11 08:35:00,40.85967483378201,-73.84001485454812,203.0,13.291058478423654,14.050370383276062,Yellow,Rain,0.0,0.8935871906671555,94.0,10.0,58.12489763713009,6.9591316745898,High
2024-03-11 08:40:00,40.63278715703976,-73.78108102416722,76.0,54.27403127572681,10.988482431713216,Yellow,Snow,1.0,-0.6569996439637691,3.0,21.0,390.6690997500865,28.82658288077828,High
2024-03-11 08:45:00,40.77576165047819,-73.90528725833522,144.0,58.60626394546746,19.74172383644063,Yellow,Fog,0.0,0.0560679368911471,62.0,46.0,128.16740638941522,12.97266047422994,Medium
2024-03-11 08:50:00,40.864336116045514,-73.78891577651171,76.0,76.62753894023624,53.75302597444535,Yellow,Fog,0.0,0.7931817248950317,97.0,33.0,373.9566314764619,26.590082207050585,Medium
2024-03-11 08:55:00,40.64272767431308,-73.7303640438642,225.0,10.32059707350536,97.65306171118142,Red,Snow,0.0,-0.8301233238885339,84.0,41.0,118.35492075447284,15.162135388999491,High
2024-03-11 09:00:00,40.8529660948732,-73.83973563840716,257.0,18.799646904666066,39.49525867053481,Green,Fog,0.0,0.2047228869694486,86.0,9.0,228.00956848190296,28.30474439893415,High
2024-03-11 09:05:00,40.8070326368074,-73.90368991124687,225.0,36.111378446593925,33.108592987103066,Green,Snow,0.0,-0.7135821346846645,8.0,16.0,318.742594574082,19.58263190069461,High
2024-03-11 09:10:00,40.66836748340835,-73.78837133741497,203.0,40.65276084770198,65.65013234743503,Yellow,Snow,0.0,-0.969292227576182,75.0,17.0,356.2954097678886,23.63560128826868,High
2024-03-11 09:15:00,40.714828989366794,-73.74120716210405,148.0,19.57965224256739,74.44097960412984,Red,Fog,0.0,0.5300938415341265,80.0,5.0,316.15031399623905,11.83439136056982,High
2024-03-11 09:20:00,40.851969205229686,-73.73558451518473,125.0,8.07464921896127,16.472089720123954,Green,Snow,0.0,0.0637714160975619,47.0,6.0,451.9730143004225,12.98018518488735,High
2024-03-11 09:25:00,40.893257514554975,,80.0,42.63091518633548,35.07097591465983,Green,Snow,0.0,0.5986690855219821,69.0,0.0,138.857876665477,25.421077807613784,Low
2024-03-11 09:30:00,40.79016937479228,-73.95646656129513,247.0,20.38449436501778,71.52166836535116,Green,Clear,0.0,-0.415178109786406,12.0,16.0,99.69483403222723,15.567846713213072,High
2024-03-11 09:35:00,40.77139986767085,-73.73710348985027,289.0,36.5960822546119,90.88722184145134,Yellow,Snow,0.0,-0.3596315058595738,68.0,1.0,348.2910988610589,25.359189539389156,High
2024-03-11 09:40:00,40.75189949592061,-73.73459428273874,181.0,27.72651568617132,74.65935493882446,Green,Clear,0.0,-0.4293133155761814,34.0,48.0,144.34713764713217,22.68070484161126,Medium
2024-03-11 09:45:00,40.86010493972961,-73.71879347885908,206.0,13.187448396207808,73.53406506812564,Green,Snow,0.0,-0.5701510698372982,91.0,44.0,369.370681807826,13.608360078731437,High
2024-03-11 09:50:00,40.68773489402987,-73.87144266867942,240.0,76.64513677105158,24.254036982004692,Green,Clear,0.0,0.5983653904527197,98.0,9.0,108.59557123492624,6.1314965578361615,High
2024-03-11 09:55:00,40.62760025467448,-73.74710389725819,183.0,74.6662697982468,72.97199175871577,Yellow,Rain,0.0,0.0401442526656266,54.0,9.0,175.27058326159664,24.281692531568513,Medium
2024-03-11 10:00:00,40.60805340550518,-73.9700300573711,151.0,42.10888957749515,51.64516061156054,Yellow,Fog,0.0,-0.5758334974856711,8.0,17.0,375.7019367305568,8.527791372402405,Medium
2024-03-11 10:05:00,40.66491832796683,-73.87858093526667,223.0,47.00278303369759,89.67832589427061,Yellow,Snow,0.0,0.0655619726188845,59.0,24.0,389.828681563268,5.654034836404232,High
2024-03-11 10:10:00,40.77587265663608,-73.72769166566934,203.0,45.89755534894608,42.33201959727589,Red,Fog,0.0,-0.5607248622338821,49.0,1.0,63.935035707876224,26.90126551408332,High
2024-03-11 10:15:00,40.64070296828443,-73.72900022270689,59.0,47.719393492038016,99.67484765389273,Yellow,Fog,0.0,-0.0723860529717819,8.0,18.0,327.8575615506803,14.015628543515536,High
2024-03-11 10:20:00,40.860080165013635,-73.98955962960366,103.0,64.27756952165092,92.91849573902633,Yellow,Fog,0.0,-0.8478216785140542,72.0,1.0,470.4016846159045,7.789639892398807,High
,40.6415992200004,-73.73105873921642,57.0,61.56801783888288,51.316334649363554,Red,Rain,0.0,-0.0556330291529045,91.0,18.0,373.4978176347399,27.95644203492148,Medium
2024-03-11 10:30:00,40.67057686085254,-73.78755894039587,158.0,72.40825982134635,60.35362720213199,Yellow,Rain,0.0,-0.8273538251892216,77.0,5.0,147.68066655514392,16.935135867161165,Medium
2024-03-11 10:35:00,40.80707531862312,-73.77088827589787,156.0,18.1401312473797,78.28317258368178,Yellow,Clear,0.0,-0.9948034490586076,25.0,8.0,261.84338100560035,26.718097122668,High
2024-03-11 10:40:00,40.63663153557962,-73.80352728404803,251.0,17.484962139183416,42.72277399631679,Red,Fog,,0.9666473086195676,87.0,33.0,192.1777150597669,8.356505963817465,High
2024-03-11 10:45:00,40.81931138488154,-73.7828802149373,199.0,13.16281247739988,53.69037104840127,Red,Rain,0.0,0.6122144737511588,4.0,48.0,418.0310369792066,21.44982091005847,High
2024-03-11 10:50:00,40.73013029165168,-73.81244886238925,97.0,23.56660160879835,15.559587634004414,Red,Rain,0.0,-0.1392210701359544,36.0,25.0,114.01321442517006,23.515960896738225,Medium
2024-03-11 10:55:00,40.88447137625396,-73.77870353981265,148.0,45.666344647825206,92.97883871988576,Yellow,Clear,0.0,0.6745961749607066,21.0,32.0,211.32646869917343,6.186068309371166,High
2024-03-11 11:00:00,40.84552154735452,-73.80223607814996,187.0,42.1894379554974,60.596861426260176,Green,Snow,0.0,-0.839963588101551,44.0,16.0,495.5951841680746,15.94589617534541,Medium
2024-03-11 11:05:00,40.75381622348929,-73.70370030538948,153.0,40.81273003928381,64.66765314779295,Red,Clear,0.0,-0.3363163911867521,48.0,32.0,447.9185357825543,16.7864527657304,Medium
2024-03-11 11:10:00,40.83070219270682,-73.8390318557336,88.0,45.359141690912104,52.72587578587288,Yellow,Snow,0.0,0.2746370640539521,21.0,42.0,68.25868963941623,22.98342144387622,Medium
2024-03-11 11:15:00,40.700300348110865,-73.94217632768105,46.0,13.863688837776705,73.1054848332465,Yellow,Clear,0.0,0.7017538068098972,83.0,15.0,202.0670066739057,9.740680488273778,High
2024-03-11 11:20:00,40.759422483191734,-73.78304813842479,11.0,60.6054815600962,76.74982902873758,Red,Snow,0.0,0.0947110668203521,57.0,22.0,214.3569590141962,18.41106903163084,Medium
2024-03-11 11:25:00,40.86953243306727,-73.87326948939072,148.0,34.26962952606003,44.112000007137766,Yellow,Fog,0.0,-0.9032903431354138,13.0,26.0,372.973177347817,24.43303744850268,Medium
2024-03-11 11:30:00,40.64992615728256,-73.83398100297866,174.0,37.5231337348858,90.25513206766706,Yellow,Rain,0.0,-0.4085189386351004,57.0,40.0,207.27450366843527,28.82351976973625,High
2024-03-11 11:35:00,40.64601965715065,-73.99093490489646,65.0,72.39378360801813,90.93855644725431,Yellow,Fog,0.0,,90.0,33.0,446.4554932493256,19.53229641377291,High
2024-03-11 11:40:00,40.84436687558616,-73.88065936348387,274.0,29.974794327126283,25.391686865405603,Yellow,Rain,0.0,0.7340161924724276,40.0,9.0,435.0891639685143,27.77199513080143,
2024-03-11 11:45:00,40.8780024068773,-73.71798776612951,12.0,6.800507392516312,58.47709902373773,Green,Clear,0.0,0.3208795494882202,,13.0,271.31008849713237,25.6255297017858,High
2024-03-11 11:50:00,40.87312468875817,-73.8748191546282,202.0,65.34123997663616,15.537609443717743,Green,Rain,0.0,0.5730930235705225,3.0,36.0,97.29333611962625,29.713915799987628,High
2024-03-11 11:55:00,40.69496222777718,-73.97628542384783,216.0,65.93373671139732,91.8569003885083,Red,Fog,0.0,0.4942785650513432,88.0,18.0,400.53961128510855,9.83849407206219,High
2024-03-11 12:00:00,40.87748284382548,-73.9826395450081,156.0,62.054608381141655,,Red,Rain,0.0,0.471409897218755,88.0,6.0,95.63763335324822,29.084848840227476,Medium
2024-03-11 12:05:00,40.63317754414343,-73.9398769076416,81.0,5.017799339472591,44.6923594075204,Yellow,Fog,0.0,0.0513712307542291,8.0,27.0,315.11785861373716,6.847795826426066,High
2024-03-11 12:10:00,40.71159589061767,-73.99898077716946,26.0,66.53667872859697,54.22455482839721,Green,,0.0,0.149850315078917,95.0,49.0,292.2376411529492,18.848495052997382,Medium
2024-03-11 12:15:00,40.76556052636416,-73.99118769312494,256.0,47.50644749674106,33.41305543069943,Green,Clear,0.0,0.773897478895105,7.0,9.0,315.96543588860976,11.629098208225242,High
2024-03-11 12:20:00,40.823324571012215,-73.84591177152005,31.0,13.10892616337785,78.58636665303509,Red,Snow,0.0,-0.367745759029024,86.0,36.0,485.2936034294585,9.52797979712967,High
2024-03-11 12:25:00,40.67880352173885,-73.79843458262665,59.0,14.39681445972322,79.15313352877372,Yellow,Rain,0.0,-0.3479664485749296,72.0,3.0,195.39677618256977,8.849794782373674,High
2024-03-11 12:30:00,40.81512994741016,-73.95392880609043,267.0,12.088499103571568,65.94821217383225,Green,Clear,0.0,-0.2720430256540518,99.0,31.0,314.91315883316935,20.607491366451395,High
2024-03-11 12:35:00,40.78924059138437,-73.87470163297593,142.0,50.376582265611376,19.71408794180362,Green,Snow,1.0,-0.751169943816326,17.0,19.0,290.8087230012673,14.566482530770127,High
,40.653838766918355,-73.92658640394765,256.0,15.104798255838292,93.20188759609712,Green,Rain,0.0,0.0494127540813638,35.0,33.0,364.58440572887463,14.75512993257098,High
2024-03-11 12:45:00,40.813684528774104,-73.98654572856677,106.0,50.635426546365665,31.464629236268237,Red,Snow,0.0,-0.8800987965568734,72.0,8.0,318.78814509579894,18.60349483675636,Medium
2024-03-11 12:50:00,40.783368074111856,-73.9551444600476,174.0,55.27371445070021,93.93807110816178,Green,Snow,0.0,-0.99784531768286,4.0,41.0,262.6958418268227,28.83168586777482,High
2024-03-11 12:55:00,40.676717015560634,-73.98827225207206,128.0,31.436197247051982,94.04331667813167,Green,Rain,0.0,-0.4126581362595791,39.0,6.0,273.14746774817576,25.2416531890327,High
2024-03-11 13:00:00,40.604719326400705,-73.8173353735527,223.0,57.11713614873216,30.66768924654809,Yellow,Snow,0.0,-0.7548480613246646,10.0,24.0,145.8870527107154,17.296635504313635,High
2024-03-11 13:05:00,40.72939731976957,-73.70024643785092,48.0,76.86211257957405,94.30109272064249,Green,Rain,0.0,0.1653275882108096,12.0,43.0,396.8777646812757,10.553938049651432,High
2024-03-11 13:10:00,40.672390486932365,-73.95797758554018,105.0,18.327907085692935,43.48201892528284,Yellow,Fog,0.0,,24.0,42.0,271.612443960648,7.2756935913361644,High
2024-03-11 13:15:00,40.81007481486851,-73.9301170683002,169.0,25.724758954074588,40.52324688883998,Red,Fog,0.0,-0.2435059106228516,30.0,25.0,474.83309058900335,24.125149582159143,Medium
2024-03-11 13:20:00,40.80704166361056,-73.94361151624807,64.0,69.85071301234795,78.01795046851718,Yellow,Snow,0.0,0.4689486174058861,75.0,33.0,202.59106696432653,23.91764585190559,Medium
2024-03-11 13:25:00,40.73211591033503,-73.92585382785408,210.0,54.55814724462488,81.0821201825805,Yellow,Snow,0.0,-0.4538618860567975,41.0,5.0,97.13703491746128,13.710010930571825,High
2024-03-11 13:30:00,40.61911606866872,-73.72340965184947,193.0,27.370214702103013,48.81397873829573,Red,Rain,1.0,0.8576864152711703,51.0,5.0,340.96547650329694,28.632880971208408,High
2024-03-11 13:35:00,40.77126098597891,-73.78483981954625,76.0,51.06583914606027,51.19853535899733,Red,Fog,0.0,0.8829878938734292,83.0,42.0,302.6271446201698,14.526399862815616,Medium
2024-03-11 13:40:00,40.69735615015924,-73.73515230980044,159.0,69.59725975769123,87.9165368604469,Red,Rain,0.0,-0.8757232473211425,17.0,14.0,98.27152137464634,13.310935016842755,High
2024-03-11 13:45:00,40.698697934187344,-73.85338261366687,139.0,53.32819989565952,23.461110857904853,Green,Clear,0.0,-0.6381561399080755,11.0,43.0,50.9548867180399,15.426137758881824,Medium
2024-03-11 13:50:00,40.602531103362544,-73.9737688297558,22.0,57.966741992397814,48.73909982480968,Red,Snow,0.0,-0.3391636636731325,1.0,34.0,325.5984682100751,7.556914804803931,Low
2024-03-11 13:55:00,40.78640227050985,-73.712020132272,181.0,51.89393305736815,77.9255869970311,Yellow,Clear,0.0,0.2363343090352518,76.0,48.0,391.63176286163934,28.371262833059745,Medium
2024-03-11 14:00:00,40.60079411747269,-73.75107397212776,275.0,77.2684200249608,11.49502454096727,Green,Clear,1.0,0.6263979075724571,65.0,31.0,357.08726196454074,8.223859697668715,High
2024-03-11 14:05:00,40.70304792994042,-73.84621747140642,227.0,52.246122593452974,53.30224778593887,Yellow,Rain,0.0,-0.4946318389080466,93.0,17.0,240.85221099982152,19.205097130861873,High
2024-03-11 14:10:00,40.85901109641111,-73.70372347806482,225.0,16.330155504683532,35.12817603646522,Green,Snow,0.0,-0.3628518905783242,56.0,28.0,475.3437757949628,17.132439199964324,High
2024-03-11 14:15:00,40.6568419256025,-73.77819842934765,190.0,75.0697489074213,51.95576231426745,Green,Fog,0.0,0.4863120287373372,96.0,6.0,462.8977963672292,26.114503188865967,Medium
2024-03-11 14:20:00,40.79943284324055,-73.99157688707827,124.0,9.048472313628674,76.8459113326533,Green,Snow,0.0,0.8986347205777765,30.0,23.0,360.373018476803,22.73788242911603,High
2024-03-11 14:25:00,40.71153735939009,-73.85082348044057,192.0,19.517722040345433,29.19383890957612,Green,Rain,0.0,0.4472183502399807,56.0,17.0,360.91044094547937,26.68813499233213,High
2024-03-11 14:30:00,40.63883430769645,-73.81094799269952,172.0,12.067589188782904,94.66673125256013,Red,Fog,0.0,0.2814391678309917,51.0,32.0,60.14298630799747,25.360540802397992,High
2024-03-11 14:35:00,40.73660522531496,-73.78501261192189,32.0,7.10292504459359,46.07249898896751,Yellow,Clear,0.0,-0.2740864069092172,2.0,14.0,59.41115810179651,22.89791219889085,High
2024-03-11 14:40:00,40.612468082650906,-73.86510260927814,255.0,23.647564264201087,41.400220915850355,Red,Fog,0.0,0.3859907743956281,47.0,3.0,334.46606512188185,7.934205587618591,High
2024-03-11 14:45:00,40.759143660223934,-73.76124825774335,73.0,35.77844844000208,34.149983364108934,Green,Rain,0.0,0.7000933008031502,78.0,7.0,326.898875556682,6.959872973241891,Medium
2024-03-11 14:50:00,40.82840174997897,-73.9772341777355,290.0,71.72979678118062,93.78807685252237,Green,Snow,0.0,0.2789363675365228,46.0,6.0,468.808372468202,5.316364067533881,High
2024-03-11 14:55:00,40.7264406471046,-73.92477409106937,64.0,30.372556549292984,52.25423666073926,Green,Rain,0.0,-0.6508291442833178,38.0,7.0,130.3366160708776,22.024003232887814,Medium
2024-03-11 15:00:00,40.84325386466249,-73.85496759190575,227.0,9.829207785948666,66.58037785452538,Green,Fog,0.0,0.2152179148647666,80.0,18.0,302.5105807152156,14.365700658580678,High
2024-03-11 15:05:00,40.87811348613247,-73.9076785788218,108.0,16.9096501661595,60.01276854828919,Green,Fog,0.0,-0.7535158294387791,85.0,44.0,462.33624222282526,7.6322739489144205,High
2024-03-11 15:10:00,40.898014720653144,-73.77068933527596,147.0,48.04438286072469,88.88573211985432,Yellow,Rain,0.0,-0.3244421436790987,73.0,7.0,379.3973124295464,6.659549367588706,High
2024-03-11 15:15:00,40.8635119281963,-73.99407211737028,240.0,73.88975142522416,45.791083379836635,Green,Fog,0.0,0.7075025050331272,85.0,25.0,413.23816648795065,19.004477934289568,High
2024-03-11 15:20:00,40.62475177227323,-73.86823861665187,163.0,48.96496635086754,78.92138085654615,Yellow,Rain,,0.2891290049487998,63.0,30.0,104.41081658140604,20.548531348184483,Medium
,40.864793504526325,-73.80100195588226,106.0,79.47032654599938,92.7887766220995,Red,Clear,1.0,0.2757964142663076,45.0,6.0,439.0074140981712,11.097109543167477,High
2024-03-11 15:30:00,40.608016171523175,-73.7944809454622,153.0,56.50399572481409,83.0579335747041,Yellow,Clear,0.0,0.0928051808235805,20.0,29.0,451.26976694527315,23.77825428638401,High
2024-03-11 15:35:00,40.60962569461092,-73.96643144905133,188.0,21.50569087144569,65.8625787991291,Red,Fog,0.0,-0.4919125259259256,51.0,3.0,477.5712336496807,23.47343564172391,Medium
2024-03-11 15:40:00,40.89033216584371,-73.78873026423847,31.0,23.531346403163084,52.2064650701851,Yellow,Fog,1.0,-0.8168540258438501,32.0,6.0,399.6993404426835,29.71628613579685,High
2024-03-11 15:45:00,40.80774848017981,-73.75984213664827,215.0,41.04712015662409,91.86830005343953,Yellow,Snow,,-0.9449259498511297,12.0,6.0,218.1194392447164,16.973555480455115,High
2024-03-11 15:50:00,40.80176731470245,-73.84532084197058,234.0,52.30002884834986,13.808620894820956,Red,Snow,1.0,,97.0,38.0,297.1594941755401,27.33534475975047,High
2024-03-11 15:55:00,40.64866097650142,-73.72668523669884,199.0,44.88799719168806,17.45173404351567,Red,Fog,0.0,-0.3783647160980832,41.0,12.0,120.76657419223578,6.047654207536078,Medium
2024-03-11 16:00:00,40.6520651211259,-73.86667485924269,90.0,66.95479036632202,99.23503068736989,Green,Fog,1.0,0.5149402911093723,69.0,42.0,60.88200057547606,25.587500215306964,High
2024-03-11 16:05:00,40.732317804401255,-73.81479880685526,154.0,36.89617185652223,20.245187651456938,Red,Snow,0.0,0.6963213085036386,60.0,2.0,264.80845138310974,11.428946190780104,Medium
2024-03-11 16:10:00,40.79001285018397,-73.91529918729289,28.0,64.40229950491135,40.2652490836187,Green,Rain,0.0,0.7247859720189922,53.0,19.0,449.77188661941864,29.62813525937092,Low
2024-03-11 16:15:00,40.69769672666591,-73.92952947472136,85.0,8.595870829883932,42.19615481746854,Green,Fog,0.0,0.9114498857801574,,19.0,345.5475627177485,10.31548225810362,High
2024-03-11 16:20:00,40.71465655026552,-73.94618670998841,236.0,62.26163370580946,11.982408131379058,Yellow,Snow,0.0,0.8765711421122189,37.0,25.0,305.218220626613,15.10895405116776,High
2024-03-11 16:25:00,40.797404831773825,-73.96507716262553,191.0,43.100387994632506,32.0520498624918,Green,Snow,0.0,-0.7053984786001446,19.0,21.0,199.60676354757484,9.524100769316908,Medium
2024-03-11 16:30:00,40.86087371938958,-73.73772530236363,230.0,23.501174947564493,,Yellow,Rain,0.0,-0.963664972312398,91.0,22.0,356.01398406239144,28.19776408135142,High
2024-03-11 16:35:00,40.79125480674899,-73.85070069651462,41.0,29.70610811636145,48.78079267986236,Green,Fog,0.0,0.6728695310582642,15.0,13.0,374.9939338190764,11.640531936670314,Medium
2024-03-11 16:40:00,40.7765214455574,-73.93747155508655,200.0,59.30579002343251,23.567866897888777,Yellow,Clear,0.0,-0.4386510248283166,42.0,29.0,64.17828463516679,20.88905928299264,Medium
2024-03-11 16:45:00,40.80273780125715,-73.94734198447017,266.0,23.4909838610308,86.5441725586998,Yellow,Fog,1.0,0.7922391609319146,39.0,12.0,456.5324091382788,9.824501571743752,High
2024-03-11 16:50:00,40.81602185586108,-73.8508721627959,10.0,67.36094922825168,50.061054623790795,Red,Clear,0.0,0.5844252352594872,94.0,23.0,274.5953325323398,28.948264692027593,Medium
2024-03-11 16:55:00,40.82742909349828,-73.81778336532533,65.0,66.3053420825719,86.83143877423362,Red,Rain,1.0,-0.3718695479157186,38.0,38.0,112.99104785448696,16.57987151312267,High
2024-03-11 17:00:00,40.69889079450291,-73.8063381495599,148.0,11.731429810460138,33.52065108334978,Yellow,Rain,1.0,0.7086310017901878,54.0,31.0,226.88902422043108,17.343814806619566,High
2024-03-11 17:05:00,40.719137322714474,-73.85758736503037,298.0,8.080132582564113,97.86531004210008,Yellow,Snow,0.0,0.931535913571966,47.0,9.0,115.40933861934506,23.366421691093485,High
2024-03-11 17:10:00,40.734099682848715,-73.89848281362468,132.0,40.467019030435345,53.171622092633335,Red,Snow,0.0,0.7795038754063905,67.0,42.0,410.4975658731426,24.104008851590155,Medium
2024-03-11 17:15:00,40.66762498326098,-73.97481501251842,247.0,70.32454940513821,65.70617670993857,Red,Clear,0.0,-0.1609822039683188,66.0,11.0,282.4098218717651,19.49956451898366,High
2024-03-11 17:20:00,40.8058340467348,-73.77340216376601,148.0,68.22699952946141,60.668035836065705,Yellow,Rain,0.0,-0.8287704168582908,90.0,14.0,157.9308656722833,17.7209544343284,Medium
2024-03-11 17:25:00,40.615070707537775,-73.75674343931513,127.0,67.59986632600368,32.117662399640054,Green,Snow,0.0,0.2278934050813141,53.0,33.0,284.67332277196937,22.678933394457495,Medium
2024-03-11 17:30:00,40.88485516475669,-73.90318678161877,18.0,42.19375973119526,39.22297976105724,Green,Clear,0.0,-0.865833851401058,4.0,35.0,377.2082617182178,,Low
2024-03-11 17:35:00,40.644922290644836,-73.83901308965568,97.0,33.840661750507564,75.92983806002172,Green,Rain,0.0,0.5289113812002728,31.0,36.0,494.0319222281928,18.96878240367826,Medium
2024-03-11 17:40:00,40.85235156981287,-73.79610127043397,59.0,,89.97017702001942,Yellow,Rain,0.0,-0.947621370196602,76.0,37.0,259.219106589435,22.020138027026174,High
2024-03-11 17:45:00,40.850325230499095,-73.99317511596676,251.0,30.46659732936125,60.37903005714773,Yellow,Clear,0.0,-0.5462724147526727,87.0,22.0,399.4908553800464,7.772471418353533,High
2024-03-11 17:50:00,40.76297369765836,-73.86188480353974,264.0,47.00287368194795,99.12494736199676,Red,Clear,0.0,0.6203307696114566,36.0,38.0,173.09176714075022,16.787839323565258,High
2024-03-11 17:55:00,40.75788292208093,-73.92029802121965,149.0,26.685143238675273,97.87267939518507,Red,Snow,0.0,0.8242532073426456,92.0,34.0,346.0778670904353,15.535840697724996,High
2024-03-11 18:00:00,,-73.96337071228184,235.0,31.499242739192937,52.009272808280095,Yellow,Fog,0.0,0.1278368439050781,67.0,45.0,52.68133677348518,14.055725138329798,High
2024-03-11 18:05:00,40.86626894569413,-73.81514525205688,176.0,5.7325375143552995,31.2349405228135,Red,Rain,0.0,-0.1935726245886178,17.0,3.0,269.6067115668763,5.44440230879938,High
2024-03-11 18:10:00,40.674634382158104,-73.75044596948176,295.0,61.81645424379426,44.31211095801553,Green,Clear,0.0,-0.0111951713782332,69.0,6.0,183.3197137409612,18.16813432957601,High
2024-03-11 18:15:00,40.74199366058471,-73.9139000170316,113.0,65.25694439735794,44.32563062335984,Yellow,Fog,0.0,0.9499197281250538,63.0,48.0,376.0722032539129,11.68618999478662,
2024-03-11 18:20:00,40.7196509153451,-73.97644755595469,61.0,76.04155298852488,32.88891631826975,Red,Snow,0.0,-0.6897560462223735,21.0,16.0,107.92254412474536,10.21630512089837,Low
2024-03-11 18:25:00,40.608693746783416,-73.71770336128762,39.0,56.86477783801735,88.57142321798833,Green,Clear,1.0,-0.8471720291361058,19.0,9.0,449.3475868755296,16.18118748168041,High
2024-03-11 18:30:00,40.6973522321649,-73.81373371644031,218.0,52.81358701070829,12.426879730498896,Red,,1.0,0.4739867488726141,88.0,23.0,253.5846265912456,28.45998836247244,High
2024-03-11 18:35:00,40.78606771849636,-73.92952131245994,133.0,25.200709664764027,86.97295703139734,Yellow,Snow,0.0,-0.666116932598716,81.0,19.0,233.07000360134205,23.965464978115325,High
2024-03-11 18:40:00,40.72430966963472,-73.72403052093688,169.0,66.80955851891477,19.39741962693754,Yellow,Clear,0.0,,93.0,27.0,343.01449134143394,21.321645702200534,Medium
2024-03-11 18:45:00,40.621378679084536,-73.81626248713202,192.0,25.903481402541104,39.43158365045176,Yellow,Fog,0.0,-0.9675872762120814,8.0,45.0,67.00031461015449,13.96157790157585,Medium
2024-03-11 18:50:00,40.69639964599202,-73.80429351908089,41.0,21.92342877622443,69.38643440697109,Green,Fog,0.0,0.7193672639947026,67.0,42.0,138.10912007732213,19.415287509722376,Medium
2024-03-11 18:55:00,40.72598769636545,-73.98400263139378,208.0,79.51493921175434,78.10206487290998,Green,Snow,0.0,-0.9571810181593188,78.0,12.0,485.9795514633458,10.572550494040708,High
2024-03-11 19:00:00,40.64596418939164,-73.75799292757054,100.0,42.42765795791975,43.64131487833727,Yellow,Clear,0.0,0.3911718621905835,2.0,,364.0912069661383,27.821991867338767,Low
2024-03-11 19:05:00,40.70576582864248,-73.76282557921563,190.0,40.42933559596229,73.27430907849734,Yellow,Rain,0.0,-0.8277915499353004,65.0,49.0,421.81485367531985,15.288181665031743,Medium
2024-03-11 19:10:00,40.699049190329305,-73.90892972228772,152.0,47.38857598613626,98.2602446427267,,Rain,0.0,-0.4110647260680837,30.0,37.0,141.71850751329924,21.85646160440839,High
2024-03-11 19:15:00,40.68534093334653,-73.88143545701777,260.0,16.76866013947261,61.76263119454423,Red,Fog,0.0,0.2992023818727884,20.0,24.0,251.31463912611508,14.63705549245864,High
2024-03-11 19:20:00,40.704029339725075,-73.87488863571313,192.0,57.46825917640189,90.77002951634068,Green,Clear,1.0,0.1378169744409485,59.0,32.0,125.41646170238609,5.270047525450742,High
2024-03-11 19:25:00,40.83759496936074,-73.7002986447166,165.0,64.28687790645434,84.96718444780231,Green,Snow,0.0,0.8765141312528233,96.0,3.0,452.3513695306751,13.678480968933142,High
2024-03-11 19:30:00,40.85528783205785,-73.83861965291159,161.0,18.213593372426622,78.12005274727275,Yellow,Fog,1.0,0.6838775450892269,9.0,17.0,151.91854145050135,22.54748565323155,High
2024-03-11 19:35:00,40.64153961352877,-73.94902488183237,67.0,33.334471955414344,11.080538519374445,Yellow,Fog,0.0,,22.0,0.0,124.71262889712249,11.904159883415243,Medium
2024-03-11 19:40:00,,-73.7318151102055,254.0,74.71284627153145,42.86957403319888,Green,Fog,1.0,-0.0254560286776417,80.0,36.0,440.7409600892195,25.963805295717595,High
2024-03-11 19:45:00,40.72205553481834,-73.72978423168587,190.0,18.249711911000524,64.68357871559243,Red,Rain,0.0,0.7028156364926066,64.0,39.0,169.18809754914702,28.33548679640147,High
2024-03-11 19:50:00,40.735926887374234,-73.7194473667668,182.0,75.84276558293966,66.94540909373976,Red,Snow,0.0,0.1959734170473113,51.0,33.0,233.4608234930406,14.022593597412357,Medium
2024-03-11 19:55:00,40.86503725525325,-73.98401205063372,262.0,57.22635633196019,34.80082901366401,Yellow,Clear,0.0,-0.1370528741502952,72.0,27.0,161.2999910761119,9.92993056275069,High
2024-03-11 20:00:00,40.71307078007155,-73.83224426254685,175.0,47.18320283173307,24.315466747849968,Green,Rain,0.0,-0.8065430690103246,34.0,16.0,208.9984262093793,26.54969659718936,Medium
2024-03-11 20:05:00,40.8221126687407,-73.85329376504342,12.0,29.854940567330924,78.35209056976343,Green,Rain,0.0,0.750916215754569,78.0,26.0,382.24079131986383,28.80395988733398,Medium
2024-03-11 20:10:00,40.61293517906788,-73.90827530870298,181.0,14.85454890613308,84.76487576263146,Green,Rain,1.0,-0.4851666301027497,4.0,4.0,286.80521245195376,13.58997233833552,High
2024-03-11 20:15:00,40.763596530253544,,98.0,28.15436903560928,94.54328153852892,Green,Fog,0.0,0.9832377055733152,54.0,8.0,445.9692376880399,9.367725119305057,High
2024-03-11 20:20:00,40.7659108690631,-73.74354327409404,66.0,36.37705711749683,64.51411506048571,Green,Snow,0.0,0.6684303925193646,27.0,37.0,211.21742674384012,13.328103589500095,Medium
2024-03-11 20:25:00,40.61611065543535,-73.95051474634639,214.0,14.158811855241996,74.597679418512,Green,Clear,1.0,0.1224549442331015,6.0,5.0,416.5546173187671,14.709969466830431,High
2024-03-11 20:30:00,40.661796419837586,-73.70087787946225,214.0,24.487108285651136,17.731694747125427,Green,Snow,0.0,0.9990179315163772,5.0,22.0,244.2010912788681,11.586282513916668,High
2024-03-11 20:35:00,40.887399415732006,-73.81431490295573,35.0,68.65757438088879,11.45272387361562,Red,Snow,0.0,-0.3646111578334166,93.0,7.0,111.70970607460248,23.647124306507735,Low
2024-03-11 20:40:00,40.87458333981314,-73.84391346932833,51.0,17.371916942462363,84.29603650282262,Green,Snow,0.0,-0.699407956588115,66.0,37.0,483.62649518960166,19.57324186810328,High
2024-03-11 20:45:00,40.605847390810275,-73.71657355954878,160.0,14.388198185537515,42.91111367896136,Green,Snow,0.0,-0.4225122147839997,7.0,49.0,379.3180993498837,24.94614646436077,High
2024-03-11 20:50:00,40.606626474007854,-73.73975747191507,,16.32207720438417,56.18798531693949,Yellow,Snow,,0.0290021409557754,72.0,42.0,369.1763884177233,16.968940473586308,High
2024-03-11 20:55:00,40.70872558573048,-73.76462428707286,202.0,25.251948018659817,87.47530888004592,Green,Snow,0.0,0.1446404673117445,92.0,18.0,135.254559819772,18.430004829567817,
2024-03-11 21:00:00,40.718207054077645,-73.78985589056741,148.0,10.671139360851823,88.68506309729624,Red,Fog,0.0,0.991357467998908,67.0,19.0,297.35689446500965,27.166007819955865,High
2024-03-11 21:05:00,40.68782882810352,-73.9830934282875,36.0,41.191466783997456,95.89150990727558,Yellow,Snow,0.0,-0.3826127401484989,45.0,46.0,369.7784277969331,14.793718467022716,High
2024-03-11 21:10:00,40.85530229337041,-73.88670365787482,51.0,76.9389874252109,40.654878821237915,Yellow,Fog,0.0,-0.4022707279664965,13.0,22.0,374.5247920695177,10.55115030227498,Low
2024-03-11 21:15:00,40.60464570659468,-73.74077981195846,263.0,67.33921077472948,47.74960013272536,Red,Rain,0.0,0.4795130599118853,32.0,4.0,60.105198788744566,22.888532277549277,High
2024-03-11 21:20:00,40.81536475574541,-73.91383592797821,163.0,30.531697668042032,63.431636506554874,Red,Snow,,-0.2770523161195179,15.0,25.0,362.0327268347693,9.490339020165916,Medium
2024-03-11 21:25:00,40.87226036635844,-73.89539532854172,114.0,50.983207349045834,99.1681958501679,Red,Clear,0.0,0.3962000431465919,47.0,34.0,239.5140628116448,15.579273443620382,High
2024-03-11 21:30:00,40.73368553156134,-73.7099034724766,14.0,55.613126863923576,51.36299336626424,Red,,0.0,-0.7611527532541205,59.0,39.0,188.0373938627077,10.401485459101776,Medium
2024-03-11 21:35:00,40.8741763500481,-73.90773462609755,140.0,19.17555971510027,50.69374681848844,Green,Fog,0.0,-0.8520821461583563,32.0,28.0,172.8741121152775,27.514725787595772,High
2024-03-11 21:40:00,40.70010097514771,-73.71264567533562,161.0,54.68226756275526,45.086941521706635,Green,Rain,0.0,-0.7838081717463867,10.0,23.0,430.64991576032935,29.23980127574059,Medium
2024-03-11 21:45:00,40.69962551406938,-73.8085299343248,216.0,6.604043772852476,21.158424725691933,Yellow,Rain,0.0,-0.0628236501439947,59.0,30.0,74.6832288057283,29.484940373873748,High
2024-03-11 21:50:00,40.64197906188927,-73.84062252404082,271.0,63.35465227365125,52.97980715432343,Red,Fog,0.0,0.7371972797328099,64.0,12.0,475.95449079991306,23.00856953481853,High
2024-03-11 21:55:00,40.718428802014785,,,74.66014554256303,62.62205896237366,Yellow,Snow,0.0,0.1787740806709283,33.0,45.0,265.35740727482346,12.99066001879934,High
2024-03-11 22:00:00,40.69682101557965,-73.82717047666532,267.0,35.503633464036135,90.17401613742165,Yellow,Clear,0.0,0.0989888978253221,54.0,35.0,272.61042589946385,23.774547986318936,High
2024-03-11 22:05:00,40.75047587090656,-73.95553096109965,131.0,48.57688691140844,19.38823167112084,Red,Rain,0.0,0.5798486952154271,71.0,15.0,187.11937231411397,28.21158836455812,Medium
2024-03-11 22:10:00,40.606867658686106,-73.78944319002923,152.0,39.990372732842154,20.925543290655593,Yellow,Rain,0.0,-0.7358048773633277,70.0,25.0,439.6149926059349,8.185497827637327,Medium
2024-03-11 22:15:00,40.71381006273008,-73.863645693917,13.0,71.60932086250718,74.70528816646991,Yellow,Clear,0.0,-0.5360143765296799,31.0,13.0,266.64445776050286,26.795058411583764,Medium
2024-03-11 22:20:00,40.7159810482764,-73.80778797263834,238.0,61.22347654666879,59.74282001536244,Green,Clear,0.0,-0.5441085224736293,31.0,13.0,130.077411258926,19.47668255451011,High
2024-03-11 22:25:00,40.82448197529417,-73.8048863920902,110.0,71.5055044834905,11.325670974277486,Yellow,Rain,0.0,-0.8160315189252856,98.0,17.0,215.88124657621165,10.722398301377169,Medium
,40.653992826559715,-73.77181934503639,205.0,49.30072919549474,24.69780726002123,Yellow,Fog,0.0,-0.2749850716270658,16.0,14.0,342.1898109172175,14.16290490574912,High
2024-03-11 22:35:00,40.801667608863205,-73.81034855283197,117.0,13.365488639720397,55.06984979045716,Yellow,Clear,0.0,0.7898205191050351,88.0,2.0,67.03213369388058,7.764113710831589,High
2024-03-11 22:40:00,40.82654062258864,-73.89004817113806,157.0,61.402485787937806,46.67089203563501,Green,Fog,0.0,0.4475320288672972,60.0,40.0,494.2678708862021,13.469714637393729,Medium
2024-03-11 22:45:00,40.70160002318241,-73.71846238151593,41.0,19.53256852318744,73.77371525058896,Red,Rain,1.0,0.7896223925391606,93.0,25.0,208.74722054655183,25.965457832190303,High
2024-03-11 22:50:00,40.736519940377214,-73.82080673845817,65.0,75.99725541414273,57.35210043032694,Red,Clear,0.0,0.4283571981276437,41.0,41.0,442.76524020353264,24.74257867598821,Medium
2024-03-11 22:55:00,40.86354834750264,-73.84851275725741,231.0,24.74688702896834,94.44589657454814,Yellow,Snow,0.0,-0.5683571436903003,7.0,43.0,156.99131175480966,27.304309141975303,High
2024-03-11 23:00:00,40.65539761629937,-73.94635591005343,279.0,55.81385861388168,14.292747730791952,Red,Fog,0.0,0.5417707720676854,29.0,26.0,427.1294596837308,6.430239276744613,High
2024-03-11 23:05:00,40.669115558888315,-73.773116808263,,66.27509327043884,89.06151768135139,Green,Fog,,0.8056784260208341,87.0,26.0,77.03027681778676,10.233186902915424,High
2024-03-11 23:10:00,40.77160410166379,-73.76332126129834,233.0,31.76153274293829,36.160481113794674,Yellow,Snow,0.0,-0.8689760350565285,62.0,45.0,67.60177839301095,21.051265832916,High
2024-03-11 23:15:00,40.63479417342402,-73.7056804033638,265.0,52.54761910144197,30.69126291059108,Green,Clear,0.0,-0.235974821022882,74.0,30.0,383.1693740436138,24.498410853945636,High
2024-03-11 23:20:00,40.81280227087654,-73.72379957982072,41.0,36.70056038175531,69.4009132309092,Yellow,Snow,0.0,-0.882757801644241,6.0,30.0,458.2589337425508,12.636143111904351,Medium
2024-03-11 23:25:00,40.86915595244684,-73.93670991139659,87.0,49.1298674208568,79.14198701282145,Red,Fog,0.0,0.7097713776563979,44.0,5.0,125.8294812903991,22.443972538188543,Medium
2024-03-11 23:30:00,40.616979317071966,-73.9626239404951,84.0,65.89252868082363,39.974407563717435,Red,Rain,0.0,0.4159366876222177,51.0,35.0,84.9240777742711,9.95361333275795,Low
2024-03-11 23:35:00,40.60036588756023,-73.84600988601292,179.0,57.09543777969047,94.8085364672599,Red,Clear,0.0,-0.88773182902553,70.0,30.0,245.59751024591424,29.951630499073023,High
2024-03-11 23:40:00,40.70692307042398,-73.99980516470416,51.0,46.07607351254889,23.091206385254427,Red,Snow,0.0,-0.7274901615577871,93.0,12.0,345.3652398348643,27.5633368483335,Low
2024-03-11 23:45:00,40.79616634928174,-73.92091159961527,107.0,74.03314513035762,95.50116956223572,Yellow,Fog,0.0,0.8695601213664563,75.0,21.0,373.2815458410718,5.003786951675283,High
2024-03-11 23:50:00,40.69591893981037,-73.85451043207294,86.0,61.023314922075926,55.18859285903729,Green,Snow,0.0,0.0622617727827137,7.0,16.0,122.75460554488863,10.212077051706824,Medium
2024-03-11 23:55:00,40.62813060034771,-73.84068589703061,144.0,22.913123577393662,74.76219320267008,Green,Fog,0.0,0.4868810940404591,97.0,6.0,80.76065045449704,23.87846064888373,Medium
2024-03-12 00:00:00,40.89588579877024,-73.94815070616096,182.0,27.722792981612823,54.226416832576504,Green,Clear,0.0,0.0400443375547023,20.0,17.0,417.18745828995645,27.560587867292092,Medium
2024-03-12 00:05:00,40.78572971838432,-73.91941861453047,284.0,49.493633670395525,16.378273741986014,Red,Fog,0.0,0.9888529051496756,88.0,36.0,212.47687129805817,16.778489366601722,High
2024-03-12 00:10:00,40.631486853655346,-73.8691534149279,118.0,45.53800530393257,25.570603856314445,Green,Rain,0.0,0.8563912381348766,50.0,28.0,170.46468260531822,8.862311407340233,Medium
2024-03-12 00:15:00,40.64191627269904,-73.8055053451951,232.0,11.763713765820938,83.2435010259774,Green,Fog,0.0,-0.5544091833230769,69.0,1.0,171.7855531857702,23.565564774560027,High
2024-03-12 00:20:00,40.62119753868841,-73.8241175856373,64.0,10.002717241723436,50.10229291594051,Red,Snow,0.0,-0.674679223056357,75.0,33.0,86.96450245473827,23.07042129214614,High
2024-03-12 00:25:00,40.61646328835999,-73.79353915156085,293.0,9.808083971524024,56.45666199400706,Green,Fog,1.0,0.33898692323893,12.0,,224.81409085492177,23.047052576361235,High
2024-03-12 00:30:00,40.77317138286207,-73.78584489021321,162.0,25.542126080555978,22.473933992043655,Red,Snow,0.0,-0.0694884433665368,74.0,37.0,421.7045133484063,18.618253642971975,Medium
2024-03-12 00:35:00,40.79564885375846,-73.86514123935518,113.0,65.69439190842732,80.62829390903875,Yellow,Clear,0.0,0.9658117620635064,93.0,43.0,77.0036613578848,28.914559457734008,High
2024-03-12 00:40:00,40.841978445278826,-73.91651805114356,99.0,68.18893403838567,23.39802117972532,Green,Fog,0.0,0.3765529855513301,97.0,29.0,426.8316354394984,27.552777766176465,Low
2024-03-12 00:45:00,40.78498331331833,-73.7626843902449,206.0,,92.36751891649196,Green,Rain,0.0,-0.2039913515423299,9.0,46.0,112.59154784771076,10.678724052821554,High
2024-03-12 00:50:00,40.810412886123025,-73.82522562116357,228.0,14.788368148734357,80.0272407386064,Red,Snow,0.0,-0.7911426322015245,37.0,2.0,161.97643005116828,10.62374611172243,High
2024-03-12 00:55:00,40.8109558832235,-73.90107901894426,48.0,63.91290338490072,17.650228627615668,Red,Clear,1.0,-0.7844846519395412,71.0,2.0,226.99588710990395,7.547076490625338,High
2024-03-12 01:00:00,40.89453287989174,-73.72468450932381,292.0,37.97468876201216,88.24326726648796,Red,Fog,0.0,0.2500809522876397,89.0,14.0,129.6601555303683,21.263795122298635,High
2024-03-12 01:05:00,40.6092751909405,-73.94810121700115,54.0,66.94604046605521,78.07867764295915,Yellow,Fog,0.0,0.8900505613915768,65.0,21.0,64.9471470794677,25.144337511350084,Medium
2024-03-12 01:10:00,40.7489104912729,-73.82023191032245,270.0,61.08316733490978,35.69730124564399,Red,Fog,0.0,-0.6120985766528988,89.0,16.0,237.06560574750904,24.45058006823196,High
2024-03-12 01:15:00,40.82647705095521,-73.98646063080733,41.0,64.21976991213019,46.37079782988437,Yellow,Rain,0.0,0.3964045259434374,26.0,34.0,367.9889363018062,29.35991053717154,Low
2024-03-12 01:20:00,40.801463521223624,-73.91097328451414,168.0,51.33143340418028,64.57640167464066,Yellow,Snow,0.0,0.537854960087087,1.0,3.0,463.4271991555051,28.210793334126564,Medium
2024-03-12 01:25:00,40.61941744066066,-73.99913974846055,104.0,40.05444793855868,29.26545135516503,Yellow,Snow,0.0,0.200877574968926,35.0,44.0,123.47132062535202,11.002009153368,Medium
2024-03-12 01:30:00,40.84301037069541,-73.94930283840296,80.0,29.40883514765705,98.43727056491537,Green,Rain,0.0,0.9148091286467628,16.0,12.0,76.41297954401068,7.177602384438748,High
2024-03-12 01:35:00,40.76094601520714,-73.72386449400913,,19.537942488725516,64.7142540446221,Red,Fog,0.0,0.0705252283364066,34.0,21.0,219.3586381937229,25.39112447418219,High
2024-03-12 01:40:00,40.76454482328846,-73.91665795100398,190.0,77.71864147462196,16.663494241223304,Yellow,Clear,0.0,0.9839371885158033,83.0,25.0,405.3532844328483,14.78687547464974,Medium
2024-03-12 01:45:00,40.69908604428048,-73.75917921504873,252.0,66.19783551142888,35.76897030346924,Red,Snow,0.0,-0.1154787526406662,5.0,36.0,374.4740721986833,14.515912317654834,High
2024-03-12 01:50:00,40.771163381877805,-73.83082007424774,46.0,30.70713176672727,39.72453216056413,Red,Rain,0.0,0.3972331001464184,31.0,33.0,183.33438258063347,12.875093290241676,Medium
2024-03-12 01:55:00,40.816204088652,-73.95533026019392,226.0,13.512777330643637,74.91586396099825,Yellow,Fog,0.0,-0.1244602322573216,23.0,41.0,366.7604192752738,29.94756924218634,High
2024-03-12 02:00:00,40.7039974666919,-73.95984456840925,173.0,66.94340287028605,31.757219239076893,Yellow,Fog,0.0,-0.4876247905662814,99.0,12.0,137.61936019117394,17.012551521786047,Medium
2024-03-12 02:05:00,40.76825587640219,-73.80266512729995,159.0,74.07525421602972,87.52689082032664,Green,Rain,0.0,0.672930440112897,33.0,7.0,204.42616886761823,20.43465316318171,High
2024-03-12 02:10:00,40.68019213177255,-73.9074084664624,114.0,48.36813675080758,95.17984717489036,Green,Clear,0.0,-0.793092469201274,50.0,26.0,124.01691694959412,8.968182111148515,High
2024-03-12 02:15:00,40.852435959694226,-73.84981459806012,175.0,17.274569093908653,97.4627352334494,Green,Rain,0.0,0.3054765299382027,48.0,32.0,404.5714805193341,9.530708911579048,High
2024-03-12 02:20:00,40.724781422570864,-73.81757258928523,242.0,19.859648785586035,89.09181829092913,Red,Snow,0.0,-0.4895335276101462,11.0,9.0,237.97300672592823,18.81295486219776,High
2024-03-12 02:25:00,40.68388881631176,-73.80933980776271,179.0,28.08317161465195,45.41980080190887,Green,Snow,0.0,0.8172621472087196,73.0,37.0,104.79638378759633,21.09381365567952,Medium
2024-03-12 02:30:00,40.68737759064789,-73.77590423064015,116.0,47.06340463927383,92.0918968246663,Green,Fog,0.0,0.471714553309942,37.0,0.0,368.11260208196023,16.23927158956446,High
2024-03-12 02:35:00,40.83356516049488,-73.91723511531335,99.0,34.4162866813571,70.40148695673241,Red,Clear,0.0,0.5200478222373379,58.0,14.0,203.01547382033849,22.786853053995955,Medium
2024-03-12 02:40:00,40.671360843809275,-73.71467965899956,122.0,55.99119983417821,74.42104834621597,Red,Fog,0.0,-0.573481047557193,47.0,34.0,499.72670239823736,,Medium
2024-03-12 02:45:00,40.62407507883551,-73.97379255159265,76.0,76.42174617375021,64.20235638519826,Red,Fog,1.0,-0.4957592156135064,53.0,48.0,284.052051178531,7.914593353727485,High
2024-03-12 02:50:00,40.74076986334773,-73.88494895590466,107.0,53.02598615330695,31.49378577523378,Red,Rain,0.0,0.489041438561401,62.0,32.0,318.44865238071515,23.02844514472504,Medium
2024-03-12 02:55:00,40.846055624676474,-73.85278489947606,141.0,50.15933040247687,92.45234266393732,Green,Rain,0.0,0.4936745860705331,1.0,23.0,205.8085685608353,6.202153681581288,High
2024-03-12 03:00:00,40.82928616183676,-73.81620388095557,285.0,30.289470323587672,73.89291948111375,Green,Fog,0.0,0.0768276294481651,93.0,38.0,422.7474908353076,23.60914264573271,High
2024-03-12 03:05:00,40.838073849709474,-73.80991647703445,237.0,11.954517967787712,75.70939371548499,Green,Rain,0.0,0.5689475968429907,75.0,,391.30664058093623,12.863132541499096,High
2024-03-12 03:10:00,40.6294099278296,-73.7265983630312,232.0,7.951208703034186,50.15959675112914,Red,Clear,1.0,0.7844456359521024,71.0,40.0,178.0132459742837,27.966720172919747,High
2024-03-12 03:15:00,40.70203701940993,-73.98623134407886,295.0,54.48378612561772,88.15444035221519,Green,Snow,0.0,-0.0238835512608042,5.0,38.0,333.8060188034965,8.484010643783225,High
2024-03-12 03:20:00,40.69222828014824,-73.88874420474494,179.0,33.18456049228711,10.60686984089118,Yellow,Fog,0.0,0.1902617823891021,25.0,10.0,459.956879529465,17.812800956294247,Medium
2024-03-12 03:25:00,40.668832559670285,-73.84381457674135,110.0,29.531562978371284,21.458306065429735,Green,Snow,0.0,0.0212148818893751,85.0,38.0,361.37410033617726,16.155770167894254,Medium
2024-03-12 03:30:00,40.69710191315841,-73.75367837298876,191.0,45.45128086593756,40.36784920260678,Red,Fog,0.0,-0.0358589218303497,47.0,40.0,281.32048091285856,16.398846017189005,Medium
2024-03-12 03:35:00,40.86617514985022,-73.83860756568322,10.0,15.984368631629357,55.3325417511939,Yellow,Snow,0.0,0.1785141163604873,1.0,8.0,132.79366765272405,17.651378817795205,High
2024-03-12 03:40:00,40.87626759617638,-73.82064871880225,53.0,47.737246385375904,26.148218087501792,Red,Clear,0.0,0.8176878878246117,32.0,22.0,142.06108101502525,6.541922621227782,Low
2024-03-12 03:45:00,40.75864538068257,-73.9037454352744,68.0,18.10045081334537,10.765698784536252,Yellow,Clear,0.0,-0.1727432069711765,68.0,44.0,453.92718589983184,6.945289587781851,High
2024-03-12 03:50:00,40.84489268432797,-73.8535882870335,157.0,43.788900153187015,50.20487340839535,Red,Rain,0.0,-0.0211272747091577,56.0,47.0,267.93715695599997,7.890763139978003,Medium
2024-03-12 03:55:00,40.81066235117184,-73.7823002259444,174.0,14.795325955515349,45.51616734736087,Yellow,Rain,0.0,-0.1963074930808235,88.0,47.0,422.4065323763437,7.0416637494469985,High
2024-03-12 04:00:00,40.61980855254138,-73.73256223319206,136.0,31.143880358443983,19.32062495683251,Red,Clear,0.0,0.2741472782861098,32.0,29.0,488.7510008331554,13.496884366082618,Medium
2024-03-12 04:05:00,40.84704859544379,-73.91764372054853,242.0,35.33714822628731,14.237978462753327,Yellow,Rain,0.0,0.1907363181672565,65.0,16.0,244.43382632835736,11.5620724303486,High
2024-03-12 04:10:00,40.89054894202969,-73.80266597013413,132.0,10.193212448908652,57.854228727808525,Green,Clear,0.0,0.5701587989477979,77.0,24.0,71.37188090777309,9.190763412268003,High
2024-03-12 04:15:00,40.752955240587,-73.83077080352861,221.0,26.978053129814505,31.90203618328271,Red,Fog,0.0,-0.3022031338961812,5.0,5.0,148.61581941487185,15.335473656652876,High
2024-03-12 04:20:00,40.69493126280949,-73.739521021208,216.0,29.056115885406992,19.94785608634478,Green,Clear,0.0,-0.7887756798414636,18.0,9.0,150.5633163261387,10.737185203969831,High
2024-03-12 04:25:00,40.78549523021222,-73.70781682827035,29.0,56.01734057351662,22.527251720866204,Yellow,Clear,0.0,0.7679111541204817,32.0,16.0,227.97223537467153,12.92016066566959,Low
2024-03-12 04:30:00,40.60321077256916,-73.85994150933787,84.0,57.860504013884494,27.600698980983935,Green,Fog,0.0,0.7989625569576984,37.0,48.0,194.9509354627791,18.63020143612472,Low
2024-03-12 04:35:00,40.88545963902343,-73.96638659248741,183.0,,18.79844752809071,Green,Clear,0.0,0.9654230830396304,75.0,6.0,132.42939860871857,20.97381947647518,High
2024-03-12 04:40:00,40.85250205591992,-73.87912198033243,47.0,69.10332376927161,70.99159228299592,Green,Clear,1.0,0.9481006730634004,1.0,36.0,284.83907180826793,11.097966029571197,High
2024-03-12 04:45:00,40.797619689161706,-73.83239570032264,258.0,54.19591970457533,42.10235693073477,Yellow,Clear,0.0,-0.8147031226279715,23.0,9.0,398.4635537240813,9.438458095697678,High
2024-03-12 04:50:00,40.69616401041832,-73.86225948996365,162.0,31.239609794492484,82.42754748412337,Red,Rain,0.0,0.2621759742918883,89.0,14.0,489.7275210818338,12.509383910775924,High
2024-03-12 04:55:00,40.73724305783487,-73.74814240697862,233.0,74.04374074985394,31.53208225611668,Yellow,Rain,0.0,-0.4933489771487969,17.0,20.0,450.8223189351807,18.257056355558245,High
2024-03-12 05:00:00,40.80483107346762,-73.90680201314824,174.0,69.19908874627825,93.5231891779934,Green,Snow,0.0,0.984827459274472,2.0,14.0,358.94774579391714,13.493545341809869,High
2024-03-12 05:05:00,40.765923441277465,-73.72112848653873,157.0,35.92222222744808,39.38743153296109,Green,Clear,0.0,-0.9963869768894108,31.0,14.0,65.7387938592739,22.9705265686119,Medium
2024-03-12 05:10:00,40.724269588960816,-73.83374485367598,21.0,75.89008350656414,25.06878185889391,Green,Clear,0.0,-0.8586318395868808,40.0,2.0,477.1262537319246,9.79171789544353,Low
2024-03-12 05:15:00,40.67679250567289,-73.72916070066786,215.0,64.8825769511808,19.34239423263361,Yellow,Fog,0.0,-0.2781243716030532,28.0,44.0,156.47277687986372,14.820761003720689,High
2024-03-12 05:20:00,40.70029479961797,-73.98385840060777,228.0,44.79084235102779,99.62509235032842,Yellow,Snow,0.0,-0.8635163879879599,94.0,4.0,81.79583597169344,15.733082648049164,High
2024-03-12 05:25:00,40.78836959848595,-73.92243330601097,61.0,43.80497073564461,62.99321919083655,Yellow,Clear,0.0,-0.7121931842546778,87.0,32.0,273.1599061249231,24.000039335334495,Medium
2024-03-12 05:30:00,40.61404061070702,-73.8736085721991,192.0,62.19834077070243,47.34440593792617,Yellow,Rain,0.0,-0.7170345095740955,7.0,29.0,491.1892032390343,6.65636490268054,Medium
2024-03-12 05:35:00,40.89826670806836,-73.77398383222207,235.0,10.843104259042583,22.748782530266357,Red,Clear,0.0,-0.7310246011640502,85.0,29.0,66.20716326080164,15.90559395887864,High
2024-03-12 05:40:00,40.72018849097813,-73.70379210971166,180.0,25.78197200514085,52.33422701767231,Red,Fog,0.0,0.4296407390308845,39.0,2.0,217.2150902069166,20.19164662856736,Medium
2024-03-12 05:45:00,40.70292595587997,-73.956936887295,112.0,66.82998017954789,95.48886050186596,Yellow,Fog,,-0.2427939588371006,2.0,7.0,329.2495264109138,7.794661622309377,High
2024-03-12 05:50:00,40.775067532106966,-73.82532195475375,237.0,10.39164676312924,43.950815599073856,Green,Clear,0.0,0.3531472219997813,3.0,0.0,471.4388187447289,16.757555754602457,High
2024-03-12 05:55:00,40.63418479124518,-73.95847163562925,209.0,39.85217621364795,28.213661281208804,Green,Clear,0.0,-0.7122655339937789,3.0,31.0,305.0151578570228,27.8090881166374,High
2024-03-12 06:00:00,40.768202510045505,-73.78708401549434,53.0,60.88261538890009,10.076555552325791,Green,Snow,0.0,-0.7204596642540559,60.0,35.0,154.3222001990074,28.8494438909028,Low
2024-03-12 06:05:00,40.738263856152905,-73.96896919558819,15.0,59.53223956235154,42.671799107807544,Yellow,Snow,0.0,0.7486378788424701,84.0,29.0,253.4589263265847,13.792623769892376,Low
2024-03-12 06:10:00,40.897189887669384,-73.76256763508793,256.0,50.97284676309109,72.28141801414827,Yellow,Clear,1.0,-0.8478945022335833,52.0,1.0,455.6435402360094,24.02900204565062,High
2024-03-12 06:15:00,40.74777434722819,-73.83481968217393,14.0,41.57232623642337,31.821408516698536,Yellow,Rain,1.0,-0.2150119385966917,11.0,25.0,220.20959811221215,8.840080500971045,High
2024-03-12 06:20:00,40.63807392697705,-73.89387244680135,257.0,25.24753662023786,44.35636359560185,Red,Rain,1.0,0.3963128488898833,51.0,25.0,354.32324634246584,15.350523914092484,High
2024-03-12 06:25:00,40.64917830046676,-73.95414963838627,290.0,16.65774882006874,86.67596016268702,Yellow,Rain,0.0,0.7189087947562518,67.0,39.0,379.8168138821135,8.448744079902013,High
2024-03-12 06:30:00,40.61226828125638,-73.75375594425,147.0,49.40426065655717,22.640311743030452,Red,Snow,0.0,0.7041383826531065,99.0,45.0,286.9728780191699,17.81544942393321,Medium
2024-03-12 06:35:00,40.820535568306184,-73.73924176120731,163.0,40.81725606272249,73.09491978976098,Red,Rain,0.0,0.9346161601870976,61.0,26.0,275.8498641030478,28.73862618291333,Medium
2024-03-12 06:40:00,40.773584172383536,-73.79638454169167,202.0,65.89921033830998,59.71804261328704,Yellow,Snow,0.0,0.6212750522912811,29.0,43.0,376.52144997338894,7.081191787016634,High
2024-03-12 06:45:00,40.66308054856078,-73.70604563331348,68.0,22.493533284239028,22.30080149909245,Yellow,Snow,0.0,0.6849543597154306,58.0,12.0,175.585679842735,26.24401731095706,Medium
2024-03-12 06:50:00,40.765484167489525,-73.813730012621,131.0,44.22591982392186,67.69796785960786,Green,Clear,0.0,0.1433886876191652,67.0,8.0,371.7184475622613,20.11234713538181,Medium
2024-03-12 06:55:00,40.74880355393822,-73.76222790714752,273.0,69.32338659685495,17.770511214241182,Green,Snow,0.0,-0.742982736305333,47.0,41.0,487.1099332582495,12.916701514276564,High
2024-03-12 07:00:00,40.6248863168807,-73.97465540976114,88.0,38.25218220016883,61.16947369498851,Green,Rain,0.0,-0.6200607656672241,2.0,18.0,307.9737299593047,8.642491377311678,Medium
2024-03-12 07:05:00,40.79190513622531,-73.89767761870932,170.0,52.027055002545126,21.883441221302544,Green,Rain,0.0,-0.9098872551682392,72.0,0.0,436.3799975094931,17.607865540680535,Medium
2024-03-12 07:10:00,40.89249488797648,-73.86920574452233,45.0,32.08284470598774,58.15268207572066,Green,Clear,0.0,0.4157973413708016,2.0,0.0,481.24241902128966,25.008801840158235,Medium
2024-03-12 07:15:00,40.64165302090445,-73.71173994894075,292.0,21.93907141257136,85.12957209546141,Red,Snow,0.0,-0.7667194124840504,1.0,10.0,310.80547385802214,26.036609974948256,High
2024-03-12 07:20:00,40.884846274338926,-73.79513130241736,196.0,16.084645694433284,15.359592946022849,Red,Clear,0.0,-0.3429653996108519,69.0,0.0,481.6564374608971,14.99701807831055,High
2024-03-12 07:25:00,40.85933444793626,-73.99145498118595,45.0,64.8889475061053,20.57934136992096,Yellow,Clear,0.0,-0.0103116645013605,48.0,0.0,374.3096152266942,18.84084477174896,Low
2024-03-12 07:30:00,40.61881284238399,-73.79626981418477,200.0,46.298324176013544,37.15949166572791,Red,Rain,,0.4432301794002062,67.0,36.0,169.0658290634969,20.020958898451816,Medium
2024-03-12 07:35:00,40.8063809291146,-73.8198272139964,247.0,64.17975541151776,57.19337063757058,Yellow,,0.0,-0.9648494975256314,68.0,4.0,456.1592272853744,5.70885692251009,High
2024-03-12 07:40:00,40.7033254499915,-73.81233914972164,156.0,21.830329649984417,75.9332756698344,Green,Snow,0.0,0.874060036455073,78.0,33.0,337.89857846156656,25.762204696425854,Medium
2024-03-12 07:45:00,40.758343470744165,-73.74346435856623,124.0,27.812583003213287,26.338170848860788,Green,Clear,0.0,0.2774265462945431,81.0,5.0,265.21341057639404,24.07786141558617,Medium
2024-03-12 07:50:00,40.787032254130494,-73.98229953440958,203.0,17.6210325289832,77.29649402347765,Red,Clear,0.0,0.1728497145504524,17.0,48.0,,9.016844132761594,High
2024-03-12 07:55:00,40.8945733664719,-73.8840818238952,198.0,27.192751940512156,95.02508318247652,Yellow,Snow,0.0,-0.2741832038221627,44.0,2.0,454.9693635469727,8.557435436234554,High
2024-03-12 08:00:00,40.76338132925481,-73.89335415423831,129.0,26.96795134374121,74.50876634753772,Green,Snow,0.0,-0.8110686655513801,67.0,11.0,449.3147292301909,29.98124878745578,Medium
2024-03-12 08:05:00,40.61366822340401,-73.9357603239671,117.0,28.113902063175036,98.56703945533242,Red,Rain,0.0,0.067293670158824,90.0,49.0,486.9719050955981,15.386150128969938,High
2024-03-12 08:10:00,40.60485990742153,-73.808782128968,246.0,17.3930897568804,56.00014882199382,Green,Clear,1.0,-0.4024333917645253,50.0,33.0,86.67187331415022,27.089603955561454,High
2024-03-12 08:15:00,40.660725132433505,-73.83505424743069,19.0,9.57642529301768,25.64153808484812,Green,Rain,0.0,-0.9596723753798684,37.0,41.0,212.5170519687005,26.32672868997102,High
2024-03-12 08:20:00,40.83062884796468,-73.99960279203064,104.0,43.154387716590755,11.819124369287016,Green,Snow,1.0,-0.875624390703903,71.0,47.0,73.14229433241897,29.89551401069208,High
2024-03-12 08:25:00,40.871931714452415,-73.90038206364683,30.0,39.366746263087,47.90168945545962,Green,Clear,0.0,0.5842972202825993,59.0,28.0,404.14109073474856,23.056747560678925,Medium
2024-03-12 08:30:00,40.722681857805696,-73.95810797033924,206.0,11.92883010089318,85.67924672138174,Red,Rain,0.0,0.9733076852692232,79.0,17.0,142.08396149902757,12.060981923919565,High
2024-03-12 08:35:00,40.78064260386912,-73.7145790809934,295.0,78.81921316795683,22.247189247609175,Yellow,Snow,0.0,-0.9196944847422932,38.0,18.0,214.7350054051696,10.88756113755473,High
2024-03-12 08:40:00,40.62611509554135,-73.81399641956901,59.0,61.30203990613265,47.365416412581695,Red,Snow,0.0,0.7337724528730747,29.0,6.0,437.72352846132264,17.266502485282334,Low
2024-03-12 08:45:00,40.88162846751407,-73.86586902970207,110.0,59.58560921995699,90.63202815364224,Red,Fog,1.0,0.6394807203309487,24.0,34.0,403.9008750873061,5.2253714682318,High
2024-03-12 08:50:00,40.78305415035176,-73.76912577241163,29.0,41.7738175180519,56.74098200497899,Yellow,Rain,0.0,0.5624529810683228,50.0,34.0,104.10218381044598,29.971797211314765,Medium
2024-03-12 08:55:00,40.7320816298834,-73.78121008318149,201.0,12.075718417863694,96.82920605731216,Red,Rain,0.0,0.7755189454954052,26.0,37.0,488.66859449551424,27.024214743781968,High
2024-03-12 09:00:00,40.65033614863016,-73.96449675855176,112.0,34.10704073846159,86.57435828128585,Red,Rain,0.0,0.870416633566433,3.0,9.0,257.12811984058317,14.599889770632306,High
2024-03-12 09:05:00,40.71518015897449,-73.70505969394618,94.0,14.124323392156326,82.41953716579452,Green,Rain,0.0,0.7414412789319411,31.0,16.0,499.0626454420562,11.967475494617966,High
2024-03-12 09:10:00,40.77640130770607,-73.70659933640516,21.0,43.58418839264032,45.858329336446864,Green,Snow,1.0,0.966543049704398,81.0,36.0,381.8670213341517,13.629426417382469,High
2024-03-12 09:15:00,40.60660052072838,-73.72749177501471,131.0,31.55861732093248,33.19822418978936,Yellow,Fog,1.0,-0.2154419995549901,57.0,18.0,219.95760438093825,29.3682749030364,High
2024-03-12 09:20:00,40.69293559693874,-73.9475517013609,235.0,24.975148491513306,61.11952584466696,Yellow,Fog,0.0,0.1189460339156511,36.0,40.0,245.36995281857187,28.087832257885218,High
2024-03-12 09:25:00,40.67739508832835,-73.7660225027409,35.0,9.65413364642639,78.52144803655682,Red,Rain,0.0,0.5080765579416795,92.0,48.0,226.11903358461137,10.902702757296112,High
2024-03-12 09:30:00,40.82558372270856,-73.94257980860735,75.0,37.4498509006686,86.01090009435036,Green,Fog,0.0,0.7326360075717175,76.0,6.0,220.96350179331824,10.160116256707331,High
2024-03-12 09:35:00,40.78150516538566,-73.94593682578359,116.0,24.22780177947157,95.96382122375466,Red,Fog,0.0,0.4098379166030612,66.0,1.0,253.0973220900875,8.00978377192909,High
2024-03-12 09:40:00,40.88391047374055,-73.7247654247384,177.0,11.048563140849073,15.596805851320036,Red,Rain,0.0,-0.9034748708327676,28.0,37.0,404.4211747792144,21.310717681008516,High
2024-03-12 09:45:00,40.888735129134744,-73.76695419757436,144.0,27.451450104811062,10.9023402825533,Red,Fog,0.0,0.4590065665750409,42.0,13.0,401.8754188938207,20.502736540110035,Medium
2024-03-12 09:50:00,40.82094099472817,-73.88854789907666,48.0,71.2823078453116,98.9874823964453,Yellow,Rain,0.0,-0.2732441911780154,28.0,16.0,477.796056908625,5.988338927192653,High
2024-03-12 09:55:00,,-73.80667321016112,11.0,66.65639427336447,61.11192340000154,Green,Rain,0.0,-0.3764726491455565,21.0,49.0,358.94746157142697,12.739608770232806,Medium
2024-03-12 10:00:00,40.795318655791824,-73.77125560294954,286.0,57.8461001977083,41.410202186418466,Green,Clear,0.0,0.7600557917856385,60.0,22.0,229.4243606836176,19.919640548494492,High
2024-03-12 10:05:00,40.77244442193519,-73.94929542580529,255.0,78.49445421148755,41.58873348423512,Green,Fog,0.0,0.1628811557500729,51.0,16.0,189.8481781414039,16.25036159066314,High
2024-03-12 10:10:00,40.84325981222917,-73.94722625185346,210.0,55.28518933562717,82.87476966208548,Green,Rain,0.0,-0.880068392494805,73.0,46.0,497.4540098577792,29.54126474538911,High
2024-03-12 10:15:00,40.61644965571271,-73.75251977751431,158.0,72.23821967924016,84.30974871075134,Red,Snow,1.0,-0.6751792326390547,63.0,40.0,279.3981895880137,24.18172638042087,High
2024-03-12 10:20:00,40.721903775483845,-73.71022291399218,192.0,24.016178635880923,10.375193333095613,Yellow,Snow,1.0,0.7561751328642403,30.0,22.0,222.9183675316941,20.633782598139064,High
2024-03-12 10:25:00,40.89450551386186,-73.96347707199419,293.0,27.661735252046913,88.06957356041553,Red,Clear,0.0,0.5943656657291054,13.0,41.0,78.46672205432911,20.82484022959338,High
2024-03-12 10:30:00,40.842572861814006,-73.82462623801358,206.0,45.038726779440346,63.940583662413935,Green,Clear,0.0,-0.0436713644543018,84.0,36.0,82.37969005389736,11.417798705820289,High
,40.79211092023412,-73.88031590648632,71.0,34.655589270585054,75.02148553099235,Green,Rain,0.0,-0.0270954701943046,48.0,21.0,416.0551477001461,24.47878975954881,Medium
2024-03-12 10:40:00,40.75547241674052,-73.70573293159234,283.0,35.564408684664514,84.77125449630256,Green,Clear,0.0,-0.9296087580298596,45.0,20.0,359.07275088490644,29.186394605699107,High
2024-03-12 10:45:00,40.79168049151357,-73.95813965927141,281.0,72.02874709685739,63.22222528936244,Green,Snow,0.0,-0.1117666085769282,20.0,42.0,313.6905264050181,7.396123293920891,High
2024-03-12 10:50:00,40.85795792800437,-73.98444444648727,62.0,48.05990303663649,87.71154455055796,Yellow,Snow,0.0,0.9934141464288384,4.0,19.0,172.09468656879537,20.733798331353324,High
2024-03-12 10:55:00,40.81490786897819,-73.75232373896449,125.0,70.8693666776309,98.1723596452716,Red,Rain,0.0,-0.6299773037963907,92.0,29.0,169.78218252430352,10.86198333532064,High
2024-03-12 11:00:00,40.719747928886875,-73.97052464060434,177.0,70.65440097996317,99.46957388700994,Green,Fog,0.0,-0.5687504752660166,62.0,48.0,295.6287477568628,23.46888430597465,High
2024-03-12 11:05:00,40.722952013012225,-73.88550719526943,221.0,73.28383533355158,41.060638644368574,Red,Snow,0.0,0.0723879088722734,64.0,7.0,349.0334557622079,27.69279120746662,High
2024-03-12 11:10:00,40.807330311588686,,31.0,20.2654290139879,12.918081456753164,Green,,0.0,-0.3242421632179564,86.0,4.0,257.85958077664395,14.38625222564962,Medium
2024-03-12 11:15:00,40.81115341365462,-73.81381928762777,13.0,12.134765775143428,,Red,Fog,0.0,-0.9573892669603044,66.0,1.0,357.2877230733639,8.52780758966749,High
2024-03-12 11:20:00,40.841391187156766,-73.82106208157194,,31.522968653556298,70.39484797921435,Green,Snow,0.0,0.0115257983582972,60.0,16.0,121.12783394465292,13.272585186476316,High
2024-03-12 11:25:00,40.732656507967306,-73.7432903652653,19.0,26.191345951010828,47.575375081473176,Green,Rain,0.0,-0.8454047581625908,33.0,24.0,97.55328148855024,5.919925412948613,Medium
2024-03-12 11:30:00,40.776921310769666,-73.71801442365924,44.0,10.787267353085197,96.3628275923828,Yellow,Fog,0.0,-0.7015798027590701,94.0,31.0,135.15424595457162,18.537793341765564,High
2024-03-12 11:35:00,40.723395705041405,-73.93971130917404,186.0,39.496071405950616,86.70193619406625,Green,Clear,0.0,0.4189049642325684,59.0,3.0,243.71736429183795,13.15899781291205,High
2024-03-12 11:40:00,40.7688680648123,-73.9998567641638,114.0,43.11150962279874,61.93290549642878,Red,Snow,0.0,-0.2131546074868116,98.0,,404.01719895881416,15.824353569544115,Medium
2024-03-12 11:45:00,40.75516535802237,-73.94004292184708,288.0,9.243586868198582,32.802653893138974,Yellow,Fog,0.0,-0.7147861372852549,34.0,27.0,248.05171872011633,20.665727916618145,High
2024-03-12 11:50:00,40.6253118626234,-73.84019998481428,246.0,70.0799875691797,24.57269302421891,Green,Rain,0.0,-0.3109377119628254,90.0,32.0,71.93488244315881,20.76781696141811,High
2024-03-12 11:55:00,40.79864568569832,-73.92628683742917,219.0,13.768998906852346,67.77864884695003,Red,Rain,0.0,0.1580652097627786,93.0,15.0,231.54907434757752,28.35636598059686,High
2024-03-12 12:00:00,40.726241489845826,-73.82050179974675,235.0,79.03790101225724,84.2168608602399,Red,Fog,1.0,-0.5561766850417909,73.0,24.0,442.1455850550456,7.181320745502707,High
2024-03-12 12:05:00,40.60699833800635,-73.79688920394827,233.0,10.007156513758016,80.54283194473084,Red,Snow,0.0,0.6072974691014215,34.0,32.0,369.0772463889607,5.875531022780737,High
2024-03-12 12:10:00,40.81915906182229,-73.95284070186312,98.0,76.11124456707881,22.408630309836177,Yellow,Snow,1.0,-0.8552189176078149,57.0,2.0,341.1495724480023,8.306608340359436,High
2024-03-12 12:15:00,40.89326485497345,-73.70161465912332,102.0,15.275013949175364,69.65197114607497,Yellow,Fog,0.0,0.524105493456382,74.0,,477.31651354026553,28.002757591766063,High
2024-03-12 12:20:00,40.76180410839456,-73.71158252863492,230.0,10.883257999465265,16.12140325021808,Green,Fog,0.0,-0.2676319271818275,78.0,36.0,484.3751971297699,6.257779053835045,High
2024-03-12 12:25:00,,-73.73853217201093,165.0,15.093328759537126,71.37696211959923,Red,Snow,1.0,-0.9815032710096,15.0,17.0,382.3104000473391,11.18850423160345,High
2024-03-12 12:30:00,40.84132439939001,-73.82125020643706,206.0,33.77479853533603,11.768498206536398,Yellow,Rain,0.0,0.4367718936839189,54.0,11.0,443.93455215134543,18.682219586867745,High
2024-03-12 12:35:00,40.78198922370545,-73.83606551541148,142.0,74.7356475960151,76.71631365744302,Yellow,Rain,1.0,0.911456370369368,26.0,10.0,241.82492821887257,11.02060211884012,High
2024-03-12 12:40:00,40.86933493073872,-73.9330389867726,18.0,15.490372577630932,24.887599069569887,Red,Clear,0.0,-0.6894336392753722,66.0,23.0,386.6970272538745,6.2784646154545865,High
2024-03-12 12:45:00,40.81302651457117,-73.74401060405187,140.0,17.88947524631082,65.11486815447796,Yellow,Clear,0.0,0.381788425029852,97.0,22.0,479.6777932882247,29.198016523348905,High
2024-03-12 12:50:00,40.63304483099703,-73.85949301637936,89.0,8.961123503393774,75.54280633605882,Yellow,Snow,0.0,0.4768421078529556,28.0,6.0,300.519962119743,6.517265331168166,High
2024-03-12 12:55:00,40.73628214876736,-73.80941378533383,73.0,28.946444739084153,65.41001101582728,Green,Clear,0.0,-0.3444407890983043,56.0,43.0,336.48971420157096,10.73340181528424,Medium
2024-03-12 13:00:00,40.63878871932539,-73.88816951119657,26.0,65.76596715101674,26.7706069191738,Green,Snow,0.0,0.8783267851530436,15.0,48.0,457.7475985582542,19.16783178401999,Low
2024-03-12 13:05:00,40.60531473391517,-73.9888385771266,111.0,5.4910037653235975,29.7030751197031,Red,Clear,0.0,0.0182560993800071,18.0,0.0,484.143701148429,24.370238993143108,High
2024-03-12 13:10:00,40.8156523721555,-73.78637389168402,185.0,14.060408314271562,12.751423983630922,Green,Fog,0.0,-0.0132411513949128,32.0,45.0,174.46657849300465,19.381456553272407,High
2024-03-12 13:15:00,40.79884387804372,-73.8981767958386,267.0,57.10085626353998,59.804638284007865,Green,Snow,0.0,-0.3465487441270491,5.0,14.0,312.6378321983909,9.655658665936365,High
2024-03-12 13:20:00,40.7844586075764,-73.8035549461037,126.0,36.169080210542134,11.707833101352366,Green,Fog,0.0,-0.7786446196623875,26.0,19.0,300.3958992891369,19.774460942646705,Medium
2024-03-12 13:25:00,40.71666663747376,-73.88491489591414,281.0,8.808344893451673,84.91732249929545,Green,Rain,1.0,-0.654120099358291,32.0,14.0,148.10437857958556,15.85289243726116,High
2024-03-12 13:30:00,40.7200458438549,-73.84166940985652,144.0,45.66517893221482,57.6743667441177,Green,Snow,0.0,0.5445840009648304,83.0,11.0,105.30724922944944,27.26463601506677,Medium
2024-03-12 13:35:00,40.76666621641515,-73.77591077917211,279.0,16.569982755409484,14.00974842941172,Yellow,Clear,0.0,-0.661710342505391,48.0,48.0,498.8559652056304,5.144621665737102,High
2024-03-12 13:40:00,40.796873011251385,-73.78906592483891,241.0,50.12610991122197,51.92572196055124,Green,Rain,0.0,0.3822379287187221,51.0,27.0,335.5642820460288,15.67406982087194,High
2024-03-12 13:45:00,40.66548350219699,-73.91979434211734,209.0,75.52887994519315,94.27880707979448,Yellow,Fog,0.0,0.5404023041637107,87.0,37.0,491.3448077121285,7.373351324748871,High
2024-03-12 13:50:00,40.62125725577283,-73.99955954316263,182.0,56.927581557915126,31.14965707562235,Yellow,Rain,0.0,0.0479592012218976,9.0,12.0,267.6569654646272,11.018583594920552,Medium
2024-03-12 13:55:00,40.88502817493319,-73.91569571238045,184.0,21.120854131414053,87.83202236959839,Red,Clear,0.0,0.759920759727126,62.0,0.0,116.69263452204316,5.69629272902266,High
2024-03-12 14:00:00,40.61697980728689,-73.7655583684913,114.0,78.79213816682088,37.617848178195416,Green,Fog,0.0,,13.0,41.0,219.46212545647492,17.97468629873788,Medium
2024-03-12 14:05:00,40.88875668951774,-73.70711676525849,127.0,28.14573521336214,41.50731211197467,Green,Snow,1.0,-0.9060422216400484,94.0,26.0,306.4566295417031,25.56207878362451,High
2024-03-12 14:10:00,40.85952080641649,-73.92357934181884,50.0,41.16584965432612,88.99156476185892,Green,Fog,0.0,-0.7148285714716351,36.0,17.0,253.37202492427625,15.426142722263789,High
2024-03-12 14:15:00,40.658666326187266,-73.70527647289006,113.0,66.73074835700744,31.533998184911088,Red,Rain,0.0,0.5454409129845794,16.0,11.0,400.4398018226424,16.52731996316369,Medium
2024-03-12 14:20:00,40.650071350237226,-73.81183704117575,33.0,61.73604336145674,14.679535967183773,Yellow,Fog,0.0,-0.6194439262009548,24.0,16.0,124.69889183157444,20.088047748172073,Low
2024-03-12 14:25:00,40.82656473086787,-73.75534573997294,193.0,62.68429051675607,35.028818470088964,Red,Rain,0.0,0.3218487167535091,67.0,25.0,373.1050838540013,9.35605719446299,Medium
2024-03-12 14:30:00,40.67726173841941,-73.87320108816628,62.0,31.50361251359948,15.153525895013122,Red,Snow,0.0,0.1511716035887749,53.0,31.0,230.65881103100108,25.442907474478012,Medium
2024-03-12 14:35:00,40.893496140671715,-73.84773737452234,37.0,76.44144984474667,54.868620447991965,Red,Fog,0.0,0.7426466874376878,35.0,36.0,349.09701906926875,10.22971166514298,Medium
2024-03-12 14:40:00,40.789710773201385,-73.92397718719567,,75.23345078923182,40.97126998564376,Green,Clear,0.0,-0.5628748560348886,9.0,16.0,286.64843441505354,9.370331893966195,High
2024-03-12 14:45:00,40.638418798943015,-73.84020755521355,143.0,23.77790970034284,93.03253032210482,Yellow,Fog,0.0,-0.1102773566051049,45.0,20.0,376.8147459063091,17.964399886020118,High
2024-03-12 14:50:00,40.79715491273822,-73.8142814770471,223.0,53.63254765587189,15.760014200985424,Green,Rain,0.0,0.1803685059744337,34.0,4.0,424.44747873551427,17.92742940486351,High
2024-03-12 14:55:00,40.85540838452593,-73.84302137133137,162.0,25.834707574268307,21.01042714089113,Yellow,Rain,1.0,0.5998365093586691,77.0,38.0,280.3813163090838,12.623018691447175,High
2024-03-12 15:00:00,40.766261422077896,-73.72830159343714,240.0,30.71907942764656,34.83059678058389,Red,Fog,0.0,0.3843262658731803,27.0,35.0,305.05571566180157,,High
2024-03-12 15:05:00,40.75765620851691,-73.95444290015118,197.0,71.36826406977022,27.781588097044192,Green,Rain,0.0,-0.1667000536297325,75.0,40.0,198.63819664981648,21.389669801820375,Medium
2024-03-12 15:10:00,40.83436680012274,-73.76321567621792,178.0,41.66097805315828,86.03689823447691,Yellow,Clear,0.0,0.8756335097503796,66.0,20.0,438.9881125168585,19.095433979444792,High
2024-03-12 15:15:00,40.82587251361792,-73.87969771115696,188.0,70.86204019105863,84.30919694481479,Green,Clear,0.0,0.0980988838146375,48.0,10.0,433.558274712859,12.972534675339602,High
2024-03-12 15:20:00,40.62921732281947,-73.91634024737965,80.0,12.080910475050914,99.42444445546572,Yellow,Snow,0.0,0.8524114974566557,39.0,4.0,393.09007070884263,18.86227213060489,High
2024-03-12 15:25:00,40.614194120899526,-73.94584122559932,92.0,46.92827650265961,26.879329898396428,Green,Snow,0.0,-0.1954469317212404,51.0,27.0,166.74349259497123,27.758400835986905,Low
2024-03-12 15:30:00,40.67747685975951,-73.7296763282567,191.0,43.965668689556395,62.99306187804767,Red,Fog,0.0,0.8192053289087498,,0.0,60.39226816528806,10.785596990619796,Medium
2024-03-12 15:35:00,40.712024262604054,-73.92945270167712,215.0,30.336170587851857,80.0905816601543,Yellow,Fog,1.0,-0.378477695785117,54.0,12.0,134.65272355018024,29.044382064245298,High
2024-03-12 15:40:00,40.70009446254205,-73.82300479569304,272.0,66.84752527823917,62.9837837878541,Yellow,Rain,1.0,0.0119740294343018,10.0,23.0,153.11730423274167,12.588876247604356,High
2024-03-12 15:45:00,40.88431353504321,-73.7766468228239,224.0,60.985082311711665,40.793944116905266,Red,Fog,0.0,0.3062410347236404,53.0,18.0,81.7452698864122,13.078892869456686,High
2024-03-12 15:50:00,40.84084136942945,-73.99927105193308,275.0,55.054304393457365,70.80006733620843,Yellow,Rain,0.0,0.1008366340529325,33.0,24.0,452.9616137141378,18.111320933939247,High
2024-03-12 15:55:00,40.88360192488675,-73.86173576081724,10.0,32.65351520287441,83.3882115383776,Red,Snow,0.0,0.1460544303467894,22.0,29.0,74.39257840300492,11.792629347376478,High
2024-03-12 16:00:00,40.895940468929034,-73.94003342019452,282.0,73.87807614330404,21.304166276375504,Green,Fog,0.0,0.088427422978881,47.0,36.0,432.2108292127176,16.674715980444944,High
2024-03-12 16:05:00,40.78924118783869,-73.7278492218014,214.0,75.17813226194501,70.73342443309399,Green,Snow,0.0,0.7336305399152041,58.0,17.0,343.98985263518995,21.93179850707317,High
2024-03-12 16:10:00,40.67405055745392,-73.86080080500452,234.0,6.49306746824722,97.13948307732248,Yellow,Fog,0.0,0.6646074473175219,46.0,,214.998867176764,16.521327171268062,High
2024-03-12 16:15:00,40.644090576572765,-73.72824750030126,79.0,17.668844315292638,71.8850977909897,Yellow,Snow,0.0,0.2987104518070562,48.0,18.0,332.8416222234538,17.893291215296774,High
2024-03-12 16:20:00,40.629994272209785,-73.8325180923781,72.0,43.11472832713133,51.99287750238374,Red,Snow,0.0,-0.3912326552409817,94.0,14.0,198.20434209116823,11.721359503151104,Medium
2024-03-12 16:25:00,40.64063722379853,-73.85387731086698,266.0,15.748330111689402,66.67197700752519,Red,Snow,0.0,0.0511001780292599,20.0,17.0,171.2478357890612,19.838147204966972,High
2024-03-12 16:30:00,40.83627327773059,-73.9793775294503,56.0,15.719789569341389,73.88510865376493,Green,Rain,0.0,-0.8101668627504757,98.0,33.0,272.5549962162649,26.38275752967315,High
2024-03-12 16:35:00,40.673587226513035,-73.7394671035546,175.0,58.89129002992161,78.27044680258035,Yellow,Clear,0.0,0.4104842564705229,41.0,11.0,321.08893791713956,25.115306344017966,Medium
2024-03-12 16:40:00,40.8729113643364,,186.0,9.157675264772912,47.92803999583398,Green,Snow,0.0,0.4162432953254289,33.0,10.0,102.2644808692536,16.11927507775283,High
2024-03-12 16:45:00,40.717638322195505,-73.77947502964646,157.0,49.4568387119498,94.42326122682476,Yellow,Rain,1.0,0.4723249875262469,32.0,0.0,65.79179205521325,20.02576937816352,High
2024-03-12 16:50:00,40.64305468851982,-73.75141195368937,132.0,39.6789163590656,85.51426556373902,Red,Clear,0.0,-0.5300212179697756,85.0,18.0,317.22015866280253,21.141201033052266,High
2024-03-12 16:55:00,40.68254363515255,-73.74090813426952,34.0,65.37186314461857,80.14600918072628,Red,Rain,0.0,-0.570109667246935,46.0,14.0,176.59677836308697,6.177027877845685,High
2024-03-12 17:00:00,40.69101656925392,-73.89622805625359,227.0,25.22968124771755,93.03430577324046,Green,Snow,0.0,-0.4760323394299395,8.0,49.0,372.2644092260906,21.35284591722165,High
2024-03-12 17:05:00,40.82656867209078,-73.78329123701319,139.0,48.76103690780714,90.35333282885412,Red,Fog,0.0,0.319492867732847,47.0,16.0,283.6777687787719,8.557997284838782,High
2024-03-12 17:10:00,40.87174063090985,-73.74130322943591,128.0,79.62210487928273,79.80960775629642,Red,Clear,0.0,0.4180027757223343,15.0,10.0,136.2284951338492,10.635654737971816,Medium
2024-03-12 17:15:00,40.893737456392216,-73.9814700317083,233.0,62.916586166944754,62.32148773509617,Yellow,Fog,0.0,0.6310471941951188,25.0,35.0,370.77394611965366,7.55207875073816,High
2024-03-12 17:20:00,40.75760502737014,-73.8289057276837,131.0,76.4517059773273,24.976021522273463,Red,Snow,1.0,0.9663662856716796,82.0,,143.61676782898195,23.78653675327849,High
2024-03-12 17:25:00,40.82922080795993,-73.86849019244544,87.0,67.23760597496468,76.28572104677964,Green,Clear,0.0,-0.9098185014739304,9.0,37.0,128.6152603907642,8.054046558612253,Medium
2024-03-12 17:30:00,40.70098485790441,-73.90925143996516,137.0,6.770118644059182,71.62533450871004,Yellow,Rain,0.0,-0.5387622607391809,29.0,34.0,64.36542299497418,25.695007862353993,High
2024-03-12 17:35:00,40.854039278582064,-73.87381523774809,103.0,46.52017002541548,80.10182589722089,Red,Rain,0.0,0.3527591673224097,44.0,33.0,230.1256679614208,28.08206317038079,High
2024-03-12 17:40:00,40.62378273448043,-73.78026957489516,262.0,8.317919925696467,35.047786353059905,Red,Clear,0.0,0.7936135590171713,92.0,36.0,131.67482320001875,7.483996830537183,High
2024-03-12 17:45:00,40.86261687936198,-73.81204255625663,25.0,30.320417962349488,96.5325210504512,Green,Snow,0.0,0.2363021667010396,14.0,33.0,410.7739858014894,14.846828773203606,High
2024-03-12 17:50:00,40.79249836332597,-73.79225778530099,239.0,45.40891712489224,62.42156858459493,Red,Snow,0.0,0.5290601395941161,22.0,31.0,234.0916953982764,11.143525309708595,High
2024-03-12 17:55:00,40.634875521164616,-73.85676786906666,242.0,18.633423182232832,80.38559131953416,Green,Snow,0.0,0.5308434359529415,28.0,44.0,145.60459979717055,10.500596434859784,High
2024-03-12 18:00:00,40.69219320369159,-73.98568095960735,69.0,25.753068213993277,93.53726834742244,Red,Rain,1.0,0.769033120424681,10.0,11.0,174.14726613340923,15.869245254479011,High
2024-03-12 18:05:00,40.78643296729378,-73.9303311731169,66.0,78.83515824917484,27.93716817418413,Yellow,Clear,0.0,,42.0,19.0,282.9328088941503,7.219454450015129,Low
2024-03-12 18:10:00,40.659847990674905,-73.82097953361674,134.0,51.257401052827895,66.46772303573508,Yellow,Clear,0.0,-0.5509622861347045,68.0,3.0,406.2313335911044,6.241133741825037,Medium
2024-03-12 18:15:00,40.64316038959271,-73.95696148082786,117.0,36.6208778468187,77.17366089659242,Green,Snow,0.0,-0.5634795596061821,75.0,29.0,180.11996113943596,25.966177192174413,Medium
2024-03-12 18:20:00,40.83482577816299,-73.91484263012494,173.0,70.91838862178281,51.008392055580615,Yellow,Rain,0.0,-0.5093079032214354,38.0,4.0,164.50108365885706,10.874872125680657,Medium
2024-03-12 18:25:00,40.77968852157409,-73.76795837661788,237.0,57.10547278972463,81.98436451436372,Green,Rain,0.0,-0.1860907143791639,,39.0,81.64211902207026,15.670021401562346,High
2024-03-12 18:30:00,40.61330355510726,-73.97222349505549,276.0,60.96068290866206,56.137533564601064,Yellow,Snow,0.0,0.6343272010314116,66.0,14.0,401.1233266438461,16.65296850378826,High
2024-03-12 18:35:00,40.86048139850681,-73.96154189346989,261.0,52.11991461300125,68.29815300321333,Red,Fog,0.0,-0.3416768953027749,4.0,47.0,107.6418843886859,25.254835489137857,High
2024-03-12 18:40:00,40.835010838404216,-73.74119905304929,19.0,41.29352347973686,27.838569339263717,Yellow,Fog,0.0,0.5382006522526148,9.0,30.0,157.2013743293059,21.321856955245995,Low
2024-03-12 18:45:00,40.8400126664071,-73.75303351400262,21.0,75.90365915425274,74.9582759048779,Red,Clear,0.0,0.6040940435598909,38.0,41.0,493.4778034372467,13.75372418349423,Medium
2024-03-12 18:50:00,40.808802384368185,-73.75469809789439,43.0,9.842020277906208,45.12275853226303,Red,,0.0,0.9171434711770184,22.0,34.0,291.8401679404435,13.251277741845758,High
2024-03-12 18:55:00,40.672707049070496,-73.71345285254104,80.0,17.56480985423807,35.542837768325946,Red,Rain,0.0,0.3896700407975189,65.0,7.0,107.0835744683298,13.854346382430204,High
2024-03-12 19:00:00,40.78528760197052,-73.87354956352652,12.0,51.48529260472337,94.50057047588926,Red,Snow,0.0,0.448372483753894,35.0,27.0,329.89483252248635,10.254072404513323,High
2024-03-12 19:05:00,40.80975839188782,-73.97760198402709,286.0,42.47471717197456,59.93384183851918,Red,Fog,0.0,0.3472493381528669,78.0,17.0,431.6665937808629,25.82206118025787,High
2024-03-12 19:10:00,40.632747418715994,-73.88483795525859,177.0,26.15830118570953,47.56359379798424,Green,Snow,0.0,0.651954843807,75.0,20.0,57.31174849978549,19.468625973775083,Medium
2024-03-12 19:15:00,40.70714829266261,-73.79794700667941,279.0,57.99613157821188,77.05905851229421,Yellow,Fog,0.0,0.8805170807266096,70.0,40.0,90.61119554111856,18.30521005280744,High
2024-03-12 19:20:00,40.65863280003985,-73.99055194637481,78.0,28.997251733522063,81.6526418952519,Green,Rain,0.0,-0.0455999662863377,42.0,43.0,168.59702850460707,9.886723066773014,High
2024-03-12 19:25:00,40.85275993265687,-73.93862048420944,298.0,23.27451102892861,62.828794362323386,Yellow,Clear,0.0,0.2314675029526987,27.0,37.0,399.09180609746426,18.696663484367683,High
2024-03-12 19:30:00,40.67754331660773,-73.92231934978311,254.0,77.62666621823494,30.620906363889425,Yellow,Rain,0.0,0.9728996670826184,57.0,27.0,414.27051809984266,13.855552561405124,High
2024-03-12 19:35:00,40.82770696151482,-73.9282263438663,49.0,56.01181319673005,16.78777728105341,Red,Rain,0.0,0.0037030940778106,31.0,40.0,120.5946943740547,8.6756849355438,Low
2024-03-12 19:40:00,40.76804126611233,-73.88440255387705,232.0,47.21938656725094,84.19983229257362,Green,Snow,0.0,0.0421121744726498,19.0,38.0,107.61659735367128,21.247838284038917,High
2024-03-12 19:45:00,40.66910173788959,-73.71787863291222,218.0,59.431795281124494,94.60813742654148,Red,Fog,,0.4569700838351056,38.0,34.0,474.6928541580205,29.66148323804267,High
2024-03-12 19:50:00,40.723617557185314,-73.71012134400353,175.0,76.17459069253609,50.58665910689344,Yellow,Snow,0.0,-0.971706344597824,1.0,46.0,401.5671482138008,25.503852938861055,Medium
2024-03-12 19:55:00,40.70163066980405,-73.95911484458705,109.0,48.6460460413049,31.685750228968026,Green,Fog,0.0,-0.675954588824411,47.0,32.0,409.1474750671183,26.577233770926473,Medium
2024-03-12 20:00:00,40.78727127801134,-73.99990615819958,71.0,73.05048489852125,39.260974024868986,Yellow,Snow,0.0,-0.9405074217694174,79.0,5.0,161.33960739464374,12.569581905289274,Low
2024-03-12 20:05:00,40.77383355155653,-73.79751043620432,277.0,47.20537243144111,99.61212685942267,Green,Clear,0.0,-0.746351867190638,34.0,2.0,263.1449282675251,10.33980654360375,High
2024-03-12 20:10:00,40.85597260110972,-73.84169122550949,52.0,74.30690282848627,85.86265683992204,Green,Rain,0.0,0.3717327925287752,97.0,25.0,311.9998871998786,7.727974703692237,High
2024-03-12 20:15:00,40.68822932242013,-73.82888320565233,135.0,34.016573579049194,40.95520331044075,Red,Rain,0.0,-0.212372638990347,44.0,40.0,300.78905529623427,19.98290236467852,Medium
2024-03-12 20:20:00,40.69132014629611,-73.93159500053177,296.0,10.546424903900634,43.726281429513854,,Snow,0.0,-0.2849048610679434,65.0,20.0,238.1643503122829,27.110008107011257,High
2024-03-12 20:25:00,40.7284960047249,-73.70090085363256,228.0,21.4023685337788,49.54363782723527,Red,Rain,0.0,0.2517534475203358,6.0,26.0,458.0657116651431,27.34486176203414,High
2024-03-12 20:30:00,,-73.72407344609874,236.0,60.98940830914142,19.29994789910912,Yellow,Clear,0.0,0.6816822212753362,67.0,49.0,241.4408610505898,6.174195672741998,High
2024-03-12 20:35:00,40.674920203014594,-73.97786268449254,163.0,9.444712904494242,20.410249454433973,Green,Fog,0.0,-0.1264471771895914,82.0,0.0,490.86628554673024,13.3656523980202,High
2024-03-12 20:40:00,40.69802562906645,-73.9649434446345,273.0,25.191990814211376,49.50500348112173,Green,Snow,0.0,-0.8839305429076931,15.0,31.0,95.28153799075535,28.163169700872963,High
2024-03-12 20:45:00,40.720872770421984,-73.81311056242613,68.0,66.88398750720523,10.198772811469926,Yellow,Snow,0.0,-0.0435116062557467,47.0,35.0,223.05915468706092,24.442099645727296,Low
2024-03-12 20:50:00,40.73696501108841,-73.82586961660077,25.0,58.84696180670522,31.20191691945393,Yellow,Fog,0.0,-0.2620898986916342,9.0,45.0,423.676063355903,27.82962519067254,Low
2024-03-12 20:55:00,40.81247450855494,-73.73697639583385,275.0,26.86202281029832,52.26315841164833,Yellow,Clear,0.0,0.0609257915425116,27.0,41.0,336.68730881599515,18.824827558621983,High
2024-03-12 21:00:00,40.6924743104083,-73.82394683936793,92.0,31.25643088937108,90.2381159736766,Yellow,Fog,0.0,-0.6585639783527188,46.0,42.0,117.84747871899938,15.159430454720669,High
2024-03-12 21:05:00,40.71121136437906,-73.82714371549424,14.0,65.40390346303587,42.92089328032487,Yellow,Rain,0.0,0.9418438506475456,71.0,35.0,283.87289603367367,16.51250356391096,Low
2024-03-12 21:10:00,40.820856958459885,-73.81716024379318,215.0,75.52500222611958,78.28575347106717,Red,Fog,1.0,-0.8728761431923282,15.0,21.0,235.3902632042821,18.281363840500624,High
2024-03-12 21:15:00,40.883656500599464,-73.76804726371189,202.0,5.251736818026297,59.2811576320548,Red,Snow,0.0,-0.0399818844928043,21.0,21.0,491.84850060220833,19.92486480250887,High
2024-03-12 21:20:00,40.876961792114145,-73.79692685908222,216.0,43.323896925668265,20.726608457713397,Red,,,-0.8872219180463827,86.0,17.0,218.6557142634649,8.06857094558915,High
2024-03-12 21:25:00,40.70601480859227,-73.8704368155605,62.0,31.421732126572195,82.2251238202144,Yellow,,0.0,-0.1889513488263527,82.0,8.0,60.75678612734889,11.385835800580864,High
2024-03-12 21:30:00,40.60656128013226,-73.94416260778614,109.0,40.539222840572,39.20718173197631,Yellow,Snow,0.0,-0.245081175939936,82.0,43.0,384.7196650028545,6.260935306681866,Medium
2024-03-12 21:35:00,40.87654647669251,-73.76653556854055,129.0,74.28320522506071,53.20382870887358,Red,Fog,0.0,0.4767210268983095,95.0,46.0,327.4270573087125,27.82760065574993,Medium
2024-03-12 21:40:00,40.721181562741776,-73.89211271594516,,26.791383203711693,22.822686190562298,Green,Fog,0.0,0.6980788305060741,41.0,15.0,406.83656638186903,20.330020237665263,
2024-03-12 21:45:00,40.64313734617281,-73.95731761091044,181.0,26.824871205993208,36.4344150773351,Yellow,Snow,0.0,0.4359354281923007,40.0,35.0,248.07959643940052,25.69911958591962,Medium
2024-03-12 21:50:00,40.67278428649726,-73.8970244837857,,12.166922996808026,45.55420008848347,Green,Snow,0.0,0.3850626827544865,76.0,20.0,391.64432294168273,16.99108062786579,High
2024-03-12 21:55:00,40.68773712234812,-73.91503837874896,163.0,7.124409219619041,82.80629500452595,Yellow,Fog,0.0,-0.2345837680133131,91.0,34.0,182.25487511496735,11.875018948048584,High
2024-03-12 22:00:00,40.640622313345155,-73.84277310426786,215.0,79.92470771219021,47.71705513319096,Green,Fog,0.0,0.8840268521946792,8.0,26.0,142.9176215220606,22.462524368256933,High
2024-03-12 22:05:00,40.705393978382574,-73.70839862973526,43.0,16.02927075315261,29.5402066837359,Yellow,Fog,0.0,-0.882985220000402,85.0,45.0,382.2929155627918,27.49010483057226,High
2024-03-12 22:10:00,40.75410542646497,-73.92348055195052,293.0,69.37789106996287,73.27310465026486,Red,Rain,0.0,-0.2513546981249523,28.0,14.0,56.50855629366935,11.558593664206958,High
2024-03-12 22:15:00,40.633692012855875,-73.98078082810261,214.0,34.273115902753844,18.60614018235536,Yellow,Fog,0.0,0.374966471116503,,13.0,322.2313645205379,26.64636735572696,High
2024-03-12 22:20:00,40.74520397812103,-73.88130288982632,270.0,61.298992939522925,50.33737287981517,Yellow,Snow,0.0,0.2891880789121523,90.0,46.0,252.29692867475728,8.620727271458698,High
2024-03-12 22:25:00,40.68240875725016,-73.74226461269544,296.0,,23.148572531389952,Green,Rain,1.0,0.2807639054360873,35.0,5.0,136.59735310045448,14.239401545092491,High
2024-03-12 22:30:00,40.85714523125916,-73.71564852428631,92.0,74.85269023664338,61.114897189327046,Red,Fog,0.0,0.5690055514725381,29.0,11.0,302.4742839899913,29.56744593700642,Medium
2024-03-12 22:35:00,40.71405136703182,-73.88547479301776,293.0,43.697005320486525,46.56183312781799,Red,Clear,0.0,-0.5733316244665378,74.0,24.0,288.3282258520275,18.80411311742972,High
2024-03-12 22:40:00,40.84349009611794,-73.77853314328149,75.0,70.87868462675148,52.138259482745774,Red,Rain,0.0,0.6835937573168487,8.0,44.0,462.5656728164575,20.42915335783433,Medium
2024-03-12 22:45:00,40.83113825962382,-73.95827636351751,104.0,22.23821791684115,90.69368752263236,Yellow,Fog,0.0,-0.0944446202136115,99.0,32.0,411.3318853045381,27.28921788191051,High
2024-03-12 22:50:00,40.786753750876194,-73.87924668216807,82.0,19.00565301244614,47.08221914261912,Green,Clear,0.0,0.8079437840514825,11.0,16.0,492.4671848678412,25.26691250084514,High
2024-03-12 22:55:00,40.61463712002958,-73.9907228505744,37.0,41.58861525520852,13.571976766203573,Green,Rain,0.0,0.7308987542793266,27.0,20.0,235.1173658917091,29.532965578873796,Low
2024-03-12 23:00:00,40.61066641308264,-73.81117015453427,112.0,69.23760698702043,61.04219940688986,Red,Snow,0.0,0.7483914679029506,7.0,14.0,408.8697867686582,15.877998157394469,Medium
2024-03-12 23:05:00,,-73.89758101819972,264.0,54.31152672259403,88.45148213482436,Yellow,Fog,0.0,0.7549307791105737,38.0,27.0,169.08694885945732,10.905097044348532,High
2024-03-12 23:10:00,40.76981222077215,-73.80990963600873,213.0,10.272044497511631,83.89809529363728,Yellow,Clear,0.0,-0.503662467109868,1.0,22.0,123.15404052386155,12.086186221863152,High
2024-03-12 23:15:00,40.6776715073448,-73.98170307594567,,77.43444388729395,51.82881272382382,Green,Snow,0.0,-0.6094842537750003,98.0,9.0,306.0690002445261,21.616379965114326,Medium
2024-03-12 23:20:00,40.87799289063572,-73.8856211804667,44.0,37.43491405609053,69.366459416349,Green,Fog,0.0,0.9852105933092276,13.0,1.0,320.8556523596268,23.07863141741079,Medium
2024-03-12 23:25:00,40.672499483893375,-73.756848484206,286.0,8.069802790761065,91.5205330041388,Red,Fog,0.0,0.2259965289548877,73.0,49.0,441.04113947993574,19.974980859209204,High
2024-03-12 23:30:00,40.854966286167,-73.724567103246,83.0,44.868159193097696,36.69259678786475,Red,Snow,0.0,-0.6797970162587488,17.0,30.0,292.12475787730693,14.49420887760575,Low
2024-03-12 23:35:00,40.6287180244062,-73.7811947182915,24.0,42.37091517069848,33.382856879054124,Yellow,Clear,0.0,-0.3192833315234271,86.0,37.0,453.022434163917,18.45985601225383,Low
2024-03-12 23:40:00,40.700718385992985,-73.90675871621144,36.0,17.007681012796038,66.4000801474269,Red,Fog,0.0,0.0560542915823909,82.0,5.0,171.563370477347,11.499816884057797,High
2024-03-12 23:45:00,40.83662841315822,-73.96840341043121,34.0,68.13865215730092,16.38720354157546,Red,Fog,0.0,-0.1957776628672993,99.0,4.0,385.60814298021774,24.590645711032227,Low
2024-03-12 23:50:00,40.859481453647945,-73.7198947808368,,31.505150410098064,33.77475184875792,Yellow,Clear,0.0,-0.9830273129868092,79.0,15.0,231.88554809624455,8.378457486721642,Medium
2024-03-12 23:55:00,40.79964409614202,-73.75840094273667,,69.59861913866595,60.96394385057332,Green,Rain,0.0,0.1539678845282266,46.0,13.0,214.10738635969065,10.869766653653793,Medium
2024-03-13 00:00:00,40.84253584294399,-73.72409396655955,205.0,61.6263711965147,38.1351136556913,Yellow,Snow,0.0,-0.2883906487869345,68.0,42.0,425.6966619944628,8.910730985034046,High
2024-03-13 00:05:00,40.679210419660585,-73.91235766053545,133.0,17.98375479996471,84.63026255250178,Green,Clear,0.0,-0.2423228080816133,50.0,4.0,411.4885614768429,,High
2024-03-13 00:10:00,40.829677629847026,-73.98871175253676,76.0,41.163293985552855,77.17749564524809,Red,Rain,0.0,-0.7883040911903905,66.0,5.0,88.7515057641128,23.513529232691276,Medium
2024-03-13 00:15:00,40.64285119258667,-73.74390725146037,200.0,60.73983556822224,79.0069638252221,Yellow,Clear,0.0,-0.7790831566456213,91.0,13.0,113.39281360283005,18.515567562022753,Medium
2024-03-13 00:20:00,40.77697639510028,-73.84703946584531,136.0,54.8895815300871,33.005470578285355,Yellow,Fog,1.0,-0.8980674040097403,33.0,33.0,184.19143632066607,17.584267725884335,High
2024-03-13 00:25:00,40.70921221910912,-73.81714900883291,288.0,21.529529651462195,24.191828372254506,Green,Clear,0.0,0.2340344634868458,66.0,40.0,470.46386797245754,10.610070560509708,High
2024-03-13 00:30:00,40.688586487498725,-73.86506118245003,295.0,35.3232319552639,32.03121895663368,Red,Rain,0.0,0.1124414500745247,26.0,48.0,105.33165433436952,18.439359128728768,High
2024-03-13 00:35:00,40.619810857701886,-73.79422991606353,17.0,29.639228636137368,30.656165309681032,Green,Clear,0.0,0.1423530029938866,72.0,39.0,310.5918413450525,29.753809992072355,Medium
2024-03-13 00:40:00,40.879419642336885,-73.82373486185911,39.0,,54.031475459227984,Yellow,Snow,0.0,0.4292828607694416,19.0,20.0,206.32469719818,27.00603263650322,Medium
2024-03-13 00:45:00,40.64728165677929,-73.9375888715756,111.0,79.09342095926466,39.67676144569549,Yellow,Clear,0.0,-0.394801213145765,12.0,45.0,388.36883587476086,13.603755413005509,Medium
2024-03-13 00:50:00,40.86980968540983,-73.9096041432736,269.0,38.55580764571947,88.99264489818437,Green,Rain,0.0,-0.8793723212085696,63.0,42.0,470.59823838956254,19.14752717987592,High
2024-03-13 00:55:00,40.678055113655034,-73.89058192493728,192.0,73.99151455155733,50.68204503500974,Red,Fog,1.0,0.0329708031171243,6.0,,407.4625431090437,29.728398124355135,High
2024-03-13 01:00:00,40.748508524764496,-73.72339535027892,26.0,76.87878982538652,54.46265653626191,Red,Snow,0.0,0.5183063391961418,34.0,25.0,481.5343760309081,26.90214317972903,Medium
2024-03-13 01:05:00,40.77054786439647,-73.747700671633,156.0,28.18571266396692,64.16812940250735,Red,Clear,0.0,,21.0,25.0,476.35015239833984,26.173013889613895,Medium
2024-03-13 01:10:00,40.80114927405042,-73.93272770168396,74.0,58.54654263446596,16.333918381784294,Yellow,Clear,1.0,-0.5427081618766787,80.0,42.0,122.3721898826525,28.419498766750635,High
2024-03-13 01:15:00,40.691980938789285,-73.88711411025916,231.0,57.18501320887181,78.28715617475406,Green,Rain,0.0,-0.3107179255303696,20.0,45.0,147.01670875639888,13.67804232765908,High
2024-03-13 01:20:00,40.673824695430234,-73.7208423251783,62.0,68.68460268502764,21.156963718614097,Yellow,Clear,0.0,0.6488777975854079,25.0,1.0,453.0406996871,26.457311962013215,Low
2024-03-13 01:25:00,40.86993572470119,-73.7507044627057,279.0,40.25193157294375,61.66226173434378,Yellow,Fog,0.0,-0.0630487810429156,95.0,30.0,274.4390816617801,10.46573652879126,High
2024-03-13 01:30:00,40.6861872427549,-73.87136004092581,140.0,32.32837348781837,61.72667895236296,Yellow,Snow,0.0,0.2462599185374041,50.0,17.0,271.77718702566006,7.211420673637976,Medium
2024-03-13 01:35:00,40.60158741997631,-73.8144973897797,143.0,47.64083396319393,22.99270515823217,Red,Snow,1.0,0.0862426272785452,86.0,36.0,369.6101871823054,,High
2024-03-13 01:40:00,40.88984442529188,-73.89272863578138,231.0,70.80639774350688,23.77534889947017,Yellow,Snow,0.0,0.8566229141821526,54.0,23.0,163.32637594699457,9.857515831757617,High
2024-03-13 01:45:00,40.8247155013959,-73.75969616937348,72.0,24.01804787590558,10.096471749363364,Red,Clear,1.0,0.3504529656811133,34.0,47.0,156.57489501801774,11.840468963375898,High
2024-03-13 01:50:00,40.64055730984237,-73.71313361441834,64.0,35.12761220391574,55.07503693267152,Yellow,Clear,0.0,-0.7517458885417352,73.0,37.0,488.23150024592223,27.5700979537267,Medium
2024-03-13 01:55:00,40.69936120047201,-73.84492705091334,69.0,51.53160286695983,13.676649704678688,Green,Fog,0.0,0.0951609980427365,49.0,24.0,213.89430025723468,19.07755737716534,Low
2024-03-13 02:00:00,40.73337041338221,-73.7788773072817,58.0,50.73545094335779,62.18736350550813,Green,Fog,0.0,-0.3240050164292452,47.0,25.0,,7.848606280948168,Medium
2024-03-13 02:05:00,40.69466725858181,-73.76831641620714,223.0,31.52505605039691,27.282376661941782,Red,Fog,0.0,-0.3805417998503533,67.0,47.0,220.7965735978302,16.659424031182148,High
2024-03-13 02:10:00,40.69438740807591,-73.80060147205623,17.0,20.946484611357526,32.9558577912029,Yellow,Clear,0.0,0.6357024012590118,4.0,4.0,136.36497754361545,22.259983060212743,Medium
2024-03-13 02:15:00,40.69136497859513,-73.95791770699874,55.0,12.37928425203867,85.82570009051724,Green,Rain,0.0,0.4473790725736848,53.0,7.0,494.5703515460857,27.417389096484985,High
2024-03-13 02:20:00,40.62028559835855,-73.7631624384303,150.0,79.43812986400216,10.9769986876084,Red,Snow,0.0,-0.0566611707776212,12.0,13.0,,5.812441646909737,Medium
2024-03-13 02:25:00,40.639638304292454,-73.83850489281468,68.0,18.182826273114397,45.20105228685939,Red,Snow,0.0,0.396315346385651,76.0,46.0,161.98239007664853,18.33559883438457,High
2024-03-13 02:30:00,40.75868387258283,-73.78747744944489,,33.032311273076054,58.63108607718074,Green,Clear,0.0,0.9539217648655368,84.0,41.0,242.15142048282425,23.25979697074568,High
2024-03-13 02:35:00,40.84348761653788,-73.92228612975204,60.0,8.379563169265467,79.45952657301109,Green,Fog,0.0,0.2760144670153861,98.0,8.0,201.6832248342771,13.31688543403162,High
2024-03-13 02:40:00,40.74655047947643,-73.71801696969396,77.0,49.109630770526785,17.280481153244967,Green,Clear,0.0,0.2921064169867393,39.0,40.0,422.8413392379685,16.76649077610677,Low
2024-03-13 02:45:00,40.77993639130236,-73.767730111536,38.0,59.17184523206928,67.24486138605,Red,Snow,0.0,0.9264336918913768,25.0,45.0,412.3334840694381,8.675595759571635,Medium
2024-03-13 02:50:00,40.823467182446954,-73.80158049110719,40.0,63.051504988561895,84.53385041849478,Red,Fog,0.0,-0.1717407835522677,50.0,0.0,326.0721605401352,8.93423424421665,High
2024-03-13 02:55:00,40.72685686703751,-73.98198725388909,182.0,,15.278065313533046,Yellow,Fog,0.0,0.2405871422933623,80.0,0.0,97.28766863003813,14.6462402972927,High
2024-03-13 03:00:00,40.89089143679826,-73.99701767166125,30.0,62.359099776931366,92.53678654598043,Green,Fog,0.0,0.7869273817490994,35.0,4.0,177.8880366153773,15.564758335993412,High
2024-03-13 03:05:00,40.84377428411603,-73.71247704237837,36.0,33.544223384380956,83.26716134782009,Green,Snow,0.0,-0.1647394187005788,4.0,7.0,295.22209185015004,27.995225684457584,High
2024-03-13 03:10:00,40.82278712216098,-73.98666093542082,137.0,49.9019816532805,63.49023404898524,Green,Clear,0.0,0.8983103746031011,22.0,44.0,52.31229656074132,27.67236405222251,Medium
2024-03-13 03:15:00,40.87936450199965,-73.79454589568127,105.0,73.7745078074235,64.5201634712873,Green,Fog,0.0,-0.3549087635586954,2.0,6.0,85.7403759523977,15.849104945850057,Medium
2024-03-13 03:20:00,40.771893924486,-73.80847774145217,58.0,11.952640040586186,77.09438666324874,,Fog,0.0,,41.0,9.0,98.04850661840806,14.9764280925287,High
2024-03-13 03:25:00,40.68718757374432,-73.82782626396973,48.0,78.67120810908679,87.88228575742446,Green,Clear,0.0,0.2386117536451226,,47.0,204.46393496396664,28.039264160648532,High
2024-03-13 03:30:00,40.70508710677387,-73.7108943896916,267.0,41.47811363953177,46.6466317503549,Yellow,Fog,1.0,0.855253707964156,3.0,45.0,380.6001132810272,16.236301555574947,High
2024-03-13 03:35:00,40.64171621197664,-73.98988036303227,279.0,28.157402771492144,86.73141394780882,Green,Fog,1.0,0.7477810409268713,69.0,0.0,153.6476561635058,8.355918275508788,High
2024-03-13 03:40:00,40.73902036285481,-73.75134261993358,145.0,12.525403282703213,48.9102012610209,Green,Clear,0.0,-0.1332871335628682,73.0,24.0,236.3203256050058,27.056233827965336,High
2024-03-13 03:45:00,40.834273854618395,-73.7406724165787,255.0,54.4117735017068,94.84372391251269,Green,Snow,0.0,-0.7110618022955826,48.0,12.0,267.5115217905337,11.003074694027289,High
2024-03-13 03:50:00,40.79043297437304,-73.73217633460834,256.0,47.660479949669224,29.54162316852753,Green,Rain,0.0,-0.1102850123624492,94.0,43.0,313.8951699893832,13.17533494259545,High
2024-03-13 03:55:00,40.64069570429301,-73.99877405997205,192.0,9.702190610936505,85.1319522739014,Green,Snow,0.0,0.2301156946044977,99.0,24.0,255.4864321839323,21.682403762980748,High
2024-03-13 04:00:00,40.718001949459136,-73.89153067797274,43.0,23.866075855244247,51.519728999224995,Yellow,Rain,0.0,-0.6066150845605554,15.0,23.0,114.56146300697684,7.747145769177395,Medium
2024-03-13 04:05:00,40.84825124672893,-73.75633934466839,147.0,16.471125061719597,66.69070323211761,Red,Snow,0.0,-0.1162955636930134,30.0,21.0,87.99074375176465,10.512104813014638,High
2024-03-13 04:10:00,40.73557170448203,-73.79783762212196,12.0,32.0522090695427,,Green,Clear,0.0,0.7444809391964893,92.0,19.0,81.27269569253261,29.714411533799257,Medium
2024-03-13 04:15:00,40.68846216182498,-73.95886633528467,135.0,10.184511529879686,19.433255085349508,Red,Rain,0.0,-0.474381047538144,98.0,18.0,243.76321240455175,29.479600026189036,High
2024-03-13 04:20:00,40.64792067113209,-73.98750799050595,197.0,7.949712038954633,27.546202736063183,Red,Snow,0.0,0.892476257767181,49.0,22.0,306.35736923718105,17.704572752282502,High
2024-03-13 04:25:00,40.816401670355475,-73.81030911837968,140.0,40.80860856867318,43.55259475575383,Yellow,Clear,0.0,-0.9118378401277898,44.0,35.0,57.264641018224225,5.799327765160024,Medium
2024-03-13 04:30:00,40.87526589778319,-73.77406406235254,247.0,33.096398105216934,14.94800639317421,Green,Clear,0.0,-0.4675038509774953,6.0,21.0,364.3033163535918,24.71814974225033,High
2024-03-13 04:35:00,40.70620239953073,-73.85757133919972,145.0,63.29203279065761,74.56775034833142,Yellow,Rain,0.0,-0.6765825823342424,67.0,21.0,279.38904276677135,7.568799248971764,Medium
2024-03-13 04:40:00,40.787280402266205,-73.74238898937037,169.0,7.11912694351909,96.41748472096796,Red,,0.0,-0.2108901176657891,68.0,28.0,178.44410827078727,5.008792866195428,High
2024-03-13 04:45:00,40.84525882115941,-73.97946184127312,232.0,36.414078970816945,31.086308255749216,Red,Rain,0.0,-0.4475206082966052,42.0,16.0,459.0309045950662,23.955739434899307,High
2024-03-13 04:50:00,40.80416598810585,-73.76154224862026,73.0,,46.71937975487084,Green,Snow,0.0,-0.2330522151536713,33.0,35.0,348.70547024807735,16.506217557560245,High
,40.84690356884025,-73.82059171020026,24.0,10.1333622016125,11.19416350162108,Red,Clear,0.0,-0.0991491923438121,71.0,28.0,126.95228860864252,10.83699944721239,High
2024-03-13 05:00:00,40.67905296232077,-73.83962181795192,12.0,6.368709508989613,45.45488018469817,Green,Rain,0.0,-0.4132675023506846,44.0,27.0,96.76653271899048,27.05423999581649,High
2024-03-13 05:05:00,40.80619610368198,-73.74721233343087,101.0,22.226622247613644,54.85455923303494,Yellow,Clear,0.0,-0.1890170298236391,15.0,44.0,423.352810612308,10.198328471806468,Medium
2024-03-13 05:10:00,40.672983355911505,-73.80900356542939,109.0,60.71805915295768,16.758416659691317,Yellow,Rain,0.0,-0.0921219976100504,50.0,43.0,165.49590283389722,24.20395171461192,Medium
2024-03-13 05:15:00,40.715466461497435,-73.84380870423313,131.0,27.883171953783187,36.60182879653455,Green,Rain,0.0,0.5437580419396313,2.0,33.0,332.69555928726874,13.549778027477444,Medium
2024-03-13 05:20:00,40.67822068068405,-73.8595124132226,262.0,75.45208191522201,79.72185714212475,Yellow,Rain,1.0,,57.0,19.0,241.3507671623717,15.647263809493284,High
2024-03-13 05:25:00,40.65890515989653,-73.94612295056872,252.0,48.70086146895907,38.637419437983155,Green,Fog,0.0,-0.4043579570124489,47.0,31.0,72.8736518214251,29.10241236128159,High
2024-03-13 05:30:00,40.600621027057414,-73.9588001587113,133.0,17.03862205754292,55.14586597502698,Green,,0.0,-0.8079296626413011,41.0,25.0,272.2790450934318,5.817411585718453,High
2024-03-13 05:35:00,40.70967663188464,-73.9152967439326,163.0,68.16419443772091,67.96149415361388,Yellow,Snow,0.0,-0.4210557926274907,36.0,25.0,455.40665935574214,9.46018582883756,Medium
2024-03-13 05:40:00,40.67216694630806,-73.98974288396181,226.0,38.63094680602032,74.51184457011105,Yellow,Rain,0.0,-0.3366823504214253,11.0,11.0,443.9905701779322,28.4457114138906,High
2024-03-13 05:45:00,40.81651881891161,-73.76138415387504,272.0,35.56446826275641,80.37267869698148,Red,Fog,1.0,0.9860515129209526,42.0,31.0,384.18502863416506,9.31266959119698,High
2024-03-13 05:50:00,,-73.86587439479071,103.0,50.43775240730957,94.59155065974448,Green,Fog,0.0,0.0893942638317899,14.0,29.0,297.6027496917076,12.177005714366429,High
2024-03-13 05:55:00,40.89995330345285,-73.98146886435164,46.0,24.595602534335107,13.678002613953058,Red,Fog,0.0,0.0914321575917427,3.0,16.0,470.8062277224773,16.026880230590102,Medium
2024-03-13 06:00:00,40.8094978030725,-73.85780656086763,125.0,29.312170949798077,65.23914887359454,Yellow,Clear,0.0,0.0244137195058264,85.0,44.0,145.2376369659117,23.650980037176023,Medium
2024-03-13 06:05:00,40.730007395087334,-73.9402752605712,115.0,18.766617614641593,11.873592385724583,Green,Snow,0.0,-0.930210046634326,72.0,39.0,377.5473083421327,12.061572584443953,High
2024-03-13 06:10:00,40.7936926827538,-73.96966210530324,199.0,47.03110894655048,37.89264085696722,Yellow,Fog,0.0,0.6748342417171218,1.0,45.0,,27.743155549995624,Medium
2024-03-13 06:15:00,40.68459364872144,-73.95036406169918,17.0,60.43409145454866,58.69649828758129,Red,Rain,0.0,-0.4751665157815101,58.0,18.0,215.3976452228192,10.062047593289613,Medium
2024-03-13 06:20:00,40.89070089186036,-73.80168577919927,53.0,31.983650731706177,68.72427651755473,Green,Rain,0.0,-0.7782560186570711,3.0,17.0,171.49527572862274,8.402671662764426,Medium
2024-03-13 06:25:00,40.77722566609401,-73.92333715625081,84.0,5.864876826826053,47.467339564589885,Yellow,Snow,0.0,-0.9461660106023368,41.0,34.0,182.34891635204568,9.194312218968992,High
2024-03-13 06:30:00,40.75360473758267,-73.93638398930982,135.0,18.245901100145225,21.13073852510961,Green,Clear,0.0,-0.8171764085144373,62.0,,409.16613118510605,10.565238569012546,High
2024-03-13 06:35:00,40.77321335528905,-73.83384837374963,222.0,39.375526509930296,70.09997371538077,Red,Fog,0.0,-0.2732613266237509,25.0,17.0,408.99571238949824,13.062498107153344,High
2024-03-13 06:40:00,40.84798299387354,-73.76809803978458,42.0,45.18823466466954,34.77790606985792,,Fog,1.0,-0.1156124177297184,14.0,33.0,208.86768352170793,7.809968524353207,High
2024-03-13 06:45:00,40.840662658062264,-73.89935654378574,202.0,63.04481271252503,20.185449435077743,Red,Rain,0.0,-0.1176249843955303,29.0,16.0,171.55583797086652,12.645874501478172,High
2024-03-13 06:50:00,40.62850593015918,-73.70483280262702,143.0,63.91282250793971,34.46539927557296,Green,Fog,0.0,-0.8244382752756261,55.0,19.0,156.96882279416988,18.11056863595344,Medium
2024-03-13 06:55:00,40.61264579853125,-73.87004097338549,277.0,47.98535764733184,,Yellow,Rain,0.0,-0.1424894001212071,15.0,35.0,397.4845843334447,21.152609171393504,High
2024-03-13 07:00:00,40.83314796790862,-73.87767892752453,268.0,25.516322911485464,84.59888688514118,Green,Snow,0.0,0.5738396375497934,93.0,,160.37044557740052,23.48533708428197,High
,40.61948603257847,-73.77301014231263,93.0,53.66476782861947,94.786669435144,Green,Rain,0.0,-0.4826720867893672,27.0,43.0,319.69998708327097,18.158097569340843,High
2024-03-13 07:10:00,40.73835857542869,-73.74960418904834,281.0,46.02272325060726,11.361707140625688,Red,Fog,0.0,-0.2869130965553625,4.0,45.0,444.8929400080208,9.375597722403413,High
2024-03-13 07:15:00,40.72927012572416,-73.78569959422028,36.0,33.39361677774296,28.948843923096188,Green,Snow,,7.554918714181014e-06,70.0,33.0,207.3418114009276,9.135438331698596,Medium
2024-03-13 07:20:00,40.70603695387598,-73.71346211704963,145.0,10.80264303932492,27.58168035098247,Red,Clear,0.0,-0.7385997214812698,7.0,20.0,327.26883540012705,10.828537411247051,High
2024-03-13 07:25:00,40.81913328499359,-73.85759568717914,109.0,10.151448662345306,76.52783059290964,Green,Fog,0.0,0.9721272494969968,57.0,43.0,201.8740652167433,7.1857769961977525,High
2024-03-13 07:30:00,40.89591468630929,-73.91706277718524,222.0,66.62010306110767,54.13706486643662,Red,Rain,0.0,0.6531375972276319,37.0,23.0,209.7863299417537,15.957772428392264,High
2024-03-13 07:35:00,,-73.97918307967491,292.0,44.541584676187114,10.021239712025396,Green,Fog,0.0,0.96886323767619,57.0,19.0,151.23614799508005,15.793867972397114,High
2024-03-13 07:40:00,40.63508761739073,-73.89851485076044,98.0,26.531804181933744,99.5222388251106,Green,Clear,0.0,0.7385424401975764,63.0,37.0,281.60881654329876,18.34172692391092,High
2024-03-13 07:45:00,40.76480718010951,-73.79073204938274,12.0,65.71682082825076,90.61338615462972,Green,Rain,0.0,0.8443899113949356,77.0,42.0,390.92495451173414,11.740011604464671,High
2024-03-13 07:50:00,40.742396983632226,-73.82956086332491,262.0,24.286864980330677,75.88074049931622,Yellow,Clear,0.0,0.9219534796852786,47.0,20.0,346.3332705776534,11.11053493125437,High
2024-03-13 07:55:00,40.658024459065174,-73.9783480569376,216.0,59.868575889346175,70.48128798124856,,Clear,0.0,-0.1539904255484714,18.0,33.0,188.8550896668335,8.93225218741334,High
2024-03-13 08:00:00,40.76925399428709,-73.94926247606068,217.0,77.31067360086894,56.18863399356153,Yellow,Fog,0.0,0.4126537348280781,41.0,16.0,191.9793610105388,11.797681729783877,High
2024-03-13 08:05:00,,-73.87158243700163,245.0,51.33846426762107,52.94309887542786,Red,Snow,0.0,-0.9539792790011165,32.0,7.0,458.40065361597095,20.976884596746252,High
2024-03-13 08:10:00,40.79863719216591,-73.80300173843982,260.0,5.03280735903044,56.558445888349475,Yellow,Fog,0.0,0.3548245238971248,44.0,48.0,292.7206933169705,22.67418259989274,High
2024-03-13 08:15:00,40.603168401175026,-73.79066766215341,232.0,69.82044623776189,55.09063141765243,Green,Fog,0.0,0.1156570927036697,77.0,38.0,204.66801970184503,29.066421980121135,
2024-03-13 08:20:00,40.60653358967136,-73.89143332181416,216.0,42.58668186864983,67.67497194301536,Green,Fog,0.0,0.4844645979776074,68.0,6.0,225.4824396601162,18.634216747724416,High
2024-03-13 08:25:00,40.72022604872922,-73.736553750848,26.0,6.835656078126166,24.61709805237198,Yellow,Clear,1.0,0.5702557676168367,94.0,49.0,253.9294680257613,24.833743888078107,High
2024-03-13 08:30:00,40.89060267875933,-73.94567980815292,275.0,48.66379705706618,12.24261970361882,Green,Rain,0.0,0.4944506734198512,21.0,47.0,129.7692995298878,8.670129180373385,High
2024-03-13 08:35:00,40.63369030574593,-73.76010287850083,261.0,13.90100143729067,44.82367570057044,Yellow,Clear,0.0,-0.7661942999435729,66.0,3.0,412.2998657900717,28.40357637864561,High
2024-03-13 08:40:00,40.710947282431434,-73.98738197650263,241.0,36.99183027697784,32.57528097917018,Red,Clear,0.0,-0.1994506514149086,86.0,45.0,126.07212260284044,15.51684891876898,High
2024-03-13 08:45:00,40.67114114077588,-73.82315609504465,34.0,17.699935362547468,78.1954690278932,Green,Fog,1.0,-0.5956793291728415,62.0,41.0,247.8025476066615,11.56005959802406,High
2024-03-13 08:50:00,40.86286320277291,-73.84113235442125,121.0,19.361840818379953,79.3155665058268,Yellow,Rain,0.0,-0.0398991049949071,57.0,25.0,72.33748933813146,19.263889896589433,High
2024-03-13 08:55:00,40.631067996435895,-73.91690450744092,152.0,25.6437665095386,68.05598585375434,Yellow,Snow,0.0,0.6298821204029412,51.0,,244.66994936193456,14.502321554539863,Medium
2024-03-13 09:00:00,40.66044425289083,-73.82351481321663,45.0,27.652303963787624,23.963767282344627,Red,Rain,0.0,-0.365064312980593,91.0,33.0,67.60659314700095,13.75371145915254,Medium
2024-03-13 09:05:00,40.76574477371476,-73.84041625708701,62.0,21.530312419455175,93.8650846451003,Yellow,Rain,1.0,-0.2134046598280412,75.0,49.0,172.63079875730233,23.67907545742698,High
2024-03-13 09:10:00,40.81697959443966,-73.88526230108897,50.0,53.14675749198039,39.36291857257382,Yellow,Snow,0.0,-0.9492088401582086,59.0,29.0,283.7464215489238,24.33846367281065,Low
2024-03-13 09:15:00,40.8569406413626,-73.72848533384843,71.0,,45.06668205733427,Yellow,Snow,0.0,-0.5705214804094896,72.0,18.0,298.7213323289267,12.830633666875633,Low
2024-03-13 09:20:00,40.777846369823706,-73.83721140546392,135.0,61.328294129841105,59.05967565431673,Red,Fog,0.0,0.3398061921920656,97.0,24.0,477.759698760743,21.343938243203628,Medium
2024-03-13 09:25:00,40.760904810770825,-73.75295426035112,34.0,13.756251585924268,95.34600437049612,Yellow,Snow,0.0,-0.0534715779844598,51.0,32.0,77.2208613751337,8.690012188707428,High
2024-03-13 09:30:00,40.665786717241616,-73.79986431249424,214.0,41.2844509219292,17.995627781276923,Yellow,Fog,0.0,-0.4497014617750829,13.0,18.0,425.6640447010284,29.744428316732563,High
2024-03-13 09:35:00,40.60349847736714,-73.73692138617538,287.0,59.960418719515246,90.87902440788592,Green,Snow,0.0,0.972251328087462,,9.0,289.65977000087867,5.29701634655182,High
2024-03-13 09:40:00,40.78862181261153,-73.74490546990363,65.0,73.07403957804596,27.709887707085457,Red,Snow,0.0,0.7982262071306525,60.0,29.0,364.6962676494523,8.694253888328083,Low
2024-03-13 09:45:00,40.78387671164918,-73.91187106730615,235.0,23.947348895713137,64.83083388839991,,Rain,1.0,-0.1653078135808399,72.0,49.0,208.570014680601,22.90723349728311,
2024-03-13 09:50:00,40.781366426235685,-73.71985816843059,225.0,36.090359104299594,,Green,Clear,0.0,-0.8996334847553451,47.0,18.0,79.0096632399758,16.279673493024553,High
2024-03-13 09:55:00,40.75394764108136,-73.88686455575234,200.0,16.1489639675712,69.91113827300472,Red,Snow,0.0,0.7315645891753955,82.0,47.0,199.64654415574236,28.836395647579742,High
2024-03-13 10:00:00,40.7378992041649,-73.77240057593572,149.0,33.134827883079694,60.31956034256352,Yellow,Snow,1.0,-0.1418821759165869,33.0,25.0,401.9409094633253,22.144325714086364,High
2024-03-13 10:05:00,40.66835835662784,-73.9371156265923,102.0,47.57180824337471,97.0979515731536,Green,Snow,0.0,-0.9959050400003636,65.0,14.0,143.0246655112714,17.00076127485094,High
2024-03-13 10:10:00,40.68772065460903,-73.77375930133012,187.0,6.9242491709475225,91.90464851650066,Red,Rain,0.0,-0.2292411002074814,49.0,41.0,71.5776701973961,16.5880022061326,High
2024-03-13 10:15:00,40.63802420973827,-73.93875288564232,152.0,74.83213214262284,69.9779462021275,,Rain,0.0,0.9072472768316102,33.0,6.0,235.2683842935699,17.604465323234102,Medium
2024-03-13 10:20:00,40.60963525605005,-73.78054770753043,66.0,52.38961968242464,57.73568865630217,Red,Fog,0.0,,51.0,39.0,158.7644836889733,7.605724577352211,Medium
2024-03-13 10:25:00,40.737047810969216,-73.86403446806963,125.0,14.387674640377758,21.03586840665212,Yellow,Rain,1.0,-0.830702746977058,15.0,15.0,144.47922568912276,22.76439125327672,High
2024-03-13 10:30:00,40.85942946625772,-73.91742890036764,14.0,53.6445885467627,64.30510120194397,Yellow,Snow,0.0,-0.9709672537493,75.0,35.0,77.95383187566927,13.878378848078206,Medium
2024-03-13 10:35:00,40.78844502739497,-73.74737421844753,152.0,31.832902604542564,49.01274075343633,Red,Clear,0.0,0.817902853333986,88.0,39.0,256.10681095858484,15.60362440802467,Medium
2024-03-13 10:40:00,40.894530537808585,-73.9470425055026,52.0,55.70623490633858,53.06214603842725,Yellow,Clear,0.0,0.8903710987453,58.0,46.0,167.4158826488038,10.853916762443417,Medium
2024-03-13 10:45:00,40.75940665407218,-73.87455638282212,259.0,59.579013607708504,32.48010103842326,Red,Rain,0.0,,1.0,19.0,391.74867793919975,19.4508718975804,High
2024-03-13 10:50:00,40.890877167713974,-73.70227151568027,78.0,70.07973180342526,,Red,Snow,0.0,0.4319434162257141,24.0,14.0,110.72723506175409,13.490283974966156,Medium
2024-03-13 10:55:00,40.736566651165795,-73.98885750206688,19.0,31.75290355987327,64.89033512619321,Red,Snow,0.0,0.8174602705881728,55.0,46.0,478.9197866013846,5.713708436330249,
2024-03-13 11:00:00,40.64984303474501,-73.86115172446121,219.0,76.80559310010727,45.9100938276352,Yellow,Rain,0.0,-0.7222887048418674,76.0,42.0,346.4276139349285,5.196915859223873,High
2024-03-13 11:05:00,40.843820260182696,-73.97726434479432,227.0,16.980745832515453,57.58787121072146,Green,Snow,0.0,0.5304963598953656,67.0,12.0,418.6073315047004,9.117115996193949,High
2024-03-13 11:10:00,40.60185686321793,-73.79966249550208,57.0,41.01794606810422,58.29115037992723,Yellow,Snow,0.0,0.7171017748972539,38.0,30.0,411.3204929230436,12.654220949893396,Medium
2024-03-13 11:15:00,40.6636036666176,-73.79160232333557,210.0,5.716633289332394,85.28673585336202,Red,Clear,0.0,-0.5393477694661026,8.0,18.0,112.09373497408764,11.337091885901057,High
2024-03-13 11:20:00,40.72470718128902,-73.76761285859993,88.0,68.82596633145198,97.34727097473784,Red,Rain,0.0,-0.5291691678689703,83.0,26.0,119.49571345168162,19.927893386510945,High
2024-03-13 11:25:00,40.792821300527045,-73.76123835389872,41.0,67.15956089749085,24.43038404405366,Green,Rain,0.0,-0.047010671291455,48.0,18.0,495.4627080091865,27.472918354057285,Low
2024-03-13 11:30:00,40.65478912056863,-73.92128017179294,128.0,19.912642360398948,35.96760404452584,Green,Rain,0.0,-0.5054956017999634,80.0,39.0,378.1248435288712,23.285522324133677,High
2024-03-13 11:35:00,40.645915967573494,-73.83380761629766,236.0,49.76908461774497,93.19879286952325,Yellow,Clear,0.0,-0.389821221350026,22.0,34.0,450.8534629527146,17.552601750515997,High
2024-03-13 11:40:00,40.60737635091614,-73.70694774635959,84.0,20.0907492479715,75.65448611292463,Yellow,Fog,0.0,0.0642237537074337,39.0,29.0,407.0810365328542,12.967501641539084,Medium
2024-03-13 11:45:00,40.85905626759373,-73.73989367544908,194.0,65.17300849851776,16.558150264139897,Red,Snow,0.0,0.0615035945396429,33.0,34.0,258.22050404944366,10.582467916127108,Medium
2024-03-13 11:50:00,40.62794161968993,-73.72155876187563,75.0,21.904795395150316,36.668789562401166,Red,Fog,1.0,0.7581420263713532,10.0,34.0,419.00534941901697,6.674926298331853,High
2024-03-13 11:55:00,40.79529998773792,-73.74709877702857,113.0,78.10561534400728,71.83695356489703,Red,Clear,0.0,0.5990602989538922,45.0,9.0,418.8123861492263,22.381618104045277,Medium
2024-03-13 12:00:00,40.81452921040902,-73.72367771967446,34.0,60.94932158093991,44.381989413851905,Green,Clear,0.0,0.5051001010955112,92.0,34.0,295.2785869468654,5.25611128868199,Low
2024-03-13 12:05:00,40.78217009950007,-73.92117364823949,210.0,21.634802541241147,39.40184720233408,Yellow,Clear,,0.4922194452589621,80.0,36.0,436.4853133458844,19.560310569327935,High
2024-03-13 12:10:00,40.61223366284652,-73.71744103565808,278.0,49.35867344268644,68.78529497306486,Green,Fog,1.0,0.2805853725420311,51.0,42.0,384.46309858860474,10.314119462906156,High
2024-03-13 12:15:00,40.69775078574429,-73.76391750132375,140.0,72.65850330313545,10.575497148026017,Green,Rain,0.0,0.3812829991983895,65.0,27.0,95.36091734098268,16.716711838537904,Medium
2024-03-13 12:20:00,40.86466744310745,-73.81866376610053,106.0,36.7789600212866,79.18023224461716,Green,Snow,0.0,0.9734755934599076,15.0,25.0,303.5486304364294,10.37147714475462,Medium
2024-03-13 12:25:00,40.67504940481212,-73.7458914178095,191.0,68.98916268141505,91.45848102461584,Yellow,Fog,0.0,-0.5739209688903575,99.0,1.0,378.967751474825,13.86323953250863,High
2024-03-13 12:30:00,40.80277913329349,-73.9251408838509,247.0,49.88644207714587,10.090964804085765,Green,Fog,0.0,-0.7982005504260443,54.0,29.0,98.86277554848618,14.722613794185117,High
2024-03-13 12:35:00,40.62641174625374,-73.90851883199149,110.0,44.652652000314525,65.3304773653878,Green,Rain,0.0,-0.9713209992069723,13.0,27.0,283.5939033020469,27.774178949654292,Medium
2024-03-13 12:40:00,40.79200891990598,-73.90520602080666,48.0,63.90336493456384,96.80866330607618,Green,,0.0,0.7530729233738027,95.0,26.0,428.5181599880693,6.2713152324644375,High
2024-03-13 12:45:00,40.6063806245791,-73.99596564159667,99.0,62.97582272782028,28.810586392974994,,Fog,0.0,0.941065479689801,92.0,45.0,409.09743141339374,25.99316340532017,Low
2024-03-13 12:50:00,40.89293215690845,-73.76292501122563,122.0,20.18928338643635,38.816165195779995,Yellow,Snow,0.0,-0.194628412458867,,17.0,68.10170311531145,11.141471060638532,Medium
2024-03-13 12:55:00,40.88432086449525,-73.70168374811178,159.0,53.46510518950076,25.02201921439905,Red,Fog,0.0,-0.3435493991413081,96.0,11.0,188.4431657037572,14.01505844200383,Medium
2024-03-13 13:00:00,40.72719936918171,-73.86838401797958,196.0,53.16767889517094,24.442747391943033,Yellow,Snow,0.0,-0.8790442677191572,3.0,21.0,98.73976960076946,8.307021254537919,Medium
2024-03-13 13:05:00,40.79842025754136,-73.90150845811596,62.0,63.31211708611033,45.62442598469568,Green,Fog,0.0,0.482124170552668,84.0,9.0,279.4413247344886,7.57752208782224,Low
2024-03-13 13:10:00,40.78217671890918,-73.91668479736839,281.0,12.314554518315951,91.79468095673565,Yellow,Rain,0.0,0.2455685421381226,53.0,47.0,176.51017706728084,29.75857955535204,High
,40.71878964667063,-73.8584048468384,118.0,14.851107823390787,27.841879763925103,Red,Rain,0.0,-0.4770107493988409,80.0,46.0,260.41920548271315,16.558503861874197,High
2024-03-13 13:20:00,40.75477149438409,-73.74684032817994,25.0,18.9626594078702,68.57655887285175,Green,Fog,0.0,-0.0389354293589205,60.0,28.0,69.00478820939341,11.721001281473075,High
2024-03-13 13:25:00,40.75783961949858,,175.0,24.35313738739226,32.32400923706692,Yellow,Rain,0.0,-0.9042341057020749,3.0,25.0,395.7251037409514,28.166226284748127,Medium
2024-03-13 13:30:00,40.822682455634485,-73.77114849996208,243.0,39.2947181371929,50.48407565310057,Red,Snow,0.0,-0.1630934782382933,62.0,43.0,73.98188981430496,16.79350168214232,High
2024-03-13 13:35:00,40.80929435965153,-73.74598066782629,146.0,60.462141699948326,21.401575645902415,Green,Rain,0.0,0.996780785376522,28.0,44.0,80.03449471424548,6.062974636908204,Medium
,40.76118658445105,-73.85573013705292,14.0,11.459594285473388,85.67964304176655,Green,Snow,0.0,0.9720594140912088,,42.0,208.62694054496512,14.70110299614802,High
2024-03-13 13:45:00,40.88123735487813,-73.71077949109097,107.0,11.360723640629226,46.96947734185039,Yellow,Fog,0.0,0.4222014431671443,67.0,38.0,305.50213270990065,15.669229313949122,High
2024-03-13 13:50:00,40.8097435811944,-73.738012677703,226.0,26.702404739997007,43.90156047810183,Red,Snow,0.0,0.5102356808121469,42.0,22.0,185.60617076712057,19.76878255537037,High
2024-03-13 13:55:00,40.621431769432625,-73.97192034114474,299.0,54.79890951337467,28.036823626448836,Yellow,Rain,0.0,-0.0738680700350924,54.0,31.0,259.5293826541348,9.35145681210482,High
2024-03-13 14:00:00,40.64440852517871,-73.89277728658038,280.0,34.97906269474616,67.89520736759391,Yellow,Clear,1.0,-0.2630677264480541,41.0,0.0,106.67800126673043,11.39362877246394,High
2024-03-13 14:05:00,40.65860123995658,-73.84360841867915,261.0,50.40630921930286,10.14513696981476,Yellow,Snow,0.0,0.6023333815867697,51.0,9.0,215.21260491870103,25.34886323340465,High
2024-03-13 14:10:00,40.7734380968022,-73.9721063130635,91.0,54.34868922334712,15.96187743815342,Red,Clear,0.0,-0.9996596857526914,88.0,40.0,371.3686219637101,16.63836062905882,Low
2024-03-13 14:15:00,40.60296074852006,-73.73938385034678,,45.12444515596091,11.603266416207305,Yellow,Fog,0.0,-0.6733421347722124,6.0,1.0,372.634722053011,17.353383718782794,
2024-03-13 14:20:00,40.6256635644851,-73.73401110579333,231.0,27.527031214213828,73.36421434091724,Green,Clear,0.0,-0.9664053514621772,55.0,1.0,144.56939447915022,5.222732265173503,High
2024-03-13 14:25:00,40.72515823115895,-73.74592401153973,102.0,9.826006005689203,78.24330676662568,Red,Snow,0.0,0.8206521418497812,86.0,22.0,204.21885412201289,19.45374983307542,High
2024-03-13 14:30:00,40.77297520572741,-73.97992305430364,292.0,55.57613110809354,84.75523034149568,Yellow,Fog,0.0,-0.4335655090864514,64.0,7.0,350.75950243524727,29.075225458726123,High
2024-03-13 14:35:00,40.794375288226696,-73.98605674723137,119.0,59.26895325219225,91.6820741158696,Red,Snow,0.0,0.5911018112876447,32.0,46.0,487.2413974171451,24.580880349828025,High
2024-03-13 14:40:00,40.75522977531429,-73.7286941044352,190.0,26.08359592079678,89.96308394829153,Red,Snow,0.0,-0.8830025053383261,19.0,29.0,421.05565962036104,10.671076936424374,High
2024-03-13 14:45:00,40.83052670261735,-73.916308203694,120.0,42.02032686152501,40.40270351831957,Green,Clear,0.0,0.0906624222202343,57.0,41.0,86.9483451721157,13.044683519447904,Medium
2024-03-13 14:50:00,40.863103580130534,-73.7465505345314,297.0,59.46454920632792,19.175113690234472,Red,Snow,0.0,-0.7265378966144174,34.0,5.0,147.65953705862697,20.972482681536295,High
2024-03-13 14:55:00,40.75216104089242,-73.90227975271378,235.0,32.863200912547974,97.137932598769,Red,Fog,0.0,-0.3825785349247588,28.0,44.0,55.86208637423025,29.422498259912174,High
2024-03-13 15:00:00,,-73.83776333127213,72.0,73.96979892277143,31.901750534431837,Green,Rain,0.0,0.901116368843638,78.0,43.0,151.635036545665,15.685210149748244,Low
2024-03-13 15:05:00,40.87338623549103,-73.73244381432545,246.0,5.740354212629804,27.22277770432033,Red,Fog,0.0,,55.0,26.0,232.64506224502537,26.001446630545196,High
2024-03-13 15:10:00,40.76525710246893,-73.81120944236184,29.0,30.31893130339151,90.20603999213918,,Fog,0.0,-0.8410887485044933,86.0,31.0,108.11922178071978,24.95337024056553,High
2024-03-13 15:15:00,40.70582310956592,-73.87409935660783,24.0,24.428283622903916,93.49423691844376,Red,Clear,0.0,-0.3836451533029696,56.0,9.0,442.9260468665557,18.48536039499653,High
2024-03-13 15:20:00,40.66401663636433,,129.0,29.652144258245887,77.36310748416177,Red,Snow,0.0,-0.2416087225371319,41.0,3.0,206.63467123926696,18.49529082212117,Medium
2024-03-13 15:25:00,40.720383564327,-73.84719368780152,119.0,71.13061754826244,47.009877247132344,Red,Fog,0.0,-0.7193425845877295,72.0,21.0,215.68706709461193,11.972957890274866,Medium
2024-03-13 15:30:00,40.70602884539749,-73.91156962102986,47.0,22.02383336430894,38.50146466017198,Green,Fog,0.0,0.3655003536189263,10.0,28.0,362.916688256914,11.521674401026903,Medium
2024-03-13 15:35:00,40.70501066048036,-73.71692872059428,147.0,67.62690202749903,55.19290472774151,Green,Fog,0.0,-0.4057435258417434,55.0,1.0,440.0564232771523,13.66048706079425,Medium
2024-03-13 15:40:00,40.80495942243729,-73.8286204261943,41.0,71.22958269152882,,Red,Clear,1.0,0.6351772397186857,99.0,20.0,210.81867037414483,14.314939601673087,High
2024-03-13 15:45:00,40.86916604584376,-73.8785519541419,177.0,39.98220038928018,70.20530002086409,Red,Fog,0.0,-0.4135558274077546,24.0,49.0,212.484987743285,8.309826300481571,Medium
2024-03-13 15:50:00,40.81694310358022,-73.87749131614656,144.0,48.43327524481043,42.49421984836281,Green,Fog,0.0,-0.9805778369750926,60.0,27.0,379.6108127198246,8.17037505557813,
2024-03-13 15:55:00,40.735653063983264,-73.78305211292842,288.0,45.494087576263645,63.09687018704708,Yellow,Clear,0.0,-0.8447274184068221,50.0,8.0,165.03768704104732,8.91825008567331,High
2024-03-13 16:00:00,40.67151098531032,-73.75784826464728,15.0,6.86447865027925,62.0342973449268,Green,Snow,0.0,-0.4739182993048028,99.0,13.0,129.4568450131676,29.705527321532625,High
2024-03-13 16:05:00,40.74189118970381,-73.77879141398012,29.0,51.1798066385063,76.31196379381498,Red,Clear,0.0,0.5401827700489628,25.0,3.0,412.94410494234495,9.881191749002554,Medium
2024-03-13 16:10:00,40.66301051551775,-73.97622632977391,76.0,25.75538495511369,14.940041784890756,Yellow,Snow,1.0,0.7244930359617012,15.0,33.0,408.15335224201954,5.053766677544425,High
2024-03-13 16:15:00,40.87721960977037,-73.87356572445516,171.0,64.83032623427339,28.365683370167464,Red,,0.0,-0.5376543513265413,52.0,17.0,366.4037842876437,18.99965586073529,Medium
2024-03-13 16:20:00,40.69524082133736,-73.83816541015099,286.0,21.12642590787888,62.52888938013144,Yellow,Rain,0.0,-0.050536174301168,5.0,42.0,245.8786697679923,27.45673684755643,High
2024-03-13 16:25:00,40.714018596227085,-73.72226693017751,73.0,49.62151435209778,79.38344921298484,Yellow,Rain,0.0,0.8601044688996036,50.0,1.0,161.49471533514958,29.116161104720035,Medium
2024-03-13 16:30:00,40.83186603577867,-73.86708128245071,181.0,29.429245384631955,75.80060752794166,Red,Snow,0.0,-0.910152239424996,9.0,43.0,118.65336437271982,20.316401268847255,Medium
2024-03-13 16:35:00,40.64492961556474,-73.95946809915743,73.0,31.397792232062105,18.324215029970684,Yellow,Clear,0.0,0.1711801593886859,84.0,38.0,179.78839650330255,18.276259609677695,Medium
2024-03-13 16:40:00,40.84720291163444,-73.86786722743624,28.0,66.71116179619855,41.1341711506431,Yellow,Rain,0.0,-0.903453365596705,87.0,45.0,189.743867083839,25.012813459644992,Low
2024-03-13 16:45:00,40.862304420710615,,217.0,22.40040489949977,67.46548775009589,Green,Clear,0.0,0.7582790195253541,51.0,44.0,323.73332040060876,18.632241306768886,High
2024-03-13 16:50:00,40.769211225250885,-73.7775751806742,72.0,37.80117457234094,62.28180414509477,Yellow,Fog,0.0,-0.6841381686238444,11.0,1.0,443.9263738160159,29.705413811740524,Medium
2024-03-13 16:55:00,40.68000106410365,-73.81645587824747,169.0,6.565248314065828,69.57458447913388,Green,Clear,0.0,0.7349330559463296,80.0,34.0,328.7851214291655,24.769519306755747,High
2024-03-13 17:00:00,40.60063128309996,-73.73284651246504,285.0,32.59384963360753,79.3104938023922,Red,Rain,1.0,0.7863444753246671,69.0,47.0,229.70472160174373,29.95418661637496,High
2024-03-13 17:05:00,40.67008418811377,-73.91529153859724,126.0,27.900466735237853,54.22996799821619,Green,Rain,0.0,-0.7794431936968356,58.0,21.0,50.31595256682353,17.734084766893332,Medium
2024-03-13 17:10:00,40.625219512351315,-73.71335480721844,262.0,19.694518245411903,16.557500750773947,Green,Clear,1.0,-0.9796163348827852,80.0,23.0,497.67689722708286,19.8182439062763,High
2024-03-13 17:15:00,40.86503417069064,-73.99737660736243,186.0,5.2273894069674265,86.96081027367715,Green,Fog,0.0,-0.1347088583124076,53.0,14.0,318.8191422896527,6.814272460907915,High
2024-03-13 17:20:00,40.746330675723456,-73.81916434115098,81.0,77.96905982368716,43.46742349119042,Yellow,Rain,0.0,-0.9786966995349542,92.0,44.0,294.6992202447601,22.126314432056784,Low
2024-03-13 17:25:00,40.79563562357817,-73.71470062330805,189.0,22.70004688614951,66.46407746943777,Green,Fog,0.0,0.4886873871907682,82.0,21.0,55.38274101457094,28.05092191164203,Medium
2024-03-13 17:30:00,40.76866065889263,-73.79821203268769,89.0,72.82007223401172,89.85074535764937,Yellow,Rain,0.0,0.8868435512262007,33.0,8.0,456.2711104142903,29.66034811179488,High
2024-03-13 17:35:00,40.6096858442961,-73.91565252336521,245.0,69.68064879081525,94.7167183971988,Green,Clear,0.0,-0.0492893917745815,46.0,43.0,318.7232707134938,7.078458718928589,High
2024-03-13 17:40:00,40.7113599639239,-73.99187129681474,283.0,35.346019280377234,58.56344052399528,Red,Rain,0.0,0.5009230343683848,48.0,39.0,239.47974216673063,29.335506280553872,High
2024-03-13 17:45:00,40.68058229711862,-73.95968853734234,224.0,74.60552762899445,21.373607013643863,Green,Fog,1.0,-0.2018183755392901,79.0,30.0,270.97443497754574,6.975299658697599,High
2024-03-13 17:50:00,40.82895960274623,,233.0,48.06647129198406,42.97470380467061,Green,Clear,0.0,0.6542143029447833,7.0,44.0,95.9987967802581,8.266935689928967,High
2024-03-13 17:55:00,40.866783337543154,-73.95529799543354,211.0,36.858941410882494,49.187647438888,Red,Rain,0.0,-0.0126229058605595,17.0,12.0,254.6521216516372,16.93362521681898,High
2024-03-13 18:00:00,40.87247685975911,-73.85805870799473,188.0,79.53315918423999,12.286403713484413,Red,Fog,0.0,0.502110319370471,92.0,26.0,143.45891541733772,15.72644553158218,Medium
2024-03-13 18:05:00,40.891730494613206,-73.74208038417439,267.0,12.061351805348917,42.91845617861264,Red,Snow,0.0,-0.719089100624906,70.0,21.0,227.73688970302692,5.507752653878376,High
2024-03-13 18:10:00,40.80233608773696,-73.9488215596312,143.0,57.887192048263465,16.127632193992106,Green,Rain,0.0,-0.6497075790506761,9.0,9.0,289.7472291949646,15.869385004705851,Medium
2024-03-13 18:15:00,40.771641319298986,-73.97705383502156,277.0,38.29713489764957,,Red,Fog,0.0,-0.637691613857901,44.0,25.0,372.4637358727258,6.118693788027852,High
2024-03-13 18:20:00,40.77321478500286,-73.89068608622665,177.0,45.081108803916976,57.6186744323625,Green,Rain,0.0,-0.9989513321842882,81.0,39.0,308.12089169993783,5.063980624580184,Medium
2024-03-13 18:25:00,40.6590311533535,-73.9193877188603,289.0,18.83917143645683,19.4473952639372,Red,Fog,0.0,0.4816535997697353,34.0,34.0,376.2056995356803,13.416853435994346,High
2024-03-13 18:30:00,40.8505608671151,-73.75027155126634,217.0,49.44649530985544,43.87514643700743,Red,Clear,,0.3289224295687476,46.0,17.0,114.9188882662318,5.93014134912299,High
2024-03-13 18:35:00,40.85903070285865,-73.88208861914387,293.0,26.473016354656117,52.667837096229576,Red,Clear,0.0,-0.9050399765926777,82.0,37.0,300.10907128965994,26.00877505437294,High
2024-03-13 18:40:00,40.668286872344815,-73.891791702488,112.0,41.44651926098976,94.74646786489753,Green,Snow,0.0,0.1728395783580716,2.0,11.0,148.8948775019955,28.965688770916447,High
2024-03-13 18:45:00,40.63227678424873,-73.81051835763539,172.0,33.18365351283756,30.04150043481581,Green,Rain,0.0,-0.8526037592950808,68.0,6.0,257.2848093557211,12.598293547625907,Medium
2024-03-13 18:50:00,40.80026648676403,-73.81045687160402,133.0,44.119360596571745,60.80382792954479,Yellow,Clear,0.0,0.244112338652396,2.0,45.0,341.7013530077231,22.316277697069612,Medium
2024-03-13 18:55:00,40.854586990629734,-73.71222394322353,284.0,55.348919275553484,21.178218347238037,Green,Rain,0.0,-0.179959767026032,38.0,45.0,229.68868995338113,23.740035745742013,High
2024-03-13 19:00:00,40.77852380182504,-73.98913290058425,248.0,72.1129714470471,90.25032639835668,Yellow,Rain,0.0,-0.6231927392622985,29.0,42.0,129.31306575050047,11.53506082916746,High
2024-03-13 19:05:00,40.66690733438633,-73.71442467142849,157.0,30.07003878652053,10.603821414824852,Green,Fog,0.0,-0.6858908055796891,31.0,26.0,188.4289256921496,12.234631518685166,Medium
2024-03-13 19:10:00,40.761393962997126,-73.94529817527874,253.0,75.58458667005922,93.51027627726609,Yellow,Snow,0.0,-0.478865785522139,69.0,46.0,339.32229028475854,28.208271377728824,High
2024-03-13 19:15:00,40.69179951972243,-73.72091154497517,17.0,9.999368793226472,70.51392141094263,Red,Clear,0.0,-0.0992841310127305,36.0,32.0,364.51590983490235,23.279384255772463,High
2024-03-13 19:20:00,40.68158494414547,-73.93723851551597,280.0,25.706893265708608,28.13953349718094,Yellow,Fog,1.0,0.6363225705019324,74.0,43.0,95.43612692587324,12.32869814239254,High
2024-03-13 19:25:00,40.60678177740294,-73.73239165840164,82.0,20.294062474627545,59.05603508741148,Yellow,Rain,0.0,0.0162580846060436,70.0,6.0,199.7855888070191,23.800534093181216,Medium
2024-03-13 19:30:00,40.85384936075309,-73.80923518796108,192.0,38.66555671503964,33.723251248902024,Red,Clear,0.0,0.865463872105728,3.0,46.0,216.24827894091356,24.756125325387135,Medium
2024-03-13 19:35:00,40.83722679008887,-73.79945337459738,165.0,34.951730329616666,30.00447006266078,Green,Clear,0.0,-0.4689986876042791,,24.0,273.30981409528147,16.925045741476396,Medium
2024-03-13 19:40:00,40.86698116921919,-73.73557370205151,57.0,,38.54258710855864,Red,Snow,0.0,-0.318226303391768,84.0,35.0,258.92009313669973,26.19454579332105,High
2024-03-13 19:45:00,40.68539178672232,-73.72575051361417,265.0,42.06343923442022,15.497341798822816,Yellow,,0.0,-0.4113940630424015,25.0,44.0,363.7422243090931,17.920108156529587,High
2024-03-13 19:50:00,40.61609334657932,-73.89256162688467,213.0,59.85131693309948,57.24049000585195,Yellow,Rain,0.0,-0.5321147191938593,64.0,19.0,213.3215772047602,19.785865908863617,High
2024-03-13 19:55:00,40.65438282742638,-73.76387884338261,100.0,74.36665987439412,62.42561780987489,Yellow,Fog,0.0,0.2080376617148136,97.0,16.0,164.3742773280308,28.019996536394444,Medium
2024-03-13 20:00:00,40.87384206203145,-73.7975894481327,281.0,77.07091847015003,63.51411445294998,Green,Fog,0.0,-0.5416160403733576,13.0,20.0,244.99472673460076,21.185420463876493,High
2024-03-13 20:05:00,40.66040167093863,-73.98692166734284,227.0,48.849259002642775,39.50164744392246,Green,Fog,0.0,-0.7888971247586722,5.0,30.0,474.1310556506669,7.969346050278371,High
2024-03-13 20:10:00,40.62451357169061,-73.88742918253209,154.0,51.37599308909317,31.014319058687896,Yellow,Rain,1.0,-0.4807973325360706,53.0,49.0,387.7555422796012,17.853948132704318,High
2024-03-13 20:15:00,40.62223941659926,-73.93438242041181,193.0,10.822701390193595,50.22124805266483,Red,Fog,1.0,-0.8883021196078631,14.0,31.0,433.827881585865,9.626926791867447,High
2024-03-13 20:20:00,40.66026132773288,-73.98559044054825,201.0,36.855949996559126,41.236349975737426,Red,Rain,0.0,-0.2422187280121572,42.0,6.0,380.92536277048384,12.149685518430694,High
2024-03-13 20:25:00,40.82953495051,-73.75513963917618,45.0,7.44314835740129,29.830229344712944,Green,Clear,0.0,0.907160535029585,98.0,12.0,171.8080351586528,17.427761725752692,High
2024-03-13 20:30:00,40.89146008152131,-73.93148229324282,136.0,15.4804399836711,40.80900580546344,Red,Fog,0.0,-0.7074380510346452,95.0,26.0,197.05377983329765,14.874827788241372,High
2024-03-13 20:35:00,40.64505502368514,-73.82147744378696,122.0,71.62093977192328,82.03758888225188,Yellow,Fog,0.0,-0.6509510821569287,62.0,44.0,214.608945337161,29.175454740799193,High
2024-03-13 20:40:00,40.87752910456244,-73.91023913250199,11.0,20.728857494259746,40.6063262505013,Red,Rain,0.0,-0.8797746344529047,98.0,21.0,194.20518395833471,23.41377199950777,Medium
2024-03-13 20:45:00,40.762087036008666,,131.0,38.60874048736174,73.89697023323231,Red,Fog,0.0,-0.4817806788324559,36.0,2.0,245.2916944454688,23.024760500716596,Medium
2024-03-13 20:50:00,40.691216225698234,-73.81713111086567,124.0,57.95523822596098,28.552129458238504,Green,Rain,0.0,-0.9531634957282508,29.0,46.0,428.2753920330348,22.4030570336197,Medium
2024-03-13 20:55:00,40.828535242775935,-73.90426773050585,186.0,55.12216949123221,19.755955798088372,Green,Clear,0.0,0.5277769341558796,16.0,9.0,81.17953317163337,20.094436544504944,Medium
2024-03-13 21:00:00,40.78762884942672,-73.9543778307214,154.0,52.53105583501233,37.56548501664858,Red,Rain,0.0,0.709547295814299,45.0,36.0,149.99424658403674,19.94455799663809,
2024-03-13 21:05:00,40.756398092528144,-73.75102016677182,181.0,23.434373451196777,76.14578049597277,Green,Fog,0.0,-0.8511216636248784,37.0,49.0,385.5183037159516,10.038118469600985,Medium
2024-03-13 21:10:00,40.623846288827984,-73.81926200078944,71.0,26.413444949308932,39.98112130686022,Green,Clear,0.0,0.9471835536023436,83.0,37.0,244.89848782345348,7.618442714865002,Medium
2024-03-13 21:15:00,40.764375447607094,-73.99778064938785,217.0,72.767331893889,23.248109532457057,Red,Clear,0.0,0.2272296943395457,17.0,12.0,196.76677889112383,15.595646961912369,High
2024-03-13 21:20:00,40.85973476253856,-73.70291375163526,28.0,63.09286763947815,73.3228094961942,Red,Snow,1.0,-0.3409886817095882,61.0,48.0,371.991237805767,5.137463025878043,High
2024-03-13 21:25:00,40.76396863904441,-73.80314200260315,84.0,7.807079861097655,90.6052628007912,Yellow,Snow,0.0,,16.0,49.0,79.16369460294972,19.813988140708723,High
2024-03-13 21:30:00,40.64673887918842,-73.8488592682414,31.0,16.53917004722185,37.99073300175553,Yellow,Snow,1.0,0.155248992616358,93.0,21.0,318.56763294608896,11.422760923653856,High
2024-03-13 21:35:00,40.83441632512502,-73.8520299892891,70.0,47.075029446824715,40.20663309986941,Green,Rain,1.0,0.1090829461776374,19.0,10.0,391.32156847218386,25.514613866305695,High
2024-03-13 21:40:00,40.88398691635763,-73.98542733577598,129.0,31.018359137219,63.44755887957708,Green,Fog,0.0,-0.6293419057287326,22.0,36.0,346.88662186497345,13.353041531032362,Medium
2024-03-13 21:45:00,40.68905450677887,-73.94130824588245,157.0,22.241861498394982,68.26431956869675,Yellow,Snow,0.0,-0.990369206254092,78.0,38.0,448.5503079085619,10.212543081111502,Medium
2024-03-13 21:50:00,40.76804685610318,-73.89832751704704,226.0,72.87852919922568,59.253457078271865,Yellow,Fog,0.0,0.2187078995067306,99.0,36.0,181.30407173150812,23.95396362264291,High
2024-03-13 21:55:00,40.830401014867526,-73.95629262965365,111.0,48.22085236554167,32.51139478185465,Red,Snow,0.0,0.1619773731376985,26.0,7.0,204.0267613147627,5.606326979149633,Medium
2024-03-13 22:00:00,40.69307339438766,-73.8097300654861,79.0,62.759175204778415,92.27164209536672,Green,Snow,1.0,-0.4510867166939103,12.0,22.0,302.6081998372099,22.73833885224924,High
2024-03-13 22:05:00,40.80750688390035,-73.97368640287868,43.0,68.66270088371573,46.18666535720658,Red,Snow,0.0,-0.9511137648934704,89.0,23.0,76.81927589800948,11.055171339872649,Low
2024-03-13 22:10:00,40.80604466211826,-73.80366829316733,62.0,43.56184849473478,12.8090104387126,Red,Snow,0.0,-0.8356257151761834,88.0,1.0,234.30210898033172,23.308790741697944,Low
2024-03-13 22:15:00,40.84516812520013,-73.7140011413393,158.0,49.435044186098416,78.29911877921572,Yellow,Snow,0.0,-0.0268764422927139,33.0,28.0,417.590730414181,5.642044622636795,Medium
2024-03-13 22:20:00,40.81701119887585,-73.88296832945407,95.0,76.33261554991279,32.113946905859116,Green,Snow,0.0,-0.3666192933017593,16.0,8.0,403.90569079714504,20.34114661588492,Low
2024-03-13 22:25:00,40.671992701044005,-73.9834316930258,66.0,70.18009846874745,86.27928760694587,Green,Clear,0.0,0.4394532749303219,18.0,19.0,212.02263740979453,14.884065656905705,High
2024-03-13 22:30:00,40.695359532076495,-73.86951684871396,233.0,16.018455401225708,54.797119658155125,Red,Snow,0.0,0.7452691778935892,55.0,34.0,136.96853999013717,28.09593564236433,High
2024-03-13 22:35:00,40.75701504828032,-73.71798649614645,160.0,62.884655631512,87.32089555702342,Green,Rain,,-0.3548499129538718,41.0,39.0,415.74667568057066,20.545845596278127,High
2024-03-13 22:40:00,40.83943643632522,-73.72255205204745,49.0,30.906500397932,28.272876991705942,Red,Rain,0.0,0.345728349692654,98.0,0.0,389.7054215985547,18.57043689330714,Medium
2024-03-13 22:45:00,40.76980182710258,-73.73311546040267,19.0,15.856199054643245,46.80781242443734,Yellow,Clear,0.0,-0.827782559493599,3.0,2.0,452.7582907114653,17.052731164284793,High
2024-03-13 22:50:00,40.74020890731595,-73.87085914782445,48.0,23.609591068781945,80.12603702377416,Green,Clear,0.0,0.7047848683983602,19.0,46.0,466.4488571290674,21.812983290716993,High
2024-03-13 22:55:00,40.8800486695326,-73.76584188478391,159.0,31.45744194107674,67.38086779018928,Red,Clear,0.0,-0.3890669800155244,52.0,0.0,428.66782301412167,23.83549120687484,Medium
2024-03-13 23:00:00,40.87852626350124,-73.84487638061594,15.0,17.54117165287146,95.90006808461168,Green,Snow,0.0,0.8506162798124242,83.0,47.0,400.45866303061183,14.552041706270217,High
2024-03-13 23:05:00,40.61539422344877,-73.91728616926187,126.0,25.36639689232936,20.122737967871537,Yellow,Fog,0.0,-0.4787409658643744,10.0,20.0,125.43436817260154,18.71136111289912,Medium
2024-03-13 23:10:00,40.805456893909174,-73.80851973272547,253.0,25.511500100310183,25.8591955858152,Green,Clear,0.0,-0.1335616756498003,7.0,35.0,213.9980115003497,6.558806500248577,High
2024-03-13 23:15:00,40.66379878378622,-73.85855176499143,251.0,22.322004751550647,61.70681731422464,Red,Fog,0.0,-0.9858344607984456,7.0,22.0,442.5458968658114,24.185055682619797,High
2024-03-13 23:20:00,40.65888363014473,-73.95288413395572,215.0,33.422250193826905,87.50846682475921,Green,Snow,0.0,-0.0786196080965313,62.0,39.0,283.3202828238536,13.694145980961482,High
2024-03-13 23:25:00,40.67789480715057,-73.73654811688488,66.0,36.4038455804377,80.74245726236744,Yellow,Clear,0.0,0.8657674775030184,15.0,43.0,159.516340435006,28.201660901065612,High
2024-03-13 23:30:00,40.73932890208849,-73.826408901644,57.0,29.17846512557209,65.706378639736,Green,Fog,0.0,0.7538612705773644,43.0,14.0,354.45746364648943,23.666455721278076,Medium
2024-03-13 23:35:00,40.775047734135825,-73.80828577174852,29.0,56.305431110772474,19.740214375035706,Yellow,Clear,0.0,-0.9434686342317952,20.0,31.0,83.84943863478767,11.285673987413045,Low
2024-03-13 23:40:00,40.84502051514361,-73.9715552242622,41.0,63.33029077274702,44.58987383098234,Red,Clear,0.0,-0.3549495606445094,33.0,9.0,477.6884306714812,18.898823766119747,Low
2024-03-13 23:45:00,40.84865863455197,-73.98072143946774,31.0,71.32282506887762,52.36726387337922,Yellow,Rain,0.0,0.5750816277978517,23.0,49.0,146.26466791772373,5.556791320990346,Medium
2024-03-13 23:50:00,40.86720321360747,-73.8207123289949,65.0,7.033169946921149,86.04901731446898,Yellow,Fog,0.0,0.5811537187408937,12.0,36.0,363.1553605165853,13.836633233203026,High
2024-03-13 23:55:00,40.744255272324246,-73.90434114515801,286.0,26.200969505688928,20.14654370670732,Green,Rain,0.0,0.6171701183804521,74.0,2.0,139.49148978315657,14.942700864192192,High
2024-03-14 00:00:00,40.777830377400406,-73.9371239771694,176.0,17.607577902428204,88.47833285266498,Green,Snow,0.0,0.2547816430887486,68.0,17.0,462.75598404796006,29.74025372156592,High
2024-03-14 00:05:00,40.67792641467872,-73.7417253815761,108.0,54.67678265313606,16.018886728307688,Yellow,Rain,0.0,0.9331562513685244,45.0,23.0,359.0106244751002,10.771214760513471,Medium
2024-03-14 00:10:00,40.805610954090454,-73.71881867065916,260.0,79.1174581362306,96.40797879345946,Red,Clear,0.0,-0.7263551943266997,21.0,26.0,275.2511731400927,26.257071842822334,High
2024-03-14 00:15:00,40.81014024159006,-73.92382419431128,263.0,34.24072739018154,97.9501911894686,Red,Fog,0.0,0.182912655293876,23.0,23.0,215.6447107239636,13.455671697337644,High
2024-03-14 00:20:00,40.629128666820776,-73.93703318981349,127.0,31.69170581620632,87.86212932820594,Green,Clear,0.0,0.0053697291337495,46.0,1.0,276.2298393347246,28.38905759044796,High
2024-03-14 00:25:00,40.74884426358183,-73.73354604572467,153.0,32.74653889136795,95.9329902545706,Yellow,Snow,0.0,-0.1452028763840833,22.0,15.0,348.47194291144086,7.547039004270177,High
2024-03-14 00:30:00,40.65898391129767,-73.9282096245562,283.0,5.841624241820499,26.676599770865817,Red,Clear,0.0,0.8153980451046166,35.0,24.0,404.6772190756651,,High
2024-03-14 00:35:00,40.758427654668445,-73.74274623707639,113.0,67.25572653647495,79.1856407135371,Red,Clear,0.0,0.5666674790541641,74.0,7.0,210.71211983700272,23.964148866976885,Medium
2024-03-14 00:40:00,40.73168939286208,-73.77903875234358,254.0,75.16936225423883,91.1197632487288,Yellow,Clear,0.0,0.4744945978554029,32.0,29.0,217.44760200815247,8.820246619084397,High
2024-03-14 00:45:00,40.61133977809724,-73.8056533451046,65.0,68.61524344756629,91.51087610878396,Green,Fog,0.0,0.923981833668065,83.0,23.0,493.28697192700776,20.332803238343622,High
2024-03-14 00:50:00,40.66228856487966,-73.71693064496539,258.0,44.342549204652606,74.21740268031131,Green,Snow,0.0,0.2000017903267961,39.0,35.0,410.7230315141188,16.514837350686072,High
2024-03-14 00:55:00,40.76000905904857,-73.78246046677977,192.0,79.8921813770284,17.211374764096455,Green,Fog,1.0,-0.1991513654226078,4.0,43.0,204.51799815588677,29.417901921502903,High
2024-03-14 01:00:00,40.63785904399186,-73.8875970539272,22.0,62.114179026314865,32.12787009622055,Red,Fog,0.0,-0.1145985983634068,35.0,37.0,269.8098437491236,19.34858416804144,Low
2024-03-14 01:05:00,40.70213627174275,-73.95114006359478,165.0,31.048432903326443,52.34586614401876,Yellow,Rain,0.0,-0.4043561525480104,27.0,16.0,347.5684737335222,13.85721787085115,Medium
2024-03-14 01:10:00,40.72157924335444,-73.85880256158994,30.0,50.50304859089648,35.77908877585854,Red,Snow,1.0,-0.134457399905177,59.0,19.0,288.678387421901,27.03837376989235,High
2024-03-14 01:15:00,,-73.8433529633962,226.0,6.614776032817847,33.44343163845779,Red,Clear,0.0,0.8129604935863795,80.0,44.0,292.51940574512184,26.345831876829177,High
2024-03-14 01:20:00,40.76039860891277,-73.86194170274192,238.0,65.365487761661,58.56716716440786,Green,Fog,0.0,-0.9060084811972384,29.0,48.0,197.71655413926135,24.151000442280303,High
2024-03-14 01:25:00,40.89642471790712,-73.9485620565063,235.0,44.760537731340015,75.67919343994548,Green,Fog,0.0,-0.9046351902274994,61.0,22.0,399.2334719285805,25.54127027646098,High
2024-03-14 01:30:00,40.73721745691634,-73.81536201080169,91.0,20.639401509805133,42.83959546231954,Yellow,Snow,0.0,-0.8665484120903262,97.0,9.0,145.90238172366395,19.64393150748097,Medium
2024-03-14 01:35:00,40.86424480321635,-73.71040625446783,247.0,15.817210945546094,56.28122204625782,Green,Fog,0.0,0.4426169294820989,20.0,46.0,419.5163798776455,12.379600641683565,High
2024-03-14 01:40:00,40.80416944220777,-73.89010241122789,34.0,12.827027105222715,53.063375998862384,Green,Snow,0.0,0.7409140203780367,8.0,6.0,331.16841164016284,12.922410652551346,High
2024-03-14 01:45:00,40.62225968031135,-73.71113860427026,220.0,74.72408362431662,34.65336508343052,Green,Rain,0.0,-0.4541590699703359,72.0,31.0,102.5281855790059,14.256890223880571,High
2024-03-14 01:50:00,40.69312860710544,-73.89107422647163,81.0,59.043644319220505,83.38881254488068,Red,Fog,0.0,0.3431782347439536,11.0,21.0,346.50027552964093,8.14052254877962,High
2024-03-14 01:55:00,40.78662725347034,-73.81104506408313,152.0,19.461208752722428,82.85982277748361,Yellow,Snow,0.0,-0.4102607515800633,68.0,28.0,391.4916790290124,29.7448831074177,High
2024-03-14 02:00:00,40.78945714204718,-73.86198292926683,286.0,8.55546641888055,35.193623032300025,Red,Clear,0.0,,81.0,29.0,321.8511482214658,27.500458689981773,High
2024-03-14 02:05:00,40.70237057031727,-73.79200157587752,197.0,,57.57095829097108,Red,Fog,0.0,0.8050393170686523,91.0,26.0,283.6432445085364,9.329561362401034,Medium
2024-03-14 02:10:00,40.623590566451455,-73.84338796774213,156.0,45.33397146375603,50.32891112337873,Red,Rain,0.0,-0.7798405626039393,88.0,24.0,,23.34324238744873,Medium
2024-03-14 02:15:00,40.886323456479786,-73.71187147820034,150.0,53.626971314587074,74.77065704460287,Yellow,Rain,0.0,-0.3842642288790603,83.0,6.0,353.0350923493982,9.472577079792169,Medium
2024-03-14 02:20:00,40.80426459855996,-73.99510080545343,140.0,44.55536371247904,34.32234558881028,Green,Fog,0.0,0.5426154715403033,55.0,48.0,288.41531680944945,12.067873468789418,Medium
2024-03-14 02:25:00,40.818526829796774,-73.86166022283055,27.0,17.249632230598742,52.40252613927909,Yellow,Rain,0.0,-0.4226474061324843,85.0,26.0,75.43540435152693,11.008796904670122,High
2024-03-14 02:30:00,40.69195739866263,-73.82484231833445,111.0,26.899603485643237,64.83510455608162,Yellow,Fog,0.0,-0.4184301381119872,10.0,40.0,413.1299236845742,12.68379101905444,Medium
2024-03-14 02:35:00,40.767544107643545,-73.70988203468508,82.0,48.06726327843901,44.14599114826088,Yellow,Snow,0.0,-0.5117456173281216,41.0,38.0,370.56335888586847,29.110470380934483,Low
2024-03-14 02:40:00,40.722903397601094,-73.91157717404306,233.0,29.270245363298404,65.65621773880794,Green,Rain,0.0,-0.3382693799547862,39.0,22.0,208.0619898807981,17.0809340634368,High
2024-03-14 02:45:00,40.714416195331545,-73.8022359240875,47.0,7.985295027108748,94.40838956892463,Yellow,Rain,0.0,-0.3768395159684101,50.0,12.0,409.176395325901,16.41835250361079,High
2024-03-14 02:50:00,40.89043188371455,-73.70273202747663,248.0,47.7993836451554,52.7122962969178,Red,Rain,0.0,-0.6950431813735578,9.0,41.0,414.6238177664133,25.655188070514,High
2024-03-14 02:55:00,40.800574863381094,-73.83095579270908,284.0,10.060633974187963,90.07069695551758,Red,Fog,0.0,0.7674449777455383,46.0,46.0,158.24935441799573,10.826903887587784,High
2024-03-14 03:00:00,40.612228311147355,-73.95200037804625,137.0,6.1964231334699456,34.12986558501518,Green,Rain,0.0,-0.2877643453790102,92.0,37.0,138.6077137006152,22.556762399419256,High
2024-03-14 03:05:00,40.82384834601381,-73.7358167005952,217.0,68.83628131881329,44.84925414447666,Yellow,Rain,0.0,0.0542724512035444,41.0,35.0,55.08761758388968,5.614036119064554,High
2024-03-14 03:10:00,40.682559219031155,-73.99027595633798,298.0,59.73485395898257,65.90778500105222,Red,Clear,0.0,0.2193967024010528,58.0,36.0,136.14942281714423,10.665839555566784,High
2024-03-14 03:15:00,40.62303828967942,-73.72957915414344,197.0,68.2863795942076,85.95254978784061,Yellow,Snow,0.0,0.5554379133027025,14.0,24.0,190.90469966050887,11.82757220446693,High
2024-03-14 03:20:00,40.678866259386595,-73.73532305623128,187.0,56.26318864268505,,Red,Rain,0.0,-0.9587656575317376,16.0,43.0,77.93434617421784,27.12665029481798,Medium
2024-03-14 03:25:00,40.720843542323195,-73.9005161711482,149.0,9.377117435821598,50.31214527726371,Red,Clear,1.0,0.0605537168503937,53.0,38.0,337.1452420658679,11.098806444213782,High
2024-03-14 03:30:00,40.70470175650099,,237.0,49.848024900615094,97.55840834064712,Red,Rain,0.0,0.7460963487884811,39.0,0.0,428.36117646549104,14.928775666209432,High
2024-03-14 03:35:00,40.85446888219733,-73.91581224532642,14.0,45.24102130886398,50.257227152144,Yellow,Clear,0.0,-0.4209039458631538,61.0,24.0,249.55552556075943,18.082099890982953,Medium
2024-03-14 03:40:00,40.87528523086618,-73.92247884284983,172.0,25.759983508153688,52.574225710598206,,Clear,0.0,0.2545322383983901,66.0,12.0,172.2950008333081,21.288026628466294,Medium
2024-03-14 03:45:00,40.77942019922945,,233.0,72.30853032470053,85.15446577161032,Green,Fog,0.0,-0.4574580047557783,39.0,36.0,210.91962663129232,27.606345085480775,High
2024-03-14 03:50:00,40.80308244220413,-73.83244252118288,177.0,18.90421361624477,24.82044428064718,Green,Fog,1.0,0.9586920230166582,53.0,13.0,351.0087915098978,19.11593419616704,High
2024-03-14 03:55:00,40.63466978899139,-73.87769991047786,127.0,27.545923886498112,52.34576284490667,Green,Clear,0.0,-0.5316891532372814,36.0,18.0,98.6168066765531,23.073641483211905,Medium
2024-03-14 04:00:00,40.6179422250644,-73.71041357260981,294.0,46.617719049918776,50.27960654307626,Green,Fog,0.0,0.6677230914761341,22.0,5.0,287.58309893244405,27.07174123664712,High
2024-03-14 04:05:00,40.73968341908686,-73.76381110021087,27.0,47.66232723035091,12.86770612449832,Green,Snow,0.0,-0.7483420052417868,40.0,26.0,259.83274567758735,24.066395108559604,Low
2024-03-14 04:10:00,40.87463603943151,-73.79180541698794,43.0,68.26551598047234,97.72947554512194,Red,Snow,0.0,0.8719333357845152,8.0,1.0,250.70172899893245,9.915220162823989,High
2024-03-14 04:15:00,40.62229077738811,-73.97409254994922,179.0,38.26778695006824,41.36342587661318,Green,Fog,0.0,-0.6258873009344286,68.0,9.0,198.02506351747135,26.629825603543846,Medium
2024-03-14 04:20:00,40.81309681689181,-73.8006204447592,95.0,47.09385433975785,33.3090103579,Red,Fog,1.0,-0.3100441365795607,73.0,15.0,365.0786186277196,16.033530713240044,High
2024-03-14 04:25:00,40.70726838804936,-73.77693765740223,74.0,59.292521873618114,66.14977919718203,Yellow,Fog,0.0,-0.1416097970806158,94.0,22.0,,27.74240939769919,Medium
2024-03-14 04:30:00,40.60148364440857,-73.99922360684103,287.0,22.67563774268454,98.97756079133283,Red,Snow,0.0,-0.1045698004647457,67.0,4.0,336.980294958861,21.83417827246458,High
2024-03-14 04:35:00,40.602180452894395,-73.94476237226408,179.0,32.63534560926226,66.01430296224602,Yellow,Clear,,-0.4296459530175598,36.0,37.0,182.48830544421477,26.56852265223588,Medium
2024-03-14 04:40:00,40.70522077702135,-73.86082035180699,106.0,7.668932919070804,99.43843890242611,Green,Rain,0.0,-0.2740160069428816,79.0,49.0,493.02878807881825,17.314069881755135,High
2024-03-14 04:45:00,40.63838423264252,-73.78347603578175,201.0,43.523516472234746,87.45379418960682,Green,Fog,0.0,-0.8161646401311946,57.0,47.0,99.22034901095724,9.17963058844392,High
2024-03-14 04:50:00,40.70620011370277,-73.81608274074912,20.0,76.01186303630044,51.04373949958512,Yellow,Clear,0.0,0.7763189638470702,71.0,48.0,410.1994210406214,26.206627837523556,Medium
2024-03-14 04:55:00,40.64125798689257,-73.80819131047456,259.0,29.1956669985772,27.35215518787153,Red,Clear,0.0,,66.0,12.0,51.03666581901087,14.781269973754236,High
2024-03-14 05:00:00,,-73.96669745333635,29.0,28.17501788191817,52.41264942796254,Yellow,Fog,1.0,0.6284292066262898,24.0,30.0,352.92365972728516,19.955892628572848,High
2024-03-14 05:05:00,40.78635823247013,-73.77549488677624,220.0,21.696242532997985,97.47581214123235,Yellow,,0.0,-0.2326105197562593,96.0,10.0,102.28927438078402,14.767303041336383,High
2024-03-14 05:10:00,40.787238001870215,-73.85222187402144,170.0,9.67704266749531,43.28675929055987,Green,Snow,0.0,0.2318861880992155,89.0,18.0,390.1851626195203,24.275482094353865,High
2024-03-14 05:15:00,40.66943716684978,-73.98954868229515,243.0,6.5134833873290345,65.27993419773898,Yellow,Clear,0.0,0.7966674481151326,38.0,43.0,289.7915516719703,9.404150248319477,High
2024-03-14 05:20:00,40.655003454593405,-73.73873326303865,148.0,14.591066060188302,98.80978542280134,Green,Snow,0.0,0.8315505503403984,36.0,18.0,145.6757836202534,28.26971701039966,High
,40.69338163681009,-73.95020618750654,212.0,70.02090976683617,78.54758054039326,Green,Clear,0.0,-0.778584746329352,97.0,46.0,367.9361380572461,15.52711319884244,High
2024-03-14 05:30:00,40.808077397833706,-73.83950909454909,149.0,29.423383601841795,10.274069105100018,Red,Snow,,0.259040114539999,23.0,18.0,407.5173152481161,12.00008488156084,Medium
2024-03-14 05:35:00,40.87433082667001,-73.82751917065858,286.0,10.66925007738904,65.54663015049726,Red,Snow,0.0,0.2117724678095249,91.0,24.0,311.2980165702832,8.919362441294203,High
2024-03-14 05:40:00,40.667565644154955,-73.95360283333525,161.0,68.19347481262392,33.1184610524144,Red,Fog,0.0,-0.5800120812005298,77.0,1.0,191.9423978427959,22.45885445759101,Medium
2024-03-14 05:45:00,40.737715693260064,-73.72504657913757,123.0,5.4290680601266885,45.28272102960122,Yellow,Clear,0.0,0.5932323526837486,47.0,29.0,213.62121547742257,12.715740433033623,High
2024-03-14 05:50:00,40.835298326257366,-73.7646124291798,72.0,12.095619144985816,91.53392445694648,Green,Rain,0.0,-0.5069033816418425,67.0,5.0,497.68983039080194,20.804284569676664,High
2024-03-14 05:55:00,40.6028956801419,-73.77973483669386,157.0,78.0245992975353,79.8229868722951,Red,Clear,0.0,-0.8086400569679757,56.0,48.0,65.81085352326338,23.42605110836727,Medium
2024-03-14 06:00:00,40.80671721588734,-73.83577144964475,169.0,6.395927224149407,16.939747641560256,Yellow,Rain,0.0,-0.2982008408184291,21.0,1.0,283.4726721619899,19.484584857730987,High
2024-03-14 06:05:00,40.60395049474528,-73.97356422897428,101.0,60.260879262762366,27.34834785391961,Yellow,Clear,0.0,0.6326319003630037,25.0,36.0,498.20170780384575,12.088698620621852,Medium
2024-03-14 06:10:00,40.85079165780367,-73.88712367464379,260.0,37.186347852000274,93.64436761621334,Red,Clear,0.0,-0.886380000503574,99.0,31.0,192.322853433228,10.849620070380013,High
2024-03-14 06:15:00,40.88802674901165,-73.94046372042729,35.0,45.99369518371869,59.49985140097908,Green,Snow,0.0,0.4746239299814994,80.0,19.0,153.30688337134433,20.490007454726992,Medium
2024-03-14 06:20:00,40.60237551006857,-73.82995772667438,227.0,72.89673815342324,14.650435725207782,Yellow,Snow,0.0,0.072445547676361,66.0,36.0,352.60914866280996,13.216055433330649,High
2024-03-14 06:25:00,40.706690705532296,-73.90113097489771,78.0,73.88259235935203,15.961461252038529,Red,Snow,0.0,-0.9044041238978278,29.0,24.0,205.25367240009143,26.264798706643052,Low
2024-03-14 06:30:00,40.683089517251744,-73.8269469513455,261.0,,76.73376704957953,Red,Clear,0.0,0.0001930508092005,27.0,16.0,296.5265414806678,7.576287249282247,High
2024-03-14 06:35:00,40.82819690337448,-73.77846220583542,110.0,76.5781406047833,89.15272119201671,Red,Snow,0.0,0.6105767778423099,1.0,39.0,330.52377485258984,6.424016151518348,High
2024-03-14 06:40:00,40.6807877541959,-73.78249688780157,197.0,42.95625386863874,49.95320140315352,Yellow,Snow,0.0,0.8964156266597927,80.0,13.0,407.1544476874224,6.468376239637534,Medium
2024-03-14 06:45:00,40.73157188249933,-73.7934608254737,144.0,12.881550862739145,92.5810299429601,Red,Fog,1.0,-0.2729623814250415,92.0,8.0,389.545855447668,20.532343539419465,High
2024-03-14 06:50:00,40.6046892264711,-73.72372246098699,80.0,29.3733345843914,50.79063617219362,Yellow,Clear,0.0,0.9569288949602496,98.0,19.0,202.9029928736959,28.18699474998511,Medium
2024-03-14 06:55:00,40.89622808900493,-73.8261303314841,37.0,28.24952941124042,11.888530478991465,Red,Snow,0.0,-0.1190341755998141,52.0,28.0,64.98075253957921,16.476240017991422,Medium
2024-03-14 07:00:00,40.72387821610108,-73.83636856656065,38.0,26.610571880488667,53.41809151140333,Red,Fog,0.0,0.0627991334034026,53.0,33.0,284.47976998234617,15.575183108286229,Medium
2024-03-14 07:05:00,40.78814071260464,-73.74219691266136,205.0,67.44499845384274,41.80318203147878,Green,Fog,0.0,0.2817477912809216,29.0,17.0,67.65434490934963,13.901738772302972,High
2024-03-14 07:10:00,40.63729717356309,-73.86891914470812,52.0,69.77243418827139,22.749707362347618,Red,Snow,0.0,0.5428965956724825,29.0,0.0,250.27652758356308,23.286047978539592,Low
2024-03-14 07:15:00,40.746113080268714,-73.96068518841524,233.0,30.97224305970961,73.6509278683274,Red,Snow,0.0,-0.8190189828465455,84.0,47.0,66.9074432424418,11.995546134350816,High
2024-03-14 07:20:00,40.82212912394122,-73.95429042691865,53.0,39.787103454858666,78.74414734677109,Green,Fog,0.0,-0.2785949145807935,7.0,31.0,312.6211615534856,14.513632775776015,Medium
2024-03-14 07:25:00,40.74141775770247,-73.72662622609263,151.0,51.61713750918566,60.72805544025966,Red,Clear,0.0,0.1601215187610858,92.0,30.0,84.64062817138438,7.898592315481241,Medium
2024-03-14 07:30:00,40.85390730199257,-73.96282060727121,101.0,48.139967739014295,23.532539471486803,Green,Snow,0.0,-0.0588324534583979,59.0,42.0,,,Medium
2024-03-14 07:35:00,40.811566285525686,-73.94254175972273,187.0,46.94559723659604,64.32295302729597,Yellow,Fog,1.0,-0.3635746095738088,28.0,35.0,213.01833708463113,18.27651606471106,High
2024-03-14 07:40:00,40.622344088033955,-73.76306757248113,195.0,34.181569343654644,97.92450146858864,Green,Snow,0.0,0.2229353773827613,89.0,48.0,425.3760515116235,13.867524638055889,High
2024-03-14 07:45:00,40.66805502128375,-73.85164130231423,125.0,27.999223713417408,47.16313175904646,Red,Fog,1.0,-0.9258012746717308,13.0,36.0,486.558692374857,22.58764805524767,High
2024-03-14 07:50:00,40.88936495098853,-73.82615774646155,229.0,48.37791541621024,62.02145525018128,Yellow,Clear,1.0,0.0115342178641824,17.0,32.0,165.51509695021832,26.467884238704976,High
2024-03-14 07:55:00,40.85420464482326,-73.97366675270023,268.0,56.56675672652882,39.20162694665858,Yellow,Rain,0.0,-0.6783921872755774,59.0,47.0,406.6602006805201,5.547209961197748,High
2024-03-14 08:00:00,40.62642808345284,-73.89148808016093,57.0,41.69473011956697,18.11261939035833,Green,Clear,0.0,0.3280379144233016,22.0,0.0,82.29419596339474,8.69492314606956,Low
2024-03-14 08:05:00,40.73114896343011,-73.95213751545458,265.0,68.85063668254564,32.58159561144421,Green,Clear,0.0,-0.3351252372338791,76.0,26.0,482.3270139767385,10.154196151631623,High
2024-03-14 08:10:00,40.8916994335563,-73.93668422863546,236.0,13.089691542244386,16.574538943618744,Yellow,Rain,0.0,0.7406834761229442,20.0,14.0,474.9549494190328,18.497913595479435,High
2024-03-14 08:15:00,40.60598591544941,-73.79602064469587,77.0,43.80267854268816,31.89595162058162,Red,Rain,0.0,-0.888553359486961,7.0,12.0,353.41675045795995,14.079976022158744,Low
2024-03-14 08:20:00,40.71279136754304,-73.8677812879199,219.0,68.28479686370684,68.61053414532455,Yellow,Snow,0.0,0.7311655591258124,89.0,14.0,,20.03754494730117,High
2024-03-14 08:25:00,40.732847760765935,-73.73225712251013,166.0,49.110805514802216,26.533212005924035,Green,Clear,0.0,0.2131471811197818,16.0,29.0,127.86473990927522,23.78553014693011,Medium
2024-03-14 08:30:00,40.86385805352804,-73.87220604669254,16.0,51.00561877292543,23.549467508915704,Green,Clear,0.0,0.4295571494532173,30.0,24.0,279.19884433639646,28.474289991378228,Low
2024-03-14 08:35:00,40.71803320360284,-73.97339170834235,216.0,32.05916487609164,75.44180311807314,Green,Fog,0.0,-0.2814542471175407,34.0,,437.71548503137177,24.399801590010775,High
2024-03-14 08:40:00,40.81827373401359,-73.9202747835583,154.0,56.65110282482638,74.15556753854037,Red,Rain,0.0,-0.2512675022528083,20.0,3.0,263.63010840176094,25.25052769516219,Medium
2024-03-14 08:45:00,40.82358278450928,-73.79187206698062,283.0,66.42139482674426,99.7239612968574,,Snow,0.0,-0.2714017813091525,99.0,26.0,131.88410432896958,27.742319800890908,High
2024-03-14 08:50:00,40.77818789788462,-73.71628383766016,96.0,53.41011161969645,88.45776053111135,Green,Clear,0.0,-0.9850612216650332,78.0,42.0,440.3852049482007,14.385659520646502,High
2024-03-14 08:55:00,40.809706236305104,-73.82431245450381,246.0,10.634910198933865,98.349143766842,Yellow,Snow,0.0,-0.3323694703242239,51.0,5.0,290.99930399654045,18.565397898079382,High
2024-03-14 09:00:00,,-73.93043740387941,180.0,8.267713626281996,93.9744792100305,Red,Rain,0.0,0.219325266729824,74.0,37.0,316.08980058192515,6.4395179158665785,High
,40.87807841537673,-73.86064944583919,230.0,37.35255781576176,25.066245820070897,Green,Snow,0.0,0.5865860767905489,23.0,40.0,114.04106647409542,21.591445824138727,High
2024-03-14 09:10:00,40.72811039675629,-73.8802812373324,15.0,40.9217238873551,53.496958116311646,Green,Snow,0.0,-0.7354918103214814,9.0,49.0,65.69311856802109,29.466212105066337,Medium
2024-03-14 09:15:00,40.84295258437852,-73.79307042653525,204.0,26.10607751363471,36.40714506157021,Red,Fog,0.0,0.930960818511495,10.0,11.0,102.29351950000452,9.302596805812536,High
2024-03-14 09:20:00,40.801111383720574,-73.979559924706,65.0,59.65088549947791,24.65468418542835,Yellow,Clear,1.0,-0.3907639602284041,37.0,25.0,362.5511188556215,9.862251476088094,High
2024-03-14 09:25:00,40.82354599837892,-73.84478290429152,122.0,58.91822404666247,90.14536935923412,Yellow,Rain,0.0,0.5351886185657917,43.0,14.0,249.2653821875737,19.56318299423889,High
2024-03-14 09:30:00,40.85864516758484,-73.87020069978966,46.0,42.3754927051206,59.39665462262193,Green,Clear,1.0,-0.269822003850239,43.0,24.0,131.4518477726003,11.098624903595145,High
2024-03-14 09:35:00,40.7789893460045,-73.88361382668697,49.0,21.644047495290508,98.71477523277768,Yellow,Snow,0.0,0.5282886745618565,40.0,39.0,336.02191239173936,10.782703496969834,High
2024-03-14 09:40:00,40.6916195271801,-73.78722590752014,286.0,38.61985447632385,69.80256494368169,Red,Rain,0.0,0.7993579072461088,83.0,39.0,461.2197924255928,6.637035425587211,High
2024-03-14 09:45:00,40.82764159036864,-73.98913675927648,103.0,45.47750921330035,80.2963080970799,Red,Clear,0.0,-0.8225875466600749,60.0,45.0,187.99989590364737,17.618456974665264,High
2024-03-14 09:50:00,40.74580728201822,-73.95860324534108,89.0,44.28250616393839,71.08032055077717,Green,Rain,0.0,0.4074946382596385,60.0,48.0,446.29816384074235,13.815411276758892,Medium
2024-03-14 09:55:00,40.67082196537393,-73.8717673114915,271.0,9.449662330171035,68.0497651055523,Yellow,Fog,0.0,0.5403206708587174,5.0,6.0,241.1722020957636,21.054610691107705,High
2024-03-14 10:00:00,40.73682101987628,-73.79959683149602,81.0,34.44137270021377,70.6914954595417,Red,Rain,1.0,-0.6597736522789313,47.0,10.0,325.9942206228354,12.761171573636076,High
2024-03-14 10:05:00,40.66998072773893,-73.74579873666043,20.0,9.529451103573315,44.3996381537522,Yellow,Rain,0.0,-0.7240392751371665,33.0,6.0,233.02006519453812,20.08553098614576,High
2024-03-14 10:10:00,40.8500714775553,-73.75452497338978,185.0,42.80278307948908,75.0572976574882,Red,Clear,0.0,-0.7785758406251462,21.0,39.0,67.98736213801216,11.785586483903424,Medium
2024-03-14 10:15:00,40.73675558304409,-73.78882034900873,240.0,66.53805154798826,11.697866462622295,Green,Snow,0.0,0.4752661487532297,83.0,38.0,198.50157617943375,10.850305649436038,High
2024-03-14 10:20:00,40.80702362362568,-73.93586182981232,293.0,24.79323805145553,69.55906862497415,Yellow,Fog,0.0,-0.5004495931704911,5.0,42.0,422.5174570516806,7.061590167453814,High
2024-03-14 10:25:00,40.638709801923774,,150.0,69.69637491306761,98.92713916758926,Green,Fog,0.0,0.4769945868833052,25.0,43.0,352.8997292354867,21.73553305387279,High
2024-03-14 10:30:00,40.628191379297206,-73.73510267487887,298.0,45.15304357727039,85.4066531392136,Yellow,Snow,0.0,-0.457246227635312,11.0,6.0,467.5658040397112,21.78155969826349,High
2024-03-14 10:35:00,40.88841198954635,-73.75255826009318,255.0,28.21898409193347,97.14156019261192,Green,Clear,0.0,0.353500886976072,39.0,35.0,417.0946552898232,9.955188997628484,High
2024-03-14 10:40:00,40.67632331968717,-73.936191585479,103.0,58.37851847665638,58.18698955689866,Yellow,Snow,0.0,0.7437234245789814,43.0,37.0,310.06243521977257,7.622748796804469,
2024-03-14 10:45:00,40.66436819386251,-73.80637040890353,151.0,5.5129042750710795,69.88370860334513,Red,Snow,0.0,0.243413914573525,59.0,20.0,468.71456812274585,19.71902173512133,High
2024-03-14 10:50:00,40.85342865855558,-73.98295858039594,65.0,28.840685254410495,83.9773377552532,Yellow,Fog,0.0,-0.4520167119589873,35.0,36.0,257.0129515498269,,High
2024-03-14 10:55:00,40.80870098985786,-73.88850662324958,130.0,6.216445275190859,28.86849189744279,Red,Snow,0.0,-0.2078841112881666,90.0,22.0,273.3959726894596,15.755065472219735,High
2024-03-14 11:00:00,40.76203088096766,-73.90543855367447,267.0,65.81073308541502,70.92734395811999,Green,Fog,0.0,0.0935224839361013,67.0,32.0,61.750445497163945,16.250568898560864,High
2024-03-14 11:05:00,40.75068159263763,-73.80116869838162,291.0,39.63730376104084,83.5488745268201,Yellow,Fog,0.0,-0.5154429727459664,95.0,36.0,384.2301951338176,24.64892118992469,High
2024-03-14 11:10:00,40.86086466501837,-73.87951798078095,120.0,73.49602219438178,68.4403758098575,Red,Rain,0.0,0.2279447751873171,,6.0,188.5042659993696,12.588096074422648,Medium
2024-03-14 11:15:00,40.69617096759368,-73.88712236088486,140.0,9.556023624026956,17.528100199508977,Yellow,Snow,1.0,-0.1460833073988128,98.0,2.0,115.80361020732256,21.78384338304691,High
2024-03-14 11:20:00,40.642653011597474,-73.83511077774746,277.0,28.531377110095857,96.60495206707188,Yellow,Fog,0.0,0.0939908501993505,46.0,35.0,,7.6021086541888945,High
2024-03-14 11:25:00,40.775456581093714,-73.82170742309037,245.0,46.51334459004382,99.3499956035569,Red,Rain,1.0,-0.8031974762072849,69.0,45.0,236.75585514291785,17.86865119102802,High
2024-03-14 11:30:00,40.79102643847376,-73.78909704582951,189.0,37.42958865400415,17.07739018462538,,Fog,0.0,-0.0471195835971549,33.0,7.0,257.4013334779412,21.712826858608132,Medium
2024-03-14 11:35:00,40.74057815501527,-73.71424824633651,214.0,46.34803827835468,79.39036692456523,Green,Fog,1.0,-0.7986162928165661,20.0,39.0,378.5878041433475,9.29705083771028,High
2024-03-14 11:40:00,40.74163474495766,-73.98409866819667,20.0,7.605588140586895,63.55772614587955,Yellow,Fog,0.0,0.324673313964398,3.0,16.0,177.89169331861223,26.15193345134606,High
2024-03-14 11:45:00,40.84581204117029,-73.74734388489344,174.0,31.37096109286004,91.053808919782,Yellow,Fog,1.0,-0.7782966986465016,59.0,12.0,356.54574740172137,29.224255959098542,High
2024-03-14 11:50:00,40.82431396663046,-73.96064352921658,59.0,18.806901774142244,62.24302435648026,Red,Fog,0.0,,97.0,39.0,343.926422976117,7.491294393019314,High
2024-03-14 11:55:00,40.66663382033374,-73.78156954339241,77.0,19.740248796361023,61.48251674841103,Yellow,Fog,0.0,-0.7835185106116949,26.0,30.0,411.87307034700694,16.414964171244158,High
2024-03-14 12:00:00,40.69414224814915,-73.79775594465549,113.0,25.638261547187746,15.079749560167276,Yellow,Rain,0.0,0.3916252676798133,63.0,12.0,429.58471291657474,8.145855376727475,Medium
2024-03-14 12:05:00,40.76621224986843,-73.72495463724957,216.0,68.22803305386122,49.389234560364066,Green,Rain,0.0,0.882587131767945,60.0,0.0,178.13610268361907,7.141535321924431,High
2024-03-14 12:10:00,40.76700913099853,-73.98997434710355,19.0,35.65048959679982,99.51077760977655,Red,Fog,0.0,-0.9315320612458547,93.0,20.0,174.10829827965097,10.692822912027715,High
2024-03-14 12:15:00,40.801822973910305,-73.93842668976752,59.0,60.35441687704269,73.73945683556002,Yellow,Snow,1.0,-0.1704894387738675,37.0,,290.5861306911533,26.234067788293277,High
2024-03-14 12:20:00,40.71719963815377,-73.76234630686884,120.0,17.222923522283573,32.449979891141695,Red,Clear,0.0,0.4428199373421622,87.0,8.0,489.1662244871724,9.133349166343862,High
2024-03-14 12:25:00,40.736121140710864,-73.92614955655677,154.0,28.382123027956332,91.94249474773106,Red,Fog,0.0,-0.966912826359303,,28.0,236.94657640974393,5.146317445982672,High
2024-03-14 12:30:00,,-73.90630275945215,159.0,10.066847276268344,50.30265372210196,Green,Rain,0.0,0.1128846512826573,71.0,37.0,243.05793237143752,16.797480140575082,High
2024-03-14 12:35:00,40.896088051220225,-73.79437937574767,135.0,31.95460163930077,44.29740934132655,Red,Fog,1.0,0.3371497993121186,28.0,14.0,66.9237469213778,15.754883153078376,High
2024-03-14 12:40:00,40.84777936184048,-73.9622666104028,111.0,56.02187971297575,16.515060210544405,Red,Rain,0.0,0.6044555509969887,16.0,7.0,268.36745761412146,8.040897420425843,Medium
2024-03-14 12:45:00,40.70527290469555,-73.93037824812205,256.0,74.8441835455381,13.619097549921518,Yellow,Fog,0.0,-0.3066032362512738,44.0,35.0,172.32108054373552,24.241003433066258,High
2024-03-14 12:50:00,40.82745074284362,-73.80608483591077,92.0,18.512764667740743,90.28380416436968,Green,Clear,0.0,0.9401609224068954,65.0,30.0,118.01110260056934,13.199031933847865,High
2024-03-14 12:55:00,40.787852133082175,-73.82435229515922,275.0,63.68933282488641,94.18204393425096,Yellow,Rain,1.0,0.7799008665712099,56.0,44.0,492.9936303294652,25.106873799634293,High
2024-03-14 13:00:00,40.80144758255038,-73.99358677689345,79.0,62.68029716430008,55.43614358771728,Yellow,Clear,0.0,-0.9563818984262492,28.0,41.0,273.3696112386763,12.619740425991456,Medium
2024-03-14 13:05:00,40.85754189919692,-73.91393449230826,170.0,34.93226299690099,12.945850250058848,Yellow,Rain,0.0,0.3758357673800736,40.0,44.0,78.39053298616383,26.11996225351878,Medium
2024-03-14 13:10:00,40.71934282842455,-73.82653141996094,132.0,14.224748482182676,59.05079298242555,Yellow,Rain,1.0,0.1468341284740895,70.0,5.0,168.48336201642388,7.009096874698319,High
2024-03-14 13:15:00,40.78734002677414,-73.95703635160936,228.0,29.381016702331536,71.1852770306032,Yellow,Fog,0.0,-0.127337749332675,20.0,41.0,231.1527617160377,18.04515014142529,High
2024-03-14 13:20:00,40.82731385137585,-73.91657786723609,129.0,41.34686913093856,84.45771644875467,Green,Clear,0.0,0.647048404211966,93.0,10.0,149.20211630069124,23.345171011517973,High
2024-03-14 13:25:00,40.787467472305245,-73.98123815314953,173.0,34.555606911219044,87.83313900779264,Red,Fog,0.0,-0.6099154545241063,63.0,4.0,114.58907446948923,22.12523191053685,High
2024-03-14 13:30:00,40.83377437766398,-73.98623872291857,29.0,68.32611162263294,82.35390566865033,Yellow,Fog,0.0,-0.9336080557743538,48.0,19.0,336.96366131725455,16.96237837015302,High
2024-03-14 13:35:00,40.67842013057403,-73.71743643305544,56.0,57.86974083731368,81.84597116089482,Yellow,Rain,0.0,-0.3713800346063522,8.0,28.0,248.15974310870095,11.405968127126748,High
2024-03-14 13:40:00,40.6727556559796,-73.9689225791823,217.0,18.11722666751589,74.92807040996604,Red,Snow,0.0,-0.0254479733068022,14.0,44.0,420.7273083663014,14.874343793490889,High
2024-03-14 13:45:00,40.63292722450869,-73.93318050994785,70.0,71.35115639673485,55.77092807130966,Yellow,Fog,0.0,-0.9849502435145308,53.0,6.0,200.81065416445668,10.652523646025292,Medium
2024-03-14 13:50:00,40.64623929234052,-73.88716139043949,144.0,53.60367610023426,25.529239991786547,Red,Clear,0.0,0.2254053409303824,55.0,10.0,55.16176856929545,6.127428606908751,Medium
2024-03-14 13:55:00,40.77386930835579,-73.73696008017068,117.0,76.37550388905784,20.354853958531333,Green,Fog,0.0,-0.1311551697158453,28.0,4.0,180.31797806751004,11.450361486242125,Medium
2024-03-14 14:00:00,40.66852675518239,-73.80877896080972,141.0,30.274895504692964,88.31755159344054,Yellow,Clear,0.0,0.9451555705768552,95.0,1.0,280.6097059809695,29.82149783696684,High
2024-03-14 14:05:00,40.84018936248613,-73.8830450731887,74.0,74.30137103333699,52.80380109673905,Yellow,Fog,0.0,-0.3458137339305569,8.0,41.0,340.738008480088,,Medium
,40.67604696872303,-73.78441638976669,200.0,48.03897669013747,88.79190006143861,Red,Snow,0.0,0.0134644992787436,88.0,28.0,96.6949574038361,15.85552540017874,High
2024-03-14 14:15:00,40.84600973123654,-73.72847546429325,70.0,57.96542694369586,90.41467233694677,Green,Rain,0.0,0.7668189965713914,13.0,44.0,488.6045561230492,23.036966476991545,High
2024-03-14 14:20:00,40.84201411747445,-73.86787799153828,225.0,78.95430930583625,18.973579400746225,Green,Fog,1.0,0.1298660633371851,45.0,27.0,231.87176382957907,20.92581598117283,High
2024-03-14 14:25:00,40.750801420877686,-73.86254967431915,31.0,41.71429083980069,28.54065898711576,Red,Clear,0.0,0.2637535153706256,65.0,40.0,239.77548497548267,5.560087422982633,Low
2024-03-14 14:30:00,40.74617425422571,-73.87115117174598,74.0,21.463105219492483,46.25566447491637,Yellow,Clear,0.0,-0.3729388111053431,10.0,45.0,410.8461689778724,22.705421846341224,Medium
2024-03-14 14:35:00,40.677152748127035,-73.87366051238818,43.0,18.74008177572526,27.18115289021975,Green,Clear,0.0,0.6800705911360636,95.0,39.0,440.4003936315411,27.302795061361643,High
2024-03-14 14:40:00,40.863313635530154,-73.89964273208871,89.0,10.532568743363653,45.0214355498023,Red,Clear,0.0,0.1509519259104217,95.0,7.0,302.97517409605496,8.398674505490485,High
2024-03-14 14:45:00,40.69311767992897,-73.89613086510431,78.0,49.55042146767435,93.07244054080904,Red,Fog,0.0,-0.2619966666305693,73.0,40.0,418.17296171867326,22.84128380975981,High
2024-03-14 14:50:00,,-73.75398235958656,234.0,78.23703735791838,48.87653853202645,Yellow,Rain,0.0,-0.0217002787340907,92.0,17.0,103.05052638850472,26.743578648016083,High
2024-03-14 14:55:00,40.72942712235324,-73.80455554690651,109.0,47.54912622279177,83.60310499233773,Yellow,Clear,0.0,-0.1923674183119694,62.0,32.0,430.86026268201215,29.717939405557,High
2024-03-14 15:00:00,40.71717714265965,-73.84553270368906,163.0,31.238591276681127,35.47261111425129,Red,Fog,0.0,0.3458964454266491,30.0,24.0,243.4403842159916,5.1374275519691714,Medium
2024-03-14 15:05:00,40.674448290037155,-73.75408626445099,232.0,45.046464964811015,18.634926979103547,Yellow,Fog,0.0,0.2256198295728793,30.0,40.0,387.8538599409574,15.225156500633013,High
2024-03-14 15:10:00,40.678846558276376,-73.96006986952408,126.0,6.350382536072087,43.531728488156155,Green,Rain,0.0,,40.0,32.0,97.05939557216924,15.147027974949276,High
2024-03-14 15:15:00,40.63986742969959,-73.79245322914103,77.0,61.25173315084708,64.2493533875556,Yellow,Clear,0.0,0.3778345498648257,44.0,10.0,417.6818094995615,17.758759494813262,Medium
2024-03-14 15:20:00,40.707027593807304,-73.99783484153038,208.0,26.40887462321238,20.754258030730348,,Fog,,-0.0194999203237917,75.0,15.0,101.75791621274982,19.54816005735804,High
2024-03-14 15:25:00,40.851809898243,-73.76607724486095,143.0,69.40414733935756,51.731174017491526,Red,Rain,0.0,-0.7019622965625798,72.0,5.0,479.5376582592592,11.68532009825124,Medium
2024-03-14 15:30:00,40.84657013300107,-73.76193147383674,153.0,28.7652392341981,18.03440008633233,Yellow,Snow,0.0,-0.3630741098499059,57.0,40.0,244.8562014704989,27.69935779547742,Medium
2024-03-14 15:35:00,40.83519923549999,-73.83186714499034,231.0,42.077730424981,10.943212429344609,Red,Clear,0.0,0.1498005615671769,62.0,44.0,358.4258734239855,12.53974097970856,High
2024-03-14 15:40:00,40.88642596052269,-73.94628989086847,250.0,12.149770624484688,39.18333155075692,Red,Rain,0.0,0.0848704743610553,30.0,3.0,346.9062788882343,9.35086799890875,High
2024-03-14 15:45:00,40.733959673672295,-73.79071070052025,228.0,51.087777101023725,69.50693239634307,Yellow,Fog,0.0,-0.2937864694290142,36.0,1.0,196.95920312627032,5.31800371750487,High
2024-03-14 15:50:00,40.61823312362338,-73.70929338491977,200.0,25.886053767755783,10.660632968348631,Yellow,Fog,0.0,-0.7456351059856321,90.0,22.0,149.95381543980807,17.451267527904566,Medium
2024-03-14 15:55:00,40.68565652380702,-73.96663385645532,157.0,78.3736006910148,17.852140500428224,Yellow,Snow,0.0,-0.3714181311175826,26.0,47.0,210.46720048819984,28.148544053766816,Medium
2024-03-14 16:00:00,40.72598522458157,-73.93505119772558,278.0,59.68424977706108,56.03313991289965,Red,Rain,0.0,0.8551001780942018,27.0,21.0,160.56846305585384,20.899967393574705,High
2024-03-14 16:05:00,40.68252826103835,-73.74580937736796,91.0,71.16755184129016,72.75334092706176,Green,Rain,0.0,0.7657333892021188,29.0,15.0,492.891451694433,21.254118534259774,Medium
2024-03-14 16:10:00,40.73876316493649,-73.91442558267177,78.0,63.29935011277557,93.85460602209058,Green,Snow,0.0,-0.3433898551803422,83.0,2.0,447.07881549842654,24.333932894534893,High
2024-03-14 16:15:00,40.705388439200995,-73.8300619301064,270.0,57.591849634569385,55.770445882323344,Green,Rain,0.0,-0.4012702004989992,68.0,1.0,159.0882491631097,26.737662593133855,High
2024-03-14 16:20:00,40.635766493218355,-73.83909849904585,62.0,12.268892891413708,38.284112589120994,Yellow,Snow,0.0,-0.907566052872067,54.0,6.0,242.0294305137622,9.46392638782361,High
2024-03-14 16:25:00,40.619528289622,-73.8117928862685,212.0,73.79113773135305,80.56998542507458,Red,Fog,0.0,0.7500906038197288,55.0,19.0,284.7613148346817,15.992102055938288,High
2024-03-14 16:30:00,40.782666329991535,-73.77487313076443,237.0,5.877359380799437,46.8890859001995,Yellow,Fog,1.0,0.5368830594085365,37.0,1.0,108.12476440716236,24.771264079630058,High
2024-03-14 16:35:00,40.88092559075655,-73.84261175870779,119.0,60.47405841661468,22.32600326652876,Yellow,Rain,0.0,-0.9414287513352196,5.0,34.0,50.3144591607251,16.114012638849676,Medium
2024-03-14 16:40:00,40.695158999953385,-73.81018155226147,111.0,34.44259902049832,26.435849347177538,Red,Fog,0.0,0.5580809317538364,29.0,49.0,187.90749658431704,23.641303167474128,Medium
2024-03-14 16:45:00,40.604520213416485,-73.7169939709241,207.0,51.63515560906604,32.921297768730135,Red,Clear,0.0,-0.3113413495437664,89.0,17.0,52.705141315205125,9.286671372030751,High
2024-03-14 16:50:00,40.8611523795721,-73.76019644850058,85.0,8.465468352350587,74.66398837485129,Yellow,Snow,0.0,-0.9678923050056284,47.0,22.0,441.7157964284218,6.62565779774032,High
2024-03-14 16:55:00,40.61795847213886,-73.71204262535915,36.0,73.84067009202472,23.422484050133814,Green,,0.0,0.5171658147408833,28.0,48.0,216.6517065160003,20.558960260199864,Low
2024-03-14 17:00:00,40.78548034313692,-73.8185049266188,98.0,20.413127862480025,89.74963610340042,Red,Clear,0.0,0.3753461542732126,40.0,39.0,228.47419903664556,29.780599947010348,High
2024-03-14 17:05:00,40.82803964736019,-73.74013159037128,234.0,36.35387914261496,23.781764925922698,Red,Rain,0.0,-0.6345222916604105,33.0,14.0,122.269980213858,17.53018984870284,High
2024-03-14 17:10:00,40.77774662341988,-73.90704922805307,122.0,52.41596018455946,78.99600938606653,Yellow,Fog,0.0,-0.418461041884502,51.0,23.0,484.79625197212016,22.4847945710915,Medium
2024-03-14 17:15:00,40.85885240491193,-73.80569067971331,139.0,19.910498736807,28.441266895478535,Yellow,Fog,1.0,0.6657385084181155,1.0,27.0,469.1537150657723,24.28795356541472,High
2024-03-14 17:20:00,40.81539353276104,-73.9710140688513,222.0,44.596273320865,17.16837192606965,Red,Rain,0.0,0.3493111790795671,97.0,32.0,413.812011719904,22.335254998012815,High
2024-03-14 17:25:00,40.82349503999804,-73.92720402766459,50.0,20.48210782202409,48.71941650220978,Red,Rain,0.0,0.7392960972416196,41.0,31.0,353.0938387997623,24.044878755411023,Medium
2024-03-14 17:30:00,40.69638314061934,-73.7408676920844,234.0,56.15964808566493,74.95243128735824,Red,Fog,0.0,0.4250094740862977,7.0,31.0,185.0671292739097,13.036511961381688,High
2024-03-14 17:35:00,40.74361834960981,-73.7149153140694,271.0,41.01141800883774,49.04633840719097,Green,Fog,0.0,0.0264615956013962,73.0,39.0,469.96264497574214,27.395623252694392,High
2024-03-14 17:40:00,40.80146871077335,-73.74141933144766,53.0,14.621113238277175,39.1660538063101,Green,Clear,0.0,-0.6486028466398996,30.0,10.0,285.1341647902102,10.136174017601522,High
2024-03-14 17:45:00,40.81035212450609,-73.9282457698825,48.0,13.126737904017592,40.024867024796436,Yellow,,0.0,-0.7874379845750061,42.0,23.0,121.15240310256458,12.563977023948285,High
2024-03-14 17:50:00,40.801132611877065,-73.97941510588464,226.0,52.363751782865506,92.31790581747482,Green,Fog,0.0,0.0870882964569268,8.0,40.0,176.0810705282754,29.64202969954982,High
2024-03-14 17:55:00,40.81930638097937,-73.89052318195938,126.0,38.922333088003334,77.42823702453515,Red,Clear,0.0,0.0244189358959967,46.0,0.0,394.76025687066954,23.054482600664308,Medium
2024-03-14 18:00:00,40.645268491247535,-73.95353224197295,72.0,6.514536398298313,11.48606561650649,Green,Fog,1.0,-0.6057209424236243,90.0,6.0,482.9919728266684,28.358083448245072,High
2024-03-14 18:05:00,40.85212200279541,-73.9662334982789,257.0,60.12086347464429,33.7578112879311,Yellow,Snow,0.0,0.6770509677447181,15.0,1.0,179.97458755405887,22.821345306159536,High
2024-03-14 18:10:00,40.68694757569581,-73.76889586269326,141.0,40.34066390633076,83.75387010638732,Yellow,Clear,0.0,0.0065398306693937,98.0,32.0,412.52911481093616,13.338573184421968,High
2024-03-14 18:15:00,40.693438816301686,-73.70942041597642,23.0,73.80009332442576,55.39731420997242,Yellow,Snow,1.0,-0.6463221900003473,59.0,33.0,464.1165868037365,9.38773569761042,High
2024-03-14 18:20:00,40.62296419386443,-73.7353770157898,274.0,,11.59635340588338,Red,Snow,0.0,0.8804515429364976,73.0,31.0,481.36573749017293,7.667230014485902,High
2024-03-14 18:25:00,40.81633517050696,-73.80505231479822,268.0,62.7995852968788,35.880543376239366,Yellow,Rain,0.0,0.1933891700658516,30.0,15.0,401.5249617872649,8.891453963602162,High
2024-03-14 18:30:00,40.69508284081793,-73.8709464612414,77.0,79.34437178367557,33.685200341123576,Red,Clear,0.0,0.6391701562615573,10.0,32.0,103.02028654300224,10.389056441194978,Low
2024-03-14 18:35:00,40.899697835704096,-73.8315201556835,79.0,27.150173135451517,97.14465012874771,Green,Snow,0.0,-0.2807411644677298,98.0,45.0,123.96614616472525,18.26765916753251,High
2024-03-14 18:40:00,40.703950598778455,-73.97659503663296,38.0,41.20070748387568,28.29387109667115,Yellow,Clear,0.0,-0.351725291725758,92.0,39.0,286.55653915776634,17.887571342588522,Low
2024-03-14 18:45:00,40.76804147466388,-73.71815446676831,205.0,23.11418204064996,95.88756456235456,Red,Clear,0.0,0.8034208436777364,22.0,49.0,229.08628206018545,10.413809334193198,High
2024-03-14 18:50:00,40.66633189271404,-73.95719051723401,18.0,69.62531901801341,42.76547730005596,Red,Snow,0.0,0.7836741184514624,98.0,39.0,461.964752900249,23.66477062155445,Low
2024-03-14 18:55:00,40.729232668133214,-73.71837559354427,113.0,22.88088464383037,71.6414722600073,Yellow,Clear,0.0,-0.7558767633036101,37.0,7.0,289.32282008079153,18.221641204976137,Medium
2024-03-14 19:00:00,40.825275068781586,-73.72628373912411,294.0,12.185865430421408,79.65734385989803,Red,Clear,0.0,0.3190469636860991,98.0,9.0,93.77564379352626,19.07031790238487,High
2024-03-14 19:05:00,40.88859324158759,-73.76849781623254,210.0,53.50517926911226,77.26277008080676,Red,Snow,0.0,0.1000781427689221,11.0,45.0,71.73519923365568,6.01807303358967,High
2024-03-14 19:10:00,40.89331381573003,-73.75231358509423,267.0,48.60886691910446,96.52290747084317,Yellow,Snow,0.0,0.3861947442539564,91.0,34.0,159.40926600957346,21.874167991574627,High
2024-03-14 19:15:00,40.75238382104056,-73.93142606421874,145.0,20.397489689412545,16.53296846452391,Yellow,Rain,0.0,0.2918556106374788,34.0,41.0,480.1871802238478,19.379800333654387,Medium
2024-03-14 19:20:00,40.877935871904704,-73.9137895551652,181.0,56.640214663942594,63.333447570353584,Red,Clear,0.0,-0.7020159315013539,56.0,23.0,181.26652903998072,24.89943762030646,Medium
2024-03-14 19:25:00,40.84755554491461,-73.88499812290956,135.0,67.43890749900041,84.3419997377351,Yellow,Clear,0.0,0.0212326058673872,22.0,2.0,111.7392572636856,14.809655935240654,High
2024-03-14 19:30:00,40.84633567848288,-73.93816614192795,33.0,35.09948591978885,24.14053699642611,Yellow,Clear,0.0,-0.9955467672964377,25.0,34.0,364.04249557130765,22.860932710368647,Medium
2024-03-14 19:35:00,40.68438665685954,-73.83235898724793,291.0,51.93496445427624,13.185477154011584,Red,Clear,0.0,0.4731974133258874,57.0,,273.67603796707687,18.578048577305765,High
2024-03-14 19:40:00,40.632748024348125,-73.95141382077072,291.0,56.10632417964413,35.93438912017146,Red,Clear,0.0,-0.4058504915491516,65.0,25.0,436.5834031010494,26.130766724638324,High
2024-03-14 19:45:00,40.650190520119686,-73.96265627440397,33.0,25.467726919804523,70.7801264273358,Yellow,Clear,0.0,-0.7457475775559999,66.0,0.0,183.45680011120564,14.755643139518922,Medium
2024-03-14 19:50:00,40.779574427126335,-73.93308282379458,184.0,36.24625909210355,53.981721643179306,Yellow,Clear,0.0,0.6892520804751483,27.0,11.0,476.4939731964408,25.481509740922014,Medium
2024-03-14 19:55:00,40.68588899459811,-73.76214582764872,10.0,75.57236985004963,68.38498182770532,Red,Clear,0.0,0.4255865714880267,,24.0,125.60648692201752,15.044167860853904,Medium
2024-03-14 20:00:00,40.65694059505227,-73.97182103393764,99.0,23.87136458587366,69.05736688747287,Red,Fog,0.0,-0.8231220134584305,38.0,46.0,323.68857922328476,26.365157561552593,Medium
2024-03-14 20:05:00,40.684790497311866,-73.9690460635095,,44.0064618904713,55.477838695463035,Yellow,Fog,0.0,-0.3555228317635306,36.0,26.0,83.01057018302107,7.035411870117876,High
,40.8411955463452,-73.83373878559338,225.0,58.68358084844064,60.32120373068075,Green,Fog,0.0,,67.0,3.0,237.96742137708796,9.87396893203344,High
2024-03-14 20:15:00,40.722556847926455,-73.71023432633746,123.0,34.6610872101562,67.01013792423944,Green,Clear,0.0,-0.2181731193653766,10.0,39.0,253.03005438154432,6.016971676126863,Medium
2024-03-14 20:20:00,40.814548066224944,-73.8402344798781,287.0,15.747581084576344,26.701710271087453,Green,Rain,0.0,0.9093430477279064,73.0,31.0,159.1087554843728,27.86613149566837,High
2024-03-14 20:25:00,40.6584423150662,-73.72457120994675,46.0,5.021706762471335,61.81362301197765,Yellow,Fog,1.0,-0.0183675161822247,87.0,43.0,349.2681093671331,5.715223231756715,High
2024-03-14 20:30:00,40.691359349513995,-73.7939780218462,91.0,5.6455692329283895,11.647405034530474,Yellow,Clear,0.0,-0.9812947157641648,42.0,20.0,388.1296930823619,12.232916230426248,High
2024-03-14 20:35:00,40.7699202951902,-73.97540364166733,255.0,78.22782508573606,41.701426026512834,Green,Rain,0.0,0.181434660695974,37.0,41.0,106.26268279021514,21.432490725822145,High
2024-03-14 20:40:00,40.6542815954655,-73.87274153881948,164.0,63.66155471756071,25.662049359533647,Red,Rain,0.0,0.2078367793368014,97.0,10.0,268.94415416290843,22.41657604498423,Medium
2024-03-14 20:45:00,40.77689657919192,-73.916760018524,49.0,68.42801228081932,43.07615046663297,Red,Snow,0.0,0.1079104859436606,88.0,44.0,382.7522909583493,26.570127277576574,Low
2024-03-14 20:50:00,40.8287933306968,-73.86659418348019,158.0,24.838677039767116,90.35094236222665,Red,Fog,0.0,-0.2485000158900832,85.0,32.0,380.60375083722965,18.0481854104111,High
2024-03-14 20:55:00,40.85171919590075,-73.76159571513354,281.0,57.55017681761314,41.21842619205677,Yellow,Snow,0.0,0.4984784962538691,48.0,15.0,331.33855209349736,22.51205022207903,High
2024-03-14 21:00:00,40.65635552483568,-73.78547690676729,89.0,10.391023094648109,53.92827540323385,Red,Fog,0.0,-0.9217708387099466,80.0,37.0,357.9742205875403,23.314553203439907,High
2024-03-14 21:05:00,40.705951870397826,-73.72850397485642,101.0,7.808393324110608,68.53494562379862,Red,Rain,0.0,-0.5450290486045684,71.0,18.0,83.29365980168777,12.92098313163504,High
2024-03-14 21:10:00,40.84109147839399,-73.90614819450691,214.0,63.075025639165666,50.40253645253787,Yellow,Clear,0.0,-0.5050519024008655,75.0,49.0,425.5602150728523,9.080337704848509,High
2024-03-14 21:15:00,40.638485006778645,-73.9206984723354,201.0,67.54487224106414,97.38460380922947,Green,Rain,0.0,-0.6032962025348101,42.0,20.0,225.56081010086575,6.903308495710215,High
2024-03-14 21:20:00,40.74692082244686,-73.7269279045156,275.0,28.94662951937647,11.667833982396202,Green,Rain,0.0,-0.2703632135642257,20.0,48.0,121.69786681967422,26.53805729216893,High
2024-03-14 21:25:00,40.66229905659353,-73.97847717022276,173.0,11.249334423115304,,Green,Snow,0.0,0.6185369968897703,36.0,15.0,349.0165908540872,27.686395416665817,High
2024-03-14 21:30:00,40.80675232788115,-73.93179203287954,225.0,11.16261076180131,80.69532355882693,Yellow,Clear,1.0,-0.4622004581917882,27.0,42.0,469.1395314091814,28.78917778323353,High
2024-03-14 21:35:00,40.79174598499393,-73.9402690159968,10.0,37.12756429522688,18.426019894313413,Green,Snow,0.0,-0.4950023082292287,40.0,34.0,187.22658467173216,20.157003795119913,Medium
2024-03-14 21:40:00,40.6500094736428,-73.81649688714788,,7.447684528458052,22.718278049294405,Red,Clear,1.0,0.5762729169909591,8.0,38.0,91.40679992404802,23.298634459602013,High
2024-03-14 21:45:00,40.75533711061601,-73.84501486083899,136.0,41.95610889097026,29.95082086096888,Green,Rain,0.0,-0.3938880094484398,16.0,34.0,98.28706942929637,7.158177598829919,Medium
2024-03-14 21:50:00,40.66655157248429,-73.80564069818263,157.0,6.793069241562997,10.714509700489296,Yellow,Fog,0.0,0.7898978332192399,63.0,7.0,487.74012423194097,17.219001749788013,High
2024-03-14 21:55:00,40.821337921080605,-73.89948110006652,34.0,22.52052632124384,,Green,Fog,0.0,0.7734634991242517,68.0,38.0,309.71903410428325,22.950800472661044,Medium
2024-03-14 22:00:00,40.70495242904192,-73.89611254104639,244.0,79.26202912629562,42.38931112798945,Green,Snow,1.0,-0.7761460796740864,71.0,7.0,367.136035926944,18.027899369877076,High
2024-03-14 22:05:00,40.61938856381477,-73.89567988137418,28.0,42.51374794527127,91.43640074754268,Yellow,Clear,0.0,0.8458388943914088,12.0,16.0,376.4172454412608,16.794885658687008,High
2024-03-14 22:10:00,40.77818699378944,-73.88360213499163,106.0,36.11762900953299,60.04707597036326,Yellow,,1.0,-0.1700494057777082,55.0,1.0,468.315449017963,10.797767307242433,High
,40.69644626368457,-73.95361822335848,172.0,56.58509559590046,57.22179514604128,Green,Rain,0.0,0.2664765794482828,70.0,11.0,376.3342123417475,9.11240872329395,Medium
2024-03-14 22:20:00,40.75670128925749,-73.70278711949842,48.0,37.38142818182408,24.41365274224938,Yellow,,0.0,-0.5370913612452208,26.0,48.0,140.49921646974303,16.558845151477094,Medium
2024-03-14 22:25:00,40.73169831755638,-73.70563476174306,265.0,35.19919801018965,92.80648680429896,Yellow,Clear,0.0,-0.7002715195594451,85.0,1.0,400.81422372664554,22.854583990913753,High
2024-03-14 22:30:00,40.75715730714603,,99.0,,89.3901220142191,Red,Fog,0.0,0.3151399810940483,9.0,46.0,172.52059125977905,21.51889878546112,High
2024-03-14 22:35:00,40.76946558577853,-73.95126129978317,124.0,43.057167212375326,41.99318402744004,Green,Snow,0.0,0.9254757339630036,35.0,31.0,65.80905478837064,25.269078531557668,Medium
2024-03-14 22:40:00,40.858794910031556,-73.80054691718111,154.0,53.31802464109956,69.05500171188798,Yellow,Clear,0.0,0.2778886688327224,73.0,0.0,474.31389170626704,13.540450917421738,Medium
2024-03-14 22:45:00,40.75558555296169,-73.99599863248193,142.0,41.754089932853056,75.7407181368848,Green,Clear,0.0,0.5124543752321555,8.0,32.0,205.2940718116569,6.818934459058316,Medium
2024-03-14 22:50:00,40.89589879314646,-73.75245063388175,212.0,49.41573831843008,47.295200146178864,Red,,0.0,0.8664642602609607,31.0,5.0,283.8195806268578,18.111661669610545,High
2024-03-14 22:55:00,40.674008845701835,-73.88928131757578,69.0,71.3151077224691,54.33830043613239,Green,Rain,0.0,-0.5528222290450882,17.0,19.0,128.3500480022471,23.12120791956082,Medium
2024-03-14 23:00:00,40.7051452525246,-73.75859086418322,98.0,22.23669267635319,82.95492414289626,Green,Rain,0.0,-0.172976570115813,24.0,18.0,398.6252664917868,17.71946770984994,High
2024-03-14 23:05:00,40.80816578523293,-73.89593970270523,189.0,34.65992650598534,58.731343722002386,Green,Rain,0.0,0.7154092582412082,37.0,45.0,200.1034288385157,5.423466746726492,Medium
2024-03-14 23:10:00,40.7792716194956,-73.84456211331748,242.0,25.541508533820412,11.757128227552377,Yellow,Rain,0.0,-0.6882516909457819,31.0,33.0,283.99387955713854,17.70110730307731,High
2024-03-14 23:15:00,40.70335470966133,-73.97793923208732,259.0,63.29760316359912,97.83507704294836,Yellow,Fog,0.0,0.9456844602554502,56.0,27.0,201.37040982324945,6.0602895114179365,High
2024-03-14 23:20:00,40.64640436466049,-73.86958823086965,271.0,24.978589730151388,84.99045189191699,Red,Fog,0.0,-0.7826459293177572,61.0,4.0,236.2076577891575,21.55758512011128,High
2024-03-14 23:25:00,40.83189865024842,-73.72202484036357,57.0,70.23992783325481,65.46725888131672,Green,Clear,0.0,-0.7922123463646766,71.0,18.0,349.8832291833269,10.236028527763644,Medium
2024-03-14 23:30:00,40.650445823686645,-73.76098348558425,247.0,9.33393836602137,65.75205974346923,,Rain,0.0,0.2406834997445754,47.0,5.0,476.0336941116486,29.96688056683784,High
2024-03-14 23:35:00,40.66787034871432,-73.76959229633322,290.0,49.05745471939681,87.48171484473276,Red,Snow,0.0,-0.5203359595996468,89.0,21.0,348.11346436374834,25.180718811245825,High
2024-03-14 23:40:00,40.75436916693542,-73.93552511260702,181.0,37.964991685767195,87.79868369296169,Red,Snow,0.0,-0.301678528066353,2.0,32.0,157.5916443595588,15.505894946469828,High
2024-03-14 23:45:00,40.79792030972076,-73.98881774065768,186.0,69.49065345659426,14.331003700446336,Yellow,Clear,1.0,0.6934718597915126,50.0,43.0,219.79754927857184,25.130554373049435,High
2024-03-14 23:50:00,40.71272257241001,-73.74670126596688,180.0,16.760468323911944,14.43118716702426,Yellow,Snow,0.0,0.4765115543880593,37.0,10.0,264.01441925622635,29.275758638301408,High
2024-03-14 23:55:00,40.61853373142847,-73.82602757467083,200.0,61.184333413135015,94.66620599442012,Red,Clear,0.0,-0.2798854627932279,13.0,20.0,322.7488886165114,18.627040133943943,High
2024-03-15 00:00:00,40.8324598315472,-73.97068604764017,129.0,58.06929428320671,57.4469911206145,Green,Rain,0.0,0.5577649960408471,61.0,43.0,117.6629174576254,15.662080522616534,Medium
2024-03-15 00:05:00,40.62933102075074,-73.88699274505841,39.0,19.644259947784654,90.667648856924,Yellow,Fog,0.0,-0.21836435689526,4.0,37.0,257.92055174029537,11.290812052266492,High
2024-03-15 00:10:00,40.848095531425955,-73.71573675493848,24.0,27.42703720134632,10.285020955066171,Red,Fog,0.0,-0.3531142333820418,35.0,13.0,413.04227028081726,9.62277840795482,Medium
2024-03-15 00:15:00,40.759166838665784,-73.80610348223978,220.0,72.03848246742791,24.354705041612576,Red,Snow,0.0,0.6865603649522154,70.0,10.0,481.6922246063908,17.746008710434733,High
2024-03-15 00:20:00,40.75693941612475,-73.92195764421685,284.0,31.523283806375495,42.01939580974575,Yellow,Clear,0.0,-0.9545428609398934,33.0,21.0,276.78277736065104,18.256909002530392,High
2024-03-15 00:25:00,40.637410123939304,-73.78109369928944,139.0,20.39798681289117,55.94434411894933,Red,Clear,0.0,0.5683510101385929,92.0,25.0,453.4233880611026,23.78916041572031,Medium
2024-03-15 00:30:00,40.86451699812341,-73.8355463038033,201.0,74.48119365781449,22.480525700170837,Green,Snow,1.0,0.3146331784850331,50.0,25.0,131.10041711913254,21.30427471711951,High
2024-03-15 00:35:00,40.64549778809043,-73.89285118622543,141.0,73.20229517576216,91.29439547155116,Yellow,Rain,0.0,-0.2060256794227348,87.0,17.0,282.37292361697666,12.968751218820422,High
2024-03-15 00:40:00,40.751708771246776,-73.74584700569353,234.0,68.50739362465868,99.65648574386408,Yellow,Snow,0.0,-0.5913954353714415,3.0,13.0,108.43335320241356,13.96398431177468,High
2024-03-15 00:45:00,40.886727038002284,-73.96560098051374,70.0,22.44782585439409,97.3361842554078,Yellow,Fog,0.0,0.0284288797148906,88.0,5.0,184.7942503289341,26.552425548462733,High
2024-03-15 00:50:00,40.74890578364277,-73.75248858887288,172.0,36.65143224240304,78.59978043406124,Red,Clear,0.0,-0.8698681143067164,80.0,4.0,224.1874581860031,10.667810794551515,Medium
2024-03-15 00:55:00,40.64644922355143,-73.7214743580796,74.0,15.994939347683328,79.1724753172632,Green,Fog,0.0,0.0427609370808832,50.0,43.0,83.67358052666191,9.223584350010135,High
2024-03-15 01:00:00,40.81165289919246,-73.90530492266146,67.0,71.22641896882122,72.91918726612374,Yellow,Snow,0.0,0.6033638442489382,43.0,27.0,240.19340941764307,17.72906058207891,Medium
2024-03-15 01:05:00,40.64849709774935,-73.84592875581501,169.0,,67.60498865407777,Red,Clear,0.0,-0.8245018073586301,63.0,7.0,448.66963822726143,5.3136356880453715,Medium
2024-03-15 01:10:00,40.79271983891284,-73.90005743419447,176.0,35.98549198097838,67.38493597153013,Red,Clear,1.0,-0.2832049479167591,10.0,31.0,316.8164627817076,14.056753498048955,High
2024-03-15 01:15:00,40.70782711918019,-73.95182724073953,177.0,58.22672462542222,30.860239988355577,Red,Clear,1.0,0.2604753960017043,13.0,44.0,86.36726837040334,19.36053705145369,High
2024-03-15 01:20:00,40.87676856773397,-73.90880930670819,165.0,28.44639235628441,41.95716703679669,Green,Clear,0.0,-0.3036423202838192,63.0,22.0,465.2174080797866,23.457085443812716,Medium
2024-03-15 01:25:00,40.84330060932825,,121.0,6.562995260055344,26.15298580249843,Yellow,Clear,0.0,-0.1834900552906462,49.0,33.0,239.28180046731583,14.776801499970665,High
2024-03-15 01:30:00,40.73890830418856,-73.87991561153709,245.0,27.43779040663319,90.58312485954905,Red,Fog,0.0,-0.3560240255771194,85.0,11.0,296.4245120132906,18.28059492747093,High
2024-03-15 01:35:00,40.87014698145164,-73.70236883836897,165.0,12.676632602172033,19.368620910010016,Yellow,Fog,0.0,0.0565218927456634,92.0,30.0,160.0836854048927,15.330646046442489,High
2024-03-15 01:40:00,40.75098967230001,-73.85108587900511,175.0,26.990844710321543,44.61680434127724,Yellow,Rain,0.0,-0.1100772612865066,26.0,2.0,322.9893472471917,15.610510833414963,Medium
2024-03-15 01:45:00,40.75102078500244,-73.80875819507679,31.0,73.09462226816878,80.29891571484411,Red,Rain,0.0,0.6777203975469375,41.0,16.0,122.15247464426888,12.664913071020212,High
2024-03-15 01:50:00,40.85637753382247,-73.99017369541394,208.0,71.79950396751225,25.878426113871612,Green,Rain,0.0,,50.0,0.0,339.53988665096125,11.163635942913992,High
2024-03-15 01:55:00,40.64021383137361,-73.71103228796555,21.0,64.01887840761782,44.81350741630237,Red,Clear,0.0,0.1547003578199,98.0,5.0,270.4096491815586,26.835299745787495,Low
2024-03-15 02:00:00,40.860571787896895,-73.97687208724433,190.0,19.78785013659559,19.46912315741761,Yellow,Clear,0.0,0.5901046420885179,8.0,34.0,174.82804849965174,22.629996967759247,High
2024-03-15 02:05:00,40.65210533558498,-73.73558372448899,56.0,39.21801754655288,91.55963445923663,Green,Clear,0.0,0.5583980568325935,55.0,13.0,180.01121461812824,12.27409241662695,High
2024-03-15 02:10:00,40.73297988130226,-73.75091112881957,242.0,,44.2425753058876,Green,Rain,0.0,0.9808469703419394,23.0,41.0,440.6711776861643,7.075702150868308,High
2024-03-15 02:15:00,40.74570695782218,-73.90799927027193,66.0,67.2094272847473,45.36040796942659,Red,Snow,0.0,-0.6395685146810934,82.0,28.0,296.4172633568339,17.246836450137998,Low
2024-03-15 02:20:00,40.753149593707285,-73.79739188823216,252.0,76.4628625167929,89.69691312162138,Red,Snow,0.0,-0.1138031569110962,42.0,14.0,130.1435730224493,8.233371394882703,High
2024-03-15 02:25:00,40.890579065820326,-73.92299378372697,128.0,53.702747519229426,73.78947887561935,Yellow,Rain,0.0,0.9693778505877704,39.0,25.0,468.80312957735663,16.746580042038516,Medium
2024-03-15 02:30:00,40.78153165445337,-73.80875977216849,213.0,8.055029406846337,18.32187106387004,Green,Clear,0.0,0.6663679655741521,84.0,21.0,466.14437379177974,23.65258635518681,High
2024-03-15 02:35:00,40.77546015556891,-73.82490570197048,70.0,29.868930790208303,93.15330171319304,Yellow,Clear,0.0,-0.0154715976272836,24.0,10.0,215.54821027179997,29.97985379798033,High
2024-03-15 02:40:00,40.80357228241672,-73.93749204848987,144.0,22.87017360493533,59.79655670944684,Green,Clear,0.0,0.8864353509364689,36.0,7.0,418.9918459428973,17.262883303467746,Medium
2024-03-15 02:45:00,40.752057704888074,-73.98860411823341,128.0,22.864911381404237,73.86812774716964,Yellow,Fog,0.0,0.9560400064590748,25.0,10.0,182.0230128035187,10.420771426218128,Medium
2024-03-15 02:50:00,40.8180131809351,-73.7372710933609,27.0,12.728699769807626,58.99010745868296,Green,Clear,0.0,0.4080604425442888,76.0,47.0,313.2858643213996,19.28640369148796,High
2024-03-15 02:55:00,40.68280312530634,-73.7806552454957,66.0,19.643146021895284,53.03253916499139,Green,Clear,0.0,0.9057529558628016,21.0,7.0,327.7831821036843,29.69071442327665,High
2024-03-15 03:00:00,40.77757744459636,-73.7510570877112,145.0,79.79058325912662,64.63930826451084,Red,Clear,0.0,0.5709705898190256,9.0,13.0,132.25703292969837,21.484885783109775,Medium
2024-03-15 03:05:00,40.60917954187668,-73.88018865935395,270.0,38.08320022637833,48.64832606976656,Green,Clear,0.0,-0.2468521377446968,79.0,14.0,496.36168319973336,27.376706803706224,High
2024-03-15 03:10:00,40.66591930497013,-73.97110361620655,58.0,36.4929046467614,50.31718998099732,Yellow,Clear,0.0,-0.5110661235925364,89.0,0.0,315.9308616809741,16.175801978364312,Medium
2024-03-15 03:15:00,40.62893144641617,-73.89958944426364,254.0,41.864767313461485,29.61061686134275,Green,Snow,0.0,0.8924366614255246,10.0,9.0,354.57081527958,6.8143476232164755,High
2024-03-15 03:20:00,40.84907870314424,-73.84887008004775,28.0,62.126704110384885,11.679251451909243,Yellow,Fog,1.0,-0.583342011984316,21.0,27.0,296.39757637902284,22.04434998106931,High
2024-03-15 03:25:00,40.63583606095668,-73.70516474996028,53.0,49.72614524601,68.5820581166184,Green,Snow,1.0,0.9320574705935992,78.0,47.0,346.30409492517856,5.8482370302269615,High
2024-03-15 03:30:00,40.70312554026395,-73.79060633837378,44.0,28.157970397443293,45.02035951940849,Red,Fog,0.0,-0.0718403131333635,2.0,49.0,355.2412437446694,10.6995659557339,Medium
2024-03-15 03:35:00,40.86045273829336,-73.96415226226078,144.0,18.15050659773612,56.940347814855386,Red,Snow,0.0,0.4734383597452622,27.0,6.0,386.6999686823513,20.87378703210223,High
2024-03-15 03:40:00,40.777330328576255,-73.8735365222753,248.0,44.269940871869366,65.23845791183648,Yellow,Rain,0.0,-0.167447213503779,7.0,17.0,445.25958137297823,23.2172788816564,High
2024-03-15 03:45:00,40.69235830191936,-73.86404214162965,132.0,78.9861431146549,23.169577669363015,Green,Rain,0.0,-0.4696629125481735,26.0,21.0,54.360428144618446,16.539049283890687,Medium
2024-03-15 03:50:00,40.867494044504355,-73.93609095129139,285.0,34.84337624002628,63.41869994731826,Yellow,Fog,0.0,0.6600221305079956,69.0,8.0,375.55035037277173,12.248315287934233,High
2024-03-15 03:55:00,40.85393869040813,-73.82466901694985,173.0,,25.373829009904817,Green,,0.0,-0.969377843581263,41.0,2.0,,23.73162168524424,High
2024-03-15 04:00:00,40.83761052658061,-73.83464991839351,273.0,27.47861739943967,69.2166675197466,Yellow,Fog,0.0,0.6298035799876571,39.0,45.0,263.3116395326422,29.50997400467649,High
2024-03-15 04:05:00,40.86944057472395,-73.75166689471556,211.0,46.430750208044614,90.05651702133912,Yellow,Snow,0.0,-0.5036740962269428,66.0,42.0,72.48778463216283,7.413783711729136,High
2024-03-15 04:10:00,40.76309058497715,-73.97704145272425,138.0,46.26280597850663,75.12379001242951,Green,Snow,1.0,-0.2127298672531152,91.0,21.0,427.1876069158528,13.1766686518719,High
2024-03-15 04:15:00,40.87057119523288,-73.74809402671835,214.0,46.73966793875076,54.933029457845734,Green,Clear,0.0,-0.429140450757367,84.0,15.0,186.79986407511257,16.358139570386957,High
2024-03-15 04:20:00,40.877943434536114,-73.73605936698405,21.0,24.92523745901405,73.85955477768647,Yellow,Fog,0.0,0.0690454727203031,52.0,35.0,53.327052872008736,29.404440087765337,Medium
2024-03-15 04:25:00,40.668931617570074,-73.99007938999118,156.0,59.58283275371722,59.59291333416707,Red,Snow,0.0,-0.7598039974515252,56.0,27.0,286.26038392857566,14.424066849509607,Medium
2024-03-15 04:30:00,40.70604444744476,-73.84004470702628,60.0,32.84839076239688,78.8543756371344,Yellow,Fog,0.0,0.9613375418510804,9.0,4.0,311.23918793217285,7.361440992583228,Medium
2024-03-15 04:35:00,40.731720657973,-73.99195980365072,97.0,76.22499143663121,83.55568696153492,Green,Fog,0.0,-0.2866025177361926,74.0,49.0,345.4307756605171,25.278941862902535,High
2024-03-15 04:40:00,40.87527812460391,-73.7842957448091,172.0,8.145146681337739,49.12972052689289,Yellow,Rain,0.0,-0.8381288460083245,35.0,21.0,147.09381834921038,14.981208423054223,High
2024-03-15 04:45:00,40.74969180385365,-73.93571039789485,130.0,21.584876924786727,17.938115194085125,Green,Snow,0.0,-0.1709358392158773,74.0,41.0,148.80779955412723,26.20914568094733,Medium
2024-03-15 04:50:00,40.7764479690198,-73.79233613210982,184.0,20.802628830737685,43.388298969872885,Yellow,Fog,0.0,-0.1942367107416178,98.0,29.0,,17.15125613192744,Medium
2024-03-15 04:55:00,40.88372867644438,-73.79875604402547,35.0,,14.651598113809497,Red,Clear,0.0,-0.2416084925791943,39.0,13.0,365.15471558355415,25.735783165881212,High
2024-03-15 05:00:00,40.75299532261985,-73.78245939037238,160.0,65.42192553636644,30.05354054397711,Yellow,Fog,0.0,0.9625507328169516,27.0,16.0,377.2413832150221,7.111850081392532,Medium
2024-03-15 05:05:00,40.67978928916783,-73.70645826152106,205.0,65.72112868831313,39.11445079053523,Green,Snow,0.0,0.9756913297972174,96.0,10.0,401.1220712277621,18.556707658626745,High
2024-03-15 05:10:00,40.68659569979944,-73.75120704040587,274.0,60.461697285389015,37.12402707349527,Green,Clear,0.0,0.944871033494208,43.0,26.0,308.84934142977863,8.15724857904829,High
2024-03-15 05:15:00,40.70946018700263,-73.90820530262071,206.0,50.109925597907704,40.36031877761618,Yellow,Fog,0.0,-0.6856812686624707,92.0,5.0,411.23938932559435,17.763765355965543,High
2024-03-15 05:20:00,40.7344285352423,-73.81723723981466,60.0,62.896139322824276,17.79101036413392,Green,Fog,0.0,0.0059320485009459,74.0,18.0,357.42103308976715,21.33258371678575,Low
2024-03-15 05:25:00,40.84720868681142,-73.85290163554401,81.0,56.692844011476566,30.012970259891997,Yellow,Rain,,0.076282215052102,76.0,29.0,251.14348098460607,,Low
2024-03-15 05:30:00,40.67443973914989,-73.98540324676975,76.0,11.362439704601377,57.42416737991635,Green,,0.0,-0.5838210913041906,72.0,28.0,72.98628937157781,14.914440133562625,High
2024-03-15 05:35:00,40.75054803081251,-73.81669460658983,251.0,67.60108631950126,52.68178059079614,Red,Snow,0.0,0.5774965722365517,71.0,45.0,361.9573348149906,18.800035515683568,High
2024-03-15 05:40:00,40.7000479482351,-73.81496918694006,90.0,79.18605287465569,65.83890458367385,Green,Snow,0.0,0.0293741341411681,50.0,11.0,378.3177581014753,7.967664138977338,Medium
2024-03-15 05:45:00,40.73803311608869,-73.99319427477822,79.0,11.616842242683148,23.623647404426457,Yellow,Fog,0.0,0.6109951662023865,40.0,21.0,356.33868034285086,10.5347943603112,High
2024-03-15 05:50:00,40.72500364708246,-73.97050487892278,278.0,69.30536506084196,79.224093790552,Green,Clear,0.0,,11.0,42.0,413.14538938449,21.27912459239772,High
2024-03-15 05:55:00,40.76874997510494,-73.78370180359614,157.0,65.78718229856565,97.93770229672332,Green,Clear,0.0,0.2949927909489509,89.0,38.0,296.88396964344895,16.118957874872684,High
2024-03-15 06:00:00,40.89448695603151,-73.98808492357168,267.0,70.04516980155937,89.38013232893468,Red,Clear,0.0,0.7781547142164336,24.0,23.0,491.9920787367938,6.585711743606369,High
2024-03-15 06:05:00,40.643101330408946,-73.95492192632278,20.0,55.19429057524087,36.02725528437183,Green,Fog,0.0,0.3195095994681038,52.0,6.0,313.02419575857766,14.784773463534012,Low
2024-03-15 06:10:00,40.64154992263973,-73.8423287034784,265.0,11.913108049465624,17.385181386418903,Green,Clear,0.0,0.7253791123960571,1.0,17.0,64.10607818528793,16.61928701806942,High
2024-03-15 06:15:00,40.79280798906766,-73.7056202953469,250.0,36.70874334041953,68.3388870853838,Green,Snow,0.0,0.4461557393982722,43.0,22.0,113.18767127448612,14.750235783638011,High
2024-03-15 06:20:00,40.69600999124756,-73.75000941263364,194.0,54.58891325903281,88.65630822442098,Red,Fog,0.0,0.0840191193093629,56.0,42.0,218.5810159230945,24.47239551492664,High
2024-03-15 06:25:00,40.64105080390608,-73.76896594797219,246.0,64.93914572700947,62.87441450135922,Green,Snow,0.0,-0.4194507953067761,81.0,4.0,463.7138187278647,27.083882431779845,High
2024-03-15 06:30:00,40.6123238684805,-73.96491932482382,35.0,60.63852943200734,35.139182506456265,Red,Snow,0.0,0.9402639093211363,40.0,43.0,410.87007798406046,11.576802011049748,Low
2024-03-15 06:35:00,40.826997941498846,-73.96377759401285,,13.14408245701582,86.71894117927535,Green,Clear,0.0,-0.8163231500847887,95.0,14.0,176.56714274347974,13.491134071509384,High
2024-03-15 06:40:00,40.66535450297538,-73.84492678194273,211.0,25.034908381093665,98.38850758513676,Green,Rain,0.0,-0.0079789611380811,40.0,33.0,116.76906650918131,10.487358914581382,High
2024-03-15 06:45:00,40.81006031583282,-73.87069501921779,212.0,78.3915872506462,80.98927136021884,Red,Clear,0.0,0.9277084748834707,34.0,2.0,60.09352835890275,20.32783192446687,High
2024-03-15 06:50:00,40.83084387987183,-73.84650647424016,18.0,38.64761802974672,66.31928870578807,Red,Fog,0.0,-0.950177742743999,9.0,43.0,70.59479962288708,24.46955185961558,Medium
2024-03-15 06:55:00,40.65893475527824,-73.93450064884296,268.0,11.980251875001228,42.13383224117201,Red,Rain,0.0,0.8072676408024344,51.0,6.0,390.3325231988802,16.45202777009481,High
2024-03-15 07:00:00,40.672009322235894,-73.96625972392945,111.0,66.35649778881952,83.65510693770669,Green,Clear,1.0,-0.3151210992008739,21.0,31.0,404.6458025184422,25.489659800659147,High
2024-03-15 07:05:00,,-73.9405567834103,61.0,72.61266237505245,97.60743402341993,Yellow,Clear,0.0,-0.4199709477218531,45.0,41.0,131.10619588891842,13.698234141353971,High
2024-03-15 07:10:00,40.61437621947949,-73.9357567067548,159.0,61.284535800031286,69.39962669193753,Red,Snow,0.0,-0.3103139608704395,22.0,42.0,256.79389584049443,22.77699864398401,Medium
2024-03-15 07:15:00,40.859847993765186,-73.80408963408934,281.0,8.91313586175635,99.26571477983424,Red,Rain,0.0,0.8454160705425577,26.0,2.0,185.51052000708984,27.189560112153707,High
2024-03-15 07:20:00,40.88063499108562,-73.713187192354,36.0,43.60332415912134,11.95503040983337,Green,Snow,0.0,-0.7471532791670448,54.0,12.0,182.2124632157678,12.922880029470816,Low
2024-03-15 07:25:00,40.899892700684546,-73.81364295670443,167.0,30.266223645612857,55.330971380419406,Red,Snow,0.0,0.2052829113859555,85.0,7.0,91.23014278857394,25.99745722431415,Medium
2024-03-15 07:30:00,40.739934100181856,-73.99157788185188,150.0,35.38928322477795,69.35185604839576,Red,Rain,0.0,0.8165781930083442,33.0,43.0,147.81956358725932,,Medium
2024-03-15 07:35:00,40.779389091019,-73.95056305730182,165.0,26.544972576635736,66.45644780845977,Green,Snow,0.0,0.1124356612598436,97.0,20.0,457.56899537667056,5.457501942696931,Medium
2024-03-15 07:40:00,40.67505043188698,-73.81538687141925,156.0,74.72168697447064,63.65241870438655,,Rain,1.0,0.2853138289752324,6.0,7.0,180.27805303789185,12.281201264847642,High
2024-03-15 07:45:00,40.67520865114914,-73.77578934299589,178.0,62.72983168875746,55.44704371663455,Green,Rain,1.0,0.946693361596346,7.0,14.0,211.1000150156004,15.09227201644616,High
2024-03-15 07:50:00,40.70665460274724,-73.73011652121208,225.0,41.568295347094626,61.46735715980617,Yellow,Rain,0.0,0.5356860968818395,74.0,42.0,222.77182499792903,7.439751449029401,High
2024-03-15 07:55:00,40.80757344646583,-73.80306733947059,24.0,61.36965966508082,59.38720241000264,Green,Fog,0.0,-0.8532484976697454,64.0,46.0,122.80521147047358,24.501591791137024,Medium
2024-03-15 08:00:00,40.71436671868164,-73.71894359045399,25.0,38.61450959881165,82.32609656825963,Green,Fog,0.0,-0.8773336952967028,7.0,5.0,51.983123068019175,5.513339357681089,High
2024-03-15 08:05:00,40.625788306773536,-73.96613609690294,267.0,,97.84033941394466,Yellow,Rain,1.0,0.8115272836761638,85.0,3.0,184.4053925213959,19.214328753595908,High
2024-03-15 08:10:00,40.81520581536849,-73.7831500893647,26.0,51.03681630325445,10.42178921726748,Red,Snow,0.0,-0.1348576431338022,95.0,40.0,467.561785976095,27.491425119410717,Low
2024-03-15 08:15:00,40.80182448352892,-73.75819318143456,163.0,25.152981611468533,42.358446767559954,Yellow,Rain,0.0,-0.9556072994671108,95.0,16.0,438.2727215468511,19.174665786727893,Medium
2024-03-15 08:20:00,40.683584201501056,-73.95667548750943,199.0,64.5832970155324,38.378307152942185,Green,Fog,0.0,,8.0,37.0,357.448238490197,28.372305280849023,Medium
2024-03-15 08:25:00,40.77068276681032,-73.83435224000978,48.0,16.846483917268905,64.24238239109096,Green,Fog,0.0,0.8998294415661685,91.0,47.0,436.7766868923283,29.472601308537275,High
,40.64412362769138,-73.73672683706243,234.0,45.21085633859533,63.21744050078213,Red,Snow,0.0,0.5032200629211345,11.0,32.0,342.2254897430291,12.74054926921983,High
2024-03-15 08:35:00,40.88090802682582,-73.86031288909119,66.0,38.23760079746179,77.3632174883199,Red,Fog,0.0,-0.1626831796467966,61.0,38.0,252.15181604989365,10.258042318640737,Medium
2024-03-15 08:40:00,40.82603132501592,-73.82354746005456,252.0,60.88245372269992,75.0821518390935,Green,Rain,0.0,0.4666717135733003,21.0,49.0,346.0629333258546,22.55227243786458,High
,40.85657414689621,-73.76878245583652,32.0,31.83732080716303,28.380954975236367,Green,Snow,1.0,0.100738529809695,70.0,18.0,57.67947617172425,13.220904806542944,High
2024-03-15 08:50:00,40.617763637557346,-73.72691780906541,70.0,46.766821309196864,97.10427869236214,Green,Clear,0.0,0.8158535928568085,36.0,32.0,350.29341839188527,7.8502061547396895,High
2024-03-15 08:55:00,40.83566486742529,-73.74411763118238,151.0,66.64996228528435,77.47879202352348,Green,Rain,0.0,0.8260149311193434,41.0,41.0,168.1641294353512,15.863118648211302,Medium
2024-03-15 09:00:00,40.60754886636765,-73.75687578000962,81.0,6.796122686952131,17.1191744709901,Red,Rain,0.0,-0.8660447324011105,18.0,43.0,75.00068091815193,26.966782336123888,High
2024-03-15 09:05:00,40.80040011565883,-73.86679312507057,241.0,64.11820361227252,15.501657751063552,Yellow,Snow,0.0,-0.2657999532074777,83.0,1.0,64.70194873105041,7.8337911062520895,High
2024-03-15 09:10:00,40.634293695388976,-73.71206058136768,93.0,23.59254307040892,10.33874831562575,Red,Rain,1.0,0.670141457320786,47.0,43.0,216.25883264885184,24.097869005695987,High
2024-03-15 09:15:00,40.66499217787173,-73.74846126962234,180.0,12.542076882155492,71.63024045519101,Red,Fog,0.0,0.5552079998907471,36.0,16.0,311.5232656108357,6.66527318270025,High
2024-03-15 09:20:00,40.780344241333985,-73.79118202316975,251.0,71.50597193265544,58.03713735677426,Red,Fog,0.0,-0.3240156484212844,61.0,49.0,228.43176647198564,15.582329981545852,High
2024-03-15 09:25:00,40.72177534607496,-73.95278762223067,25.0,78.69385251635833,10.583656192566446,Green,Clear,0.0,0.6931535554982169,37.0,3.0,52.26101428065304,22.65541367497124,Low
2024-03-15 09:30:00,40.760403364566685,-73.94147751488002,12.0,29.821633243571043,92.9095005552356,Green,Clear,0.0,0.4615065106306406,36.0,20.0,224.37672660574844,13.308631884788284,High
2024-03-15 09:35:00,40.77156601781925,-73.92884747952087,55.0,28.79739965975553,16.391672426548674,Green,Snow,0.0,-0.5504691848451069,45.0,8.0,168.90514880851094,8.208583885112024,
2024-03-15 09:40:00,40.70679993640989,-73.96321240761257,94.0,50.378841126265264,39.55851616597587,Green,Snow,0.0,-0.4355435726753003,67.0,35.0,147.83477659919984,10.116742330232608,Low
2024-03-15 09:45:00,40.8770552955514,-73.92566631100476,204.0,14.112773772415192,59.760254492760325,Red,Clear,1.0,-0.3483529172493214,77.0,4.0,379.0275327633459,7.158282488135832,High
2024-03-15 09:50:00,40.76188165623139,-73.783075499527,270.0,72.36825318366006,76.8099193015116,Yellow,Clear,0.0,0.8553968077772258,61.0,32.0,174.61735929245722,7.46664905256223,High
2024-03-15 09:55:00,40.638439385548914,-73.76517268650608,291.0,10.310052731449565,92.91326193663345,Green,Fog,0.0,-0.0584559783322138,65.0,13.0,311.78191744545,17.000978398618315,High
2024-03-15 10:00:00,40.79918421670136,-73.71576892844121,212.0,42.88680647465995,28.71872351725518,Green,Clear,0.0,0.5084577520884637,6.0,13.0,246.59189425399163,18.172915655338613,High
2024-03-15 10:05:00,40.63939509630037,-73.85365962641487,172.0,64.99628881783967,90.36719909981711,Red,Snow,0.0,0.1296694341846749,66.0,1.0,209.93955722325188,23.845695194512945,High
2024-03-15 10:10:00,40.64502714736215,,244.0,69.78767642495276,64.28154234031106,Red,Fog,0.0,-0.5513559546636222,33.0,49.0,487.6003855431933,17.454257789464826,High
2024-03-15 10:15:00,40.77753692912175,-73.85440963330106,32.0,68.44725364705651,95.59761331795536,Green,Clear,0.0,0.6501828006481356,95.0,10.0,389.4995333833687,5.540998048567443,High
2024-03-15 10:20:00,40.68033170476988,-73.7536457727185,140.0,52.39611246458863,63.78597003261813,Red,Snow,0.0,0.8071198039790108,83.0,33.0,338.2334676487313,8.91692232654733,Medium
2024-03-15 10:25:00,40.81968667929855,-73.84275423632667,189.0,19.188658292498538,33.454014008175776,Yellow,Fog,0.0,0.0315262505585709,48.0,3.0,396.3543426754938,22.547665224430514,High
2024-03-15 10:30:00,40.6581633228998,-73.85122525037386,262.0,40.5925146281991,59.04969353502622,Yellow,Rain,0.0,-0.0588381694924684,98.0,19.0,321.5751386143007,21.90665768367092,High
2024-03-15 10:35:00,40.655328610275774,-73.77858130849981,147.0,41.5865678350223,22.763753083259413,Red,Rain,0.0,0.4226277594114429,37.0,3.0,213.58023123666476,23.85765563264286,Medium
2024-03-15 10:40:00,40.899700782304905,-73.99901383960034,155.0,13.70082837183286,10.07037983052864,Yellow,Rain,0.0,0.8482871930258666,21.0,48.0,118.32150569391294,29.630102929287283,High
2024-03-15 10:45:00,40.85120666978001,-73.78443517512167,67.0,66.6876777215417,34.403891707934946,Red,Clear,0.0,-0.4792043932681553,17.0,15.0,193.4492662292613,16.882738955076597,Low
2024-03-15 10:50:00,40.654756800921206,-73.75752373748992,165.0,16.283542043322353,25.52674224618583,Yellow,Fog,0.0,-0.0944619323771112,33.0,22.0,134.72794938149087,19.531171228100284,High
2024-03-15 10:55:00,40.82166738525476,-73.73725401808898,207.0,,,Green,Fog,1.0,-0.5548035888122276,62.0,47.0,109.37770233713584,19.70311157515816,High
2024-03-15 11:00:00,40.81877612360597,-73.7460961510981,128.0,43.391482247644745,93.56365217372264,Yellow,Clear,0.0,-0.94396811647302,62.0,42.0,387.4232114161326,12.35274512759485,High
2024-03-15 11:05:00,40.60097230955231,-73.84854527299939,298.0,21.28212647641432,23.25708482554207,Red,Snow,0.0,0.4073152071201196,15.0,8.0,70.23326488839757,11.161628223335336,High
2024-03-15 11:10:00,40.71618829612285,-73.9316737629224,97.0,46.75867364221275,94.55917595293096,Green,Snow,0.0,-0.8082733785464049,24.0,2.0,357.702717030447,29.90304734103731,High
2024-03-15 11:15:00,40.84293955280011,-73.72138791191462,186.0,49.84009719658855,16.818720228420556,Yellow,Snow,0.0,-0.2022376214306838,41.0,30.0,455.17842952423433,9.101706196348715,Medium
2024-03-15 11:20:00,40.80396443559682,-73.85007141357427,169.0,53.54993227769672,83.63611109045206,Yellow,Snow,0.0,0.3507262591266264,18.0,27.0,376.2218906413707,25.24731717848396,High
2024-03-15 11:25:00,40.870560924892466,-73.70907280416625,29.0,54.369948503154475,58.45903287871587,Yellow,Snow,0.0,0.5056624470776521,30.0,34.0,186.03411087957292,11.895576369522397,Medium
2024-03-15 11:30:00,40.80072688001741,-73.93413126224524,215.0,34.12718832477718,29.22268375263107,Red,Fog,0.0,0.991204585911214,93.0,45.0,383.85285673191777,20.394025549528955,High
2024-03-15 11:35:00,40.70553974036024,-73.97050891481952,179.0,5.7575116448673205,60.38577430816617,Green,Snow,0.0,0.5605710005200872,39.0,36.0,186.4363564934477,27.999445644584455,High
2024-03-15 11:40:00,40.802788850350865,-73.91720237727722,222.0,62.743694452624005,47.79084873090995,Green,Snow,0.0,0.7660948371140333,82.0,35.0,373.5881628390739,25.12025110460177,High
2024-03-15 11:45:00,40.7829890682348,-73.7665540385788,77.0,38.814417127610746,26.09658981615461,Green,Snow,0.0,-0.3802967675783086,60.0,31.0,62.43629753047245,15.07690978932562,Medium
2024-03-15 11:50:00,40.77533061676765,-73.7027246212462,197.0,68.6867701097752,37.39091682884182,Yellow,Rain,0.0,0.3456565704610861,26.0,30.0,399.9730329355078,20.59018632513468,Medium
2024-03-15 11:55:00,40.74271792137516,-73.8167589366223,202.0,73.33024021181518,20.284116757136196,Green,Fog,0.0,-0.7751144474749414,24.0,42.0,316.98354327886426,9.40800439814758,High
2024-03-15 12:00:00,40.744114928460654,-73.80084289557027,121.0,59.34830418310954,59.43530707600897,Green,Snow,0.0,-0.7180951665228792,28.0,5.0,349.06062487593846,19.597025122202353,Medium
2024-03-15 12:05:00,40.62577369181755,-73.78391842170383,169.0,42.82475045388229,57.214636405237066,Green,Clear,0.0,-0.6321343734352463,94.0,44.0,106.03567244286228,24.865986916158896,Medium
2024-03-15 12:10:00,40.86302631365065,-73.88404662714143,37.0,63.80879387999036,23.128257455498304,Green,Snow,1.0,0.8075974876035785,80.0,17.0,51.775065526994815,16.93027135661146,High
2024-03-15 12:15:00,40.86548872946053,-73.98906774625154,171.0,,44.739331410881775,Yellow,Fog,0.0,0.404031317586111,3.0,41.0,156.63313973209716,12.41878485510529,Medium
2024-03-15 12:20:00,40.711672571288744,-73.71236643575442,197.0,,47.694315708084545,Green,Fog,0.0,-0.5752029741531925,32.0,0.0,281.25697135453566,25.28690806937297,Medium
2024-03-15 12:25:00,40.612419824962096,-73.71881261460015,256.0,24.95949622989432,32.585566917381385,Green,Clear,0.0,0.0457907747564598,57.0,26.0,246.43768564833005,24.48205389536732,High
2024-03-15 12:30:00,40.76942027377011,-73.87230636746676,144.0,15.091062022462951,48.46736190502213,Yellow,Snow,0.0,-0.8560969924868413,97.0,27.0,73.96008641238019,12.050794590561445,High
2024-03-15 12:35:00,40.705379810165304,-73.76933471068874,131.0,46.083151192176,66.28930811930854,Red,Rain,1.0,-0.6324143631800809,63.0,34.0,341.1190641139404,,High
2024-03-15 12:40:00,40.726889352388326,-73.92505039070278,233.0,68.61220721940701,46.910489983977314,Green,Fog,0.0,0.1232363392319708,,11.0,418.1533097612437,16.022998148086856,High
2024-03-15 12:45:00,40.82913844966683,-73.95219876884217,207.0,45.18106308445757,25.032285040894234,Yellow,Snow,1.0,0.8669359000674375,36.0,3.0,165.30423803747175,5.567455841633516,High
2024-03-15 12:50:00,40.79941338540859,-73.77287159984402,244.0,70.5340304317508,10.926668963346218,Yellow,Fog,0.0,-0.1119567186955092,76.0,48.0,213.7861673798133,16.898129399893342,High
2024-03-15 12:55:00,40.727302124310654,-73.98344755932212,179.0,26.706358161057526,49.82241198314014,Red,Fog,0.0,0.6822631977102263,2.0,19.0,298.3531112793004,29.177089853720695,Medium
2024-03-15 13:00:00,40.69950658295164,-73.76036096846548,118.0,23.632679802993508,69.57221952585628,Green,Clear,0.0,-0.3964005844497804,40.0,9.0,355.79278856401316,29.65669063833321,Medium
2024-03-15 13:05:00,40.850606892455545,-73.96780704520857,201.0,42.373538060447245,28.46326258914238,Green,Snow,0.0,0.937579810388713,28.0,42.0,405.26214053358575,14.65953420466029,High
2024-03-15 13:10:00,40.72327565250111,-73.71136004289873,30.0,49.26460634936355,46.32907291117067,Yellow,Clear,0.0,-0.1099058097142635,46.0,11.0,148.25960819771308,17.890227865094452,Low
2024-03-15 13:15:00,40.80100157657755,-73.85444130603038,198.0,50.580057231457054,19.518214781640108,Yellow,Clear,1.0,0.9666610706662956,9.0,44.0,153.12943279276803,14.298717610875084,High
2024-03-15 13:20:00,40.6445385476768,-73.99548654047258,162.0,55.33781141775058,77.5835148181431,Green,Fog,0.0,-0.1158600457703444,43.0,5.0,158.64738915713926,29.07390141279588,Medium
2024-03-15 13:25:00,40.67078034329089,-73.99556782967323,93.0,23.337511635637775,34.63964447148583,Red,Rain,0.0,0.7876775246576733,39.0,36.0,328.2769306048887,7.919118208346139,Medium
2024-03-15 13:30:00,40.602345416619535,-73.85885523373446,241.0,24.39186715093196,21.329187505862095,Green,Rain,0.0,-0.4719505337909504,42.0,4.0,408.30399502457186,29.833637652017018,High
2024-03-15 13:35:00,40.88224998732379,-73.83705425464132,189.0,25.973482576355384,47.669866035518424,Red,Fog,0.0,-0.4880404463819359,58.0,6.0,286.7209562295232,14.75870443404266,Medium
2024-03-15 13:40:00,40.613805455040506,-73.89195423900387,298.0,72.79574100807713,92.4281413363685,Red,Fog,0.0,0.6731253176271568,94.0,18.0,305.3306221675392,16.06998785888236,High
2024-03-15 13:45:00,40.77292041180139,-73.7818385619786,195.0,20.27014355737569,22.672895505028404,Yellow,Rain,0.0,0.8249443024176775,78.0,18.0,,20.416895551118316,Medium
2024-03-15 13:50:00,40.68543956874181,-73.731594152128,109.0,34.165316377637396,40.78497284526118,Yellow,Rain,0.0,0.8377203191597706,98.0,25.0,217.0126596747546,23.425497549648895,Medium
2024-03-15 13:55:00,40.83959097022582,-73.72984115894783,175.0,37.396724406946355,60.44010609288234,Green,Rain,0.0,0.9342404707836752,81.0,2.0,72.47403945599328,17.22971551830031,Medium
2024-03-15 14:00:00,40.861524572601105,-73.84140327678118,266.0,43.10883779622171,50.95681109999939,Red,Fog,0.0,-0.6772921357282173,17.0,37.0,255.14113928428395,9.376827628154068,High
2024-03-15 14:05:00,40.78003896752881,-73.89970256090426,167.0,55.980949660281496,98.84763060932468,,Fog,0.0,,99.0,43.0,270.9826542724693,19.149768650714904,High
2024-03-15 14:10:00,,-73.71035368231722,68.0,59.58115171476534,49.35955195271365,Yellow,Fog,0.0,0.2359582254732002,1.0,49.0,297.79285349242366,9.677314679142167,Low
2024-03-15 14:15:00,40.83821775913861,-73.77023540174109,195.0,9.326954042992128,19.11810560920654,Red,Fog,1.0,0.8171090182630432,35.0,18.0,150.56199538934732,8.575798953798062,High
2024-03-15 14:20:00,40.78815082307083,-73.98367376604037,87.0,49.31231523115519,40.61719073767607,Yellow,Rain,0.0,-0.682173916717842,52.0,19.0,357.60155421511877,12.27279422674212,Low
2024-03-15 14:25:00,40.6633623203666,-73.83769752367506,61.0,74.71756615940632,36.190030494647374,Red,Fog,0.0,-0.2587674735997145,28.0,18.0,416.58027419304386,8.593605989002562,Low
2024-03-15 14:30:00,40.680035950151755,-73.84711559003345,33.0,75.33629040820237,91.59784590600134,Yellow,Snow,0.0,-0.386440358613765,61.0,8.0,372.104528840023,14.878852618230788,High
2024-03-15 14:35:00,40.78576774372367,-73.99650893978993,272.0,29.81873972574859,56.06409353445391,Green,Clear,0.0,0.0090350108838392,31.0,39.0,272.87389282553755,17.020054199759155,High
2024-03-15 14:40:00,40.79468382948717,-73.88776558107386,292.0,27.839056554475412,79.97613584753967,Green,Clear,0.0,-0.828856156239117,31.0,15.0,299.86177044327223,12.055594522624004,High
2024-03-15 14:45:00,40.63833254546845,-73.90333114277968,175.0,39.966391166508,76.86251418820207,Yellow,Snow,0.0,-0.3216040354801108,88.0,8.0,347.5901885986501,23.98116521728022,Medium
2024-03-15 14:50:00,40.70473504269092,-73.70575615608418,120.0,55.16011609642548,52.98910966422773,Green,Rain,0.0,0.4065298436649536,81.0,45.0,446.39644482408494,8.63686041445235,Medium
2024-03-15 14:55:00,40.84433684804213,-73.88435059325884,209.0,75.452484686397,22.884658965040757,Green,Snow,0.0,-0.6530024791793514,68.0,30.0,264.9386537802749,6.103344492396746,High
2024-03-15 15:00:00,40.83914600852784,-73.90177636698085,242.0,19.720872430900968,27.620462417554123,Red,Snow,1.0,0.3964345362490287,92.0,42.0,328.5631945456594,21.05310195971443,High
2024-03-15 15:05:00,40.8694067600131,-73.89350711854635,,47.443926851282875,90.4466485292574,Red,Fog,0.0,0.7340530102609009,68.0,42.0,167.51709358117836,23.258647625834445,High
2024-03-15 15:10:00,40.779014448079536,-73.76443809090901,85.0,12.299064021632002,,Yellow,Rain,0.0,0.7943324247706984,77.0,28.0,207.8149279491075,8.83192475287325,High
2024-03-15 15:15:00,40.7596352809643,-73.71880505942487,182.0,39.063476959828066,27.15447777881988,Red,Clear,1.0,0.6493151668301775,44.0,5.0,270.9230656330417,8.159098949179617,High
2024-03-15 15:20:00,40.6204022181868,-73.82671318346536,48.0,74.78060140639775,30.526369174480653,Green,Fog,0.0,-0.8367911014675633,30.0,40.0,440.2107078833328,8.22807579907581,Low
2024-03-15 15:25:00,40.76266410843058,,111.0,57.52019857331041,73.16541932683134,Yellow,Fog,1.0,0.8683283002604041,55.0,11.0,141.69288089774952,25.322331806029148,High
2024-03-15 15:30:00,40.73308038695434,-73.8827291045408,85.0,71.04341328207207,43.85298218786149,Green,Snow,0.0,0.0686343669044997,30.0,29.0,205.6484642354764,10.378164847294087,Low
2024-03-15 15:35:00,40.8760729580003,-73.96791985746457,21.0,65.06628682028557,90.9138436432086,Yellow,Snow,0.0,0.5561036225946534,34.0,10.0,414.54080447448615,15.218426502527253,High
2024-03-15 15:40:00,40.648636020987624,-73.8956237878224,201.0,13.288857561915451,99.51315896240293,Green,Snow,0.0,-0.9038037171049452,36.0,8.0,336.9680572751562,17.34947410363347,High
2024-03-15 15:45:00,40.79508061569872,-73.89426968457333,282.0,24.569666435108367,45.99161590043937,Green,Fog,0.0,0.4338417927049274,8.0,27.0,381.0862741884615,18.6235980923802,High
2024-03-15 15:50:00,40.621049993758135,-73.76304666986663,236.0,22.60937988462959,13.553772201013956,Yellow,Rain,,-0.5938181428934874,70.0,12.0,464.55484863535503,15.39565393228387,High
2024-03-15 15:55:00,40.6303028077924,-73.90810025535284,90.0,,93.64606462425316,Green,Rain,0.0,0.2268011423539677,61.0,16.0,344.65986372656187,18.516811868045625,High
2024-03-15 16:00:00,40.84259441994936,-73.71430812587496,285.0,67.27737926260312,67.55457418277012,Red,Rain,0.0,-0.1113664099016842,,36.0,390.7586598940489,23.9521591938075,High
2024-03-15 16:05:00,40.85284649978497,-73.97842963310114,10.0,51.10726530007306,92.62930292482284,Green,Clear,0.0,-0.6107025671410597,68.0,0.0,266.4849490039547,6.4229459143695244,High
2024-03-15 16:10:00,40.74769655000528,-73.8104489658847,180.0,74.38953045736659,29.323904304799473,Red,Fog,0.0,-0.3351415972345319,73.0,34.0,104.77020022486305,23.13475704603047,Medium
2024-03-15 16:15:00,40.78166464471837,-73.76251926872189,134.0,67.59431782971748,50.85580368626839,,Rain,0.0,0.2930136143806259,89.0,31.0,208.73623553587305,17.744384631008213,Medium
2024-03-15 16:20:00,40.866202032521485,-73.71134466846404,210.0,13.46432162175114,39.76304476596648,Yellow,Clear,0.0,-0.9451861835446164,48.0,6.0,434.76805434202817,7.703846083236877,High
2024-03-15 16:25:00,40.654683203663126,,96.0,12.970457229432297,69.96351994661396,Green,Clear,1.0,-0.0706824138301061,,28.0,391.47427044589546,27.85926730570985,High
2024-03-15 16:30:00,40.758017361328726,-73.95856608027655,,13.87082617119298,88.2776678316359,Green,Snow,0.0,0.2114728444316769,78.0,36.0,474.73740573898954,9.78155440559032,High
2024-03-15 16:35:00,40.874459888451206,-73.98497392522238,88.0,8.577901133713477,34.51760554410835,Green,Snow,0.0,0.5817483045638205,29.0,33.0,55.95835840462814,27.80802796916112,High
2024-03-15 16:40:00,40.61934016416959,-73.89311110430464,69.0,69.6108611332845,99.44694903531452,Green,Snow,0.0,-0.7749664029028589,10.0,11.0,101.58983480287232,28.379794283642408,High
2024-03-15 16:45:00,40.63766695076289,-73.80857553948518,96.0,24.52443879783062,54.86416171073726,Yellow,Rain,1.0,0.8387178001063926,49.0,45.0,379.1643249165342,19.857019007815875,High
2024-03-15 16:50:00,40.83107086643089,-73.95887152608216,236.0,12.2087795763709,76.96734753502024,Yellow,Fog,0.0,-0.7459021009012423,67.0,38.0,194.004475620749,9.804425642863963,High
2024-03-15 16:55:00,,-73.93669408867268,55.0,74.44708079201885,49.26559351276723,Yellow,Clear,0.0,-0.8559277707616895,87.0,21.0,458.00519957715727,7.232046955493717,Low
2024-03-15 17:00:00,40.8868024054544,-73.8604245523425,18.0,33.08671923581672,81.51938768356418,Green,Snow,0.0,0.4349571237898331,48.0,3.0,112.20246077183586,28.800280588156905,High
2024-03-15 17:05:00,40.72558603261749,-73.79228650546152,183.0,32.155708464843,29.781342609272578,Red,Fog,0.0,0.6438610460016834,36.0,17.0,88.05536781285852,22.328836320953787,Medium
2024-03-15 17:10:00,40.65265078624617,-73.8930699258576,238.0,47.71846136665247,48.84352865332212,Red,Snow,1.0,-0.9495301187353477,25.0,17.0,466.7226268558756,17.71513439392711,High
2024-03-15 17:15:00,40.85538041950537,-73.97758232372885,220.0,43.20819273060708,72.21317898718948,Green,Rain,0.0,0.91936986203258,43.0,25.0,402.52665487284935,7.636980732124675,High
2024-03-15 17:20:00,40.8644588675027,-73.75135022361981,80.0,,94.31131420165154,Red,Clear,0.0,0.1344049141898353,4.0,35.0,155.7491586813436,14.499218699465192,High
2024-03-15 17:25:00,40.891190064726146,-73.88630061040838,265.0,32.68393556353673,36.93031968333544,Yellow,Snow,0.0,0.5447671458092644,95.0,4.0,416.7170889972586,16.438961478024567,High
2024-03-15 17:30:00,40.72479891256019,-73.72422581782232,146.0,49.050816984338034,23.765457061949867,Red,Clear,1.0,0.9735497205216788,52.0,17.0,445.8162771346294,24.921908282290623,High
2024-03-15 17:35:00,40.77568853741615,-73.7656502993216,280.0,57.8567517254701,33.00660630721731,Yellow,Fog,0.0,-0.162347294653989,35.0,31.0,189.9186173751229,17.11792033856996,High
2024-03-15 17:40:00,40.87426329265136,-73.83694012635176,212.0,68.77658701189745,,Yellow,Fog,0.0,-0.7038336792939177,84.0,29.0,472.59033322013863,9.021270758826876,High
2024-03-15 17:45:00,40.890504029557526,-73.81610056999557,209.0,41.8468880324305,25.665285954494323,Yellow,Snow,0.0,-0.7665650320948205,73.0,47.0,376.2555485599236,7.452513668681563,
2024-03-15 17:50:00,40.89517401554101,-73.74163143599243,298.0,54.6152370001675,94.49519798957144,Yellow,Rain,0.0,0.111584454958596,13.0,44.0,448.7196239245834,26.273757854410015,High
2024-03-15 17:55:00,40.807419469137585,-73.75989276158332,124.0,59.130108373591334,62.088883187191215,Yellow,Rain,0.0,-0.2912051953053729,35.0,26.0,261.05323243722796,25.46618655833591,Medium
2024-03-15 18:00:00,40.65249772545537,-73.8658358825171,167.0,57.80437662420301,98.9376690621682,Yellow,Fog,0.0,0.604340726476591,17.0,8.0,62.37030856116807,24.666926666676897,High
2024-03-15 18:05:00,40.78497375340044,-73.85207934188163,278.0,12.899640733141633,18.34868803050519,Green,Fog,0.0,-0.5857536527871188,50.0,24.0,241.8152457296381,27.066467629545453,High
2024-03-15 18:10:00,40.718270451685235,-73.99416149319659,49.0,24.291084258863407,14.202581748409637,Red,Clear,0.0,-0.3949001921394657,26.0,6.0,147.88473627482023,13.744064704756743,Medium
2024-03-15 18:15:00,40.860026125334386,-73.9000625854792,294.0,12.401554856935272,48.50472523721307,Yellow,Rain,0.0,-0.6438229754832008,29.0,48.0,300.0278527826976,18.833950374859107,High
2024-03-15 18:20:00,40.685879744073816,-73.7338063885196,284.0,34.55001926227615,98.72810105658068,Yellow,Rain,0.0,-0.0794804088501426,2.0,14.0,150.9969345683433,,High
2024-03-15 18:25:00,40.79523825010924,-73.9935115831537,32.0,65.88455679495677,42.98387000004363,Green,Fog,0.0,-0.5330373135820496,51.0,35.0,50.32330376959784,29.457470641433996,Low
2024-03-15 18:30:00,40.77681171744595,-73.72779229143713,225.0,70.3738201202036,74.07871503353797,Green,Rain,0.0,0.9495933097600426,93.0,23.0,487.0606662801427,5.967185240501725,High
2024-03-15 18:35:00,40.74668588196229,-73.8952570729563,276.0,8.319307885899203,80.34792681873813,Red,Rain,1.0,-0.575282225193614,93.0,35.0,474.80101817379943,24.33249150056087,High
2024-03-15 18:40:00,40.60421003895016,-73.8799447800072,44.0,21.120237423394286,28.987165743550133,Red,Snow,0.0,-0.1841614045291628,38.0,38.0,384.5150429531262,19.732242452766272,Medium
2024-03-15 18:45:00,40.77550315952919,-73.73281560790716,,32.96170634310741,17.33908749735201,Red,Rain,0.0,0.068410989899585,68.0,39.0,325.4893710401477,26.79222757488918,Medium
2024-03-15 18:50:00,40.65686728112109,-73.88977426581945,63.0,6.3852628784873176,65.14101640263593,Green,Snow,0.0,0.8672233734107047,76.0,21.0,291.0425416756051,25.720575363255815,High
2024-03-15 18:55:00,40.84435571473343,-73.88402239032972,37.0,68.02408095737329,33.218119712275296,Red,Fog,0.0,,50.0,26.0,246.8739731857674,12.841464518683178,Low
2024-03-15 19:00:00,40.61270387960288,-73.98838557448704,197.0,24.62197071268059,17.750554151383792,Yellow,Fog,0.0,0.6258198833770496,87.0,6.0,256.94841940403717,28.647716465286106,Medium
2024-03-15 19:05:00,40.8613610815033,-73.7705371678777,193.0,59.42117671162653,49.848144749031945,Red,Clear,0.0,0.432971786236026,38.0,20.0,231.29452093858515,28.647513462879115,Medium
2024-03-15 19:10:00,40.63607821569708,-73.77681347554848,105.0,58.57263019697216,45.75592719422333,Yellow,Snow,0.0,0.9939071251789152,44.0,27.0,335.64274159913697,28.58559890835563,Medium
2024-03-15 19:15:00,40.74032130971008,-73.734622024218,134.0,8.08788136581532,60.65923586925817,Red,Snow,0.0,-0.79523597727323,8.0,18.0,376.459316182395,6.0121450338394675,High
2024-03-15 19:20:00,40.63852584516286,-73.92688302560569,36.0,6.822011730128647,60.33732459787095,Green,Clear,0.0,0.8853696827536617,57.0,45.0,349.2669196843246,15.668388328773563,High
2024-03-15 19:25:00,40.81624986832241,-73.80883419243062,180.0,46.4130088048914,47.347142492306645,Yellow,Clear,0.0,-0.0489843744559581,53.0,44.0,56.03334070583225,20.113432819654257,Medium
2024-03-15 19:30:00,40.88324917124898,-73.87613838540965,289.0,43.15862683476545,85.66630887377653,Green,Clear,0.0,0.0540739176187468,8.0,12.0,422.98974871385536,12.029019225015,High
2024-03-15 19:35:00,40.88951079996514,-73.9777940449941,187.0,79.41206073171786,71.40080339434996,Red,Snow,0.0,-0.5383308085688538,24.0,19.0,84.04577010031369,7.343341840638508,Medium
2024-03-15 19:40:00,40.80839645889873,-73.87411528803204,100.0,25.439759178222637,68.58499345936005,Yellow,Clear,0.0,0.1350142530184239,69.0,27.0,232.7809247444949,12.643104441750657,Medium
2024-03-15 19:45:00,40.789541521174755,-73.85822893826106,179.0,27.24084742177057,88.24483495763778,Yellow,Fog,0.0,0.5413904867439707,77.0,48.0,252.87957329478016,27.401145040207044,High
2024-03-15 19:50:00,40.88212876138475,-73.96665139966878,238.0,73.10976226326235,18.091857481139932,Red,Rain,0.0,-0.1639884858998321,20.0,38.0,323.96888338991687,5.957019119594879,High
2024-03-15 19:55:00,40.67515128248184,-73.82229314068432,273.0,43.24159588797161,30.050275811837647,Red,Fog,0.0,0.2050138399829952,26.0,26.0,375.5123819947706,5.4410944513799695,High
2024-03-15 20:00:00,40.639028368857886,-73.92191740214133,44.0,42.75196521724715,24.038797586782287,Yellow,Clear,0.0,-0.4980665107097155,31.0,24.0,226.30756474049187,20.196402189486836,Low
2024-03-15 20:05:00,40.64252562272201,-73.91376046721162,94.0,74.73929475960908,81.20337384177405,Green,Snow,0.0,-0.4142316412238933,32.0,29.0,224.500233151881,24.413355294443413,High
2024-03-15 20:10:00,40.72708560430811,-73.77816458435652,109.0,19.362540709796917,30.14712519799863,Green,Fog,0.0,-0.0263773812646976,51.0,7.0,58.014561602003695,23.13929689100159,High
2024-03-15 20:15:00,40.84071605806998,-73.99983800573523,183.0,14.833930550086547,28.497783347607065,Red,Clear,1.0,-0.9142401205381768,37.0,21.0,429.1828835467141,19.676332322827086,High
2024-03-15 20:20:00,40.84412630539745,-73.93107592351396,227.0,15.141939277676045,75.37843094268018,Green,Fog,0.0,-0.8492124645113113,28.0,16.0,170.2386857574719,7.928192272279895,High
2024-03-15 20:25:00,40.76329572389795,-73.90386966732568,167.0,65.67369831450353,37.0486943398604,Yellow,Fog,0.0,-0.6264087879143483,68.0,44.0,302.11354484816957,11.575182361669327,Medium
2024-03-15 20:30:00,40.753173848128256,-73.87401787073198,245.0,74.20179433136593,46.426512214604394,Yellow,Fog,0.0,-0.742282011015515,16.0,30.0,456.17664604116806,10.196703765629245,High
2024-03-15 20:35:00,40.77035173593891,-73.86368389206653,289.0,7.61578297744067,,Red,Snow,0.0,-0.2504175720859523,92.0,0.0,225.32116157808665,6.075979359313989,High
2024-03-15 20:40:00,40.62383627112024,-73.89629073172269,264.0,25.150708027212502,19.137722668468573,,Fog,0.0,-0.0061188274441188,74.0,17.0,421.07438424316126,6.2922471798978545,High
,40.86404838137989,-73.88114369578865,119.0,45.51752420037346,53.822434058918766,Yellow,Snow,0.0,-0.8927567621209054,15.0,44.0,197.1024109968141,7.254087510279168,Medium
2024-03-15 20:50:00,40.684814862847745,-73.78996198717482,181.0,52.91650475838121,35.02766754462994,Red,Fog,0.0,-0.0866219597218433,66.0,9.0,439.1512417948736,20.256502348104632,Medium
2024-03-15 20:55:00,40.82946610914043,-73.86665249996157,77.0,56.919950054689075,50.332434918983026,Green,Rain,0.0,0.2096315130448114,97.0,29.0,116.97489481361488,17.886276110486037,Medium
2024-03-15 21:00:00,40.84549397180972,-73.74674483136467,196.0,20.088543696168628,61.989990073264465,Yellow,Fog,0.0,-0.4915250896593104,70.0,29.0,303.1985127387288,5.3560666693190075,Medium
2024-03-15 21:05:00,40.81919118928773,-73.97429187925597,31.0,31.929595036950857,51.23540126157739,Red,Fog,1.0,-0.2120306352137284,51.0,4.0,55.8887351123429,25.49795844257006,High
2024-03-15 21:10:00,40.73958742199912,-73.80250370214439,278.0,59.20237233139407,58.6616205201475,Red,Rain,0.0,0.263986165130692,62.0,48.0,53.66857965538604,29.493079959606415,High
2024-03-15 21:15:00,40.63830523899732,-73.93229080015045,270.0,28.256533294241542,39.1271189667716,Red,Snow,0.0,0.5140991348995156,14.0,33.0,238.95922337037229,14.044546422622965,High
2024-03-15 21:20:00,40.6593515137335,-73.71592506203667,160.0,67.30407717889445,91.85501038464432,Red,Clear,0.0,0.391495210180383,2.0,23.0,176.33040439216288,29.581581895278333,High
2024-03-15 21:25:00,40.74826868174425,-73.79522711672186,26.0,75.769882263571,83.1660222682557,Yellow,Snow,0.0,-0.0841091827204847,65.0,17.0,72.71881785535314,14.439334166124208,High
2024-03-15 21:30:00,40.87777301432451,-73.81126718881411,121.0,,61.68808747475983,Red,Clear,1.0,0.6292532478734902,79.0,30.0,247.01942870577292,6.890544845319553,High
2024-03-15 21:35:00,40.85721035349356,-73.9317247880037,164.0,21.81970760663102,78.68146773848207,Yellow,Rain,0.0,0.8818125682651443,33.0,40.0,156.8369087648549,5.642089642299276,Medium
2024-03-15 21:40:00,40.87577996113272,-73.81403900921707,31.0,10.565856815932758,63.170152413541736,Red,Rain,0.0,-0.7337843804069624,95.0,39.0,169.22436650906337,22.37090539232222,High
2024-03-15 21:45:00,40.881006404864415,-73.96751486862996,100.0,61.39545482139841,26.9377763451508,Red,Rain,0.0,0.4130736028411015,31.0,35.0,257.2673398418788,10.765557560389956,Low
2024-03-15 21:50:00,40.68792947050019,-73.92574092184158,165.0,58.19205574988501,71.42355133270391,Green,,1.0,-0.6028334450624937,15.0,9.0,312.1467281784027,29.18141402251194,High
2024-03-15 21:55:00,40.70815817471183,-73.76753335661385,175.0,13.965757229209906,13.562308797186155,Yellow,Fog,0.0,0.7333078676981357,15.0,39.0,310.46553302440896,19.616115280510932,High
2024-03-15 22:00:00,40.639714441126095,-73.70420206789652,92.0,16.9585684177369,73.18506206016826,,Rain,1.0,0.0456287932683887,53.0,14.0,217.38012962167255,29.703207517234983,High
2024-03-15 22:05:00,40.67813102404218,-73.7211387368594,99.0,32.985726113926916,92.82825503365449,Green,Fog,0.0,-0.5542920406696117,21.0,35.0,453.6807733523235,,High
2024-03-15 22:10:00,40.880907289991995,-73.7977770345421,147.0,31.188823593313906,51.30103387155544,Green,Rain,0.0,0.7343010453529097,33.0,25.0,55.36611331824782,22.699228664905014,Medium
2024-03-15 22:15:00,40.740368405100966,-73.86657778250597,195.0,78.03743572677894,63.63541448093659,Green,Snow,0.0,0.2289564226868241,82.0,37.0,137.87116359614168,15.068373337482292,Medium
2024-03-15 22:20:00,40.88235784101571,-73.8567893070024,105.0,72.64019735028104,12.973185156597289,Green,Snow,0.0,0.2789942665877183,50.0,0.0,185.39641041190455,10.136905146281364,Medium
2024-03-15 22:25:00,40.82472321554564,-73.73940818654306,79.0,53.87369681685016,97.5238216028348,Green,Clear,0.0,0.7739357388005648,99.0,14.0,142.96043770526117,18.176013855715382,High
2024-03-15 22:30:00,40.77395645721182,-73.73079191632401,281.0,16.76884329113264,92.67698441601924,Green,Fog,0.0,0.2844163341740804,19.0,19.0,167.70777055757688,15.964128745616192,High
2024-03-15 22:35:00,40.81125065546992,-73.91235173207549,103.0,32.772390658269096,38.85885186021507,Red,Rain,0.0,0.8368478616093666,5.0,0.0,196.79845810486967,26.988276643132625,Medium
2024-03-15 22:40:00,40.83586958148563,-73.97964984944844,17.0,54.83250784380938,56.8908319495147,Green,Rain,0.0,0.4173289475238375,25.0,8.0,366.4952565099738,19.785805633950595,Medium
2024-03-15 22:45:00,40.83936166728997,-73.74868503796982,12.0,10.37165294210738,79.37293033172584,Red,Snow,1.0,0.9640971707856408,76.0,0.0,72.43342996278466,28.810494888195937,High
2024-03-15 22:50:00,40.70227988862672,-73.74676737671753,172.0,45.572315677116535,60.311810990213274,Red,Rain,1.0,0.774928078212487,52.0,16.0,231.63762976635545,22.65447089830282,High
2024-03-15 22:55:00,,-73.75324724326407,219.0,25.204306757607064,58.361796846168374,Red,Rain,1.0,-0.2845130741145456,38.0,0.0,492.09682395502347,22.652414341851745,High
2024-03-15 23:00:00,40.85343954296043,-73.9913734776753,290.0,44.68708227510558,86.82746621769626,Yellow,Snow,1.0,-0.8660525870939111,17.0,48.0,490.63366931266074,6.591587784655237,High
2024-03-15 23:05:00,40.70279231870463,-73.82000248579662,176.0,10.997833344051092,98.51133021928352,Yellow,Snow,0.0,-0.1537877628095036,43.0,28.0,328.76686265315055,29.70112668959918,High
2024-03-15 23:10:00,40.83222123162042,-73.80882590208259,219.0,42.8416975242244,22.043525208246503,Yellow,Fog,0.0,-0.0028150216829565,30.0,36.0,479.94582377968953,8.38048085956492,High
2024-03-15 23:15:00,40.665975044695195,-73.70046861230595,288.0,76.59910155021922,59.397891026330534,Yellow,Fog,0.0,0.2127514755849315,50.0,0.0,397.8488074598803,24.60638566156438,High
2024-03-15 23:20:00,40.81708874823625,-73.7200218948752,26.0,50.76942014028787,10.2838509366091,Green,Snow,0.0,-0.8522396103689176,84.0,31.0,225.5943015089522,15.739307587084197,Low
2024-03-15 23:25:00,40.69888193288922,-73.87749566128244,147.0,26.825960180838425,29.466716861434243,Red,Clear,0.0,-0.4851759439402203,97.0,28.0,66.28889643633451,21.1609820099086,Medium
2024-03-15 23:30:00,40.6494896368293,-73.76850740578551,271.0,62.09947621476946,36.71193723946216,Yellow,Fog,,-0.8781679708823962,7.0,45.0,67.85889052944587,15.048240123467314,High
2024-03-15 23:35:00,40.6060567873979,-73.80607227322706,33.0,40.24478637913736,79.43333522399888,Red,Clear,0.0,-0.3653360227826798,88.0,20.0,246.90300813734623,10.99754510071316,Medium
2024-03-15 23:40:00,40.85761119887998,-73.81987190758036,258.0,26.865580377618148,26.904933031396673,Red,Fog,0.0,0.0033704284282076,16.0,41.0,349.80153175238286,17.768269736449007,High
2024-03-15 23:45:00,40.877658221559365,-73.94945290450917,233.0,16.137958055161757,58.86334449359584,Green,Snow,0.0,0.3529847712923659,23.0,12.0,174.74746083075195,18.06817297186352,High
2024-03-15 23:50:00,40.738730037443894,-73.72174883072374,215.0,48.944118719450096,25.283534186730225,Red,Snow,0.0,-0.9130604613171898,69.0,13.0,182.89448682061288,8.152484545863093,High
2024-03-15 23:55:00,40.68416819601408,-73.906907715295,116.0,24.470929924549676,50.82365173557251,Yellow,Snow,0.0,0.8090897841400524,29.0,38.0,97.1506828214733,17.792682288928653,Medium
2024-03-16 00:00:00,40.89997245351517,-73.88675360021607,192.0,59.49636743992073,85.0119886152666,Green,Rain,0.0,-0.3094155683814863,43.0,19.0,278.3588579126292,7.3118246177215696,High
2024-03-16 00:05:00,40.82641398178068,-73.75279198253573,60.0,53.115919927292296,66.91554221485755,Red,Rain,0.0,0.1514161247744569,70.0,19.0,120.8640602212462,17.1996606728297,Medium
2024-03-16 00:10:00,40.69587957661026,-73.82999602190792,108.0,34.783758509892934,13.642883301097656,Yellow,Clear,0.0,0.0615602701839144,36.0,8.0,113.66661984921858,,Medium
2024-03-16 00:15:00,40.77853532477717,-73.72825489058042,139.0,57.37755297535414,35.649323241459406,Green,Snow,0.0,-0.5625773890682817,27.0,42.0,273.80872628019347,8.220008945150004,Medium
2024-03-16 00:20:00,40.88982834632814,-73.8827169572478,84.0,69.54414205673315,98.7061681443765,Red,Fog,0.0,0.6041375467250469,46.0,47.0,281.0251461677741,27.868127844917893,High
2024-03-16 00:25:00,40.66745768136081,-73.83441331751517,173.0,56.14226709986001,37.40128082207609,Green,Clear,0.0,-0.6267484873489046,10.0,28.0,164.3144781146001,5.376905512089487,Medium
2024-03-16 00:30:00,40.70427514468439,-73.76355196146253,208.0,65.79404167898272,76.88868843991712,Red,Rain,0.0,0.9667231359943712,76.0,25.0,121.51992974501354,8.859420181130329,High
2024-03-16 00:35:00,40.75545881887843,-73.80669595659036,120.0,56.744188529278205,50.01170533415704,Yellow,Snow,0.0,-0.0898190674081773,80.0,44.0,236.35592172181543,12.259517021920992,Medium
2024-03-16 00:40:00,40.61273653177557,-73.85752618975668,55.0,63.46350057716968,48.80883378443435,Red,Fog,0.0,-0.6198591901541117,87.0,16.0,305.19917235977266,12.786770904551904,Low
2024-03-16 00:45:00,40.66730480266057,-73.72146008152863,111.0,47.05600798227284,18.543346155697797,Green,Clear,0.0,-0.699097256745755,75.0,18.0,468.13219482082593,27.645556886252837,Medium
2024-03-16 00:50:00,40.89662699789801,-73.86607903294927,268.0,47.8316703609506,37.74457306027121,Green,Snow,0.0,-0.6227429194281056,46.0,40.0,338.79895422102754,24.237462412709625,High
2024-03-16 00:55:00,40.834814387011704,-73.98140482245346,197.0,63.95804012328686,66.07269998259251,Green,Clear,0.0,-0.5534018229301383,2.0,30.0,453.7710534799232,16.781917194798016,Medium
2024-03-16 01:00:00,40.7558783734038,-73.99655314684226,202.0,31.230827486951636,48.890982062258274,Red,Snow,0.0,0.4903531412297344,76.0,38.0,289.29577730848916,15.64412461725221,High
2024-03-16 01:05:00,40.77132970878842,-73.76635172941866,129.0,37.23952014927696,91.81174626493778,Green,Clear,0.0,-0.695370877931043,89.0,37.0,178.51651301100824,16.327465846258367,High
2024-03-16 01:10:00,40.62070670765995,-73.96544965245704,161.0,26.424940029423876,14.073932214619242,Green,Rain,0.0,-0.1625399102285534,62.0,8.0,367.85487091415666,18.34950820153157,Medium
2024-03-16 01:15:00,40.681638997681674,-73.96781922034648,279.0,42.971483387328405,37.645963935730464,Red,Snow,0.0,0.700400100569629,92.0,17.0,162.2503477100111,13.132273262201132,High
2024-03-16 01:20:00,40.63467316564784,-73.76886371225098,283.0,16.47225687393165,80.11650050955912,Red,Fog,0.0,-0.0612935731010597,53.0,10.0,365.1907483724319,13.423242726582792,High
2024-03-16 01:25:00,40.66854174327269,-73.76598406452298,31.0,27.65251129864557,24.449150027090376,Yellow,Rain,0.0,0.5255157041904044,91.0,25.0,365.9475531116393,23.54438530649136,Medium
2024-03-16 01:30:00,40.746537483756256,-73.76056234647895,241.0,64.5970782535015,11.602725030993229,Yellow,Rain,0.0,0.2165015364966502,30.0,,276.9085493620838,11.969579580684524,High
2024-03-16 01:35:00,40.647771566931056,-73.99830651848656,206.0,55.05753018531353,63.2553570458506,Yellow,Snow,0.0,,81.0,17.0,134.40000987301312,13.582362445344769,High
2024-03-16 01:40:00,40.780736500402696,-73.84347739353976,256.0,35.79401205864747,39.32432695986584,Red,Clear,0.0,-0.9022830487854164,62.0,45.0,393.2633799507023,18.796014324832488,High
2024-03-16 01:45:00,40.70843570725976,-73.74751111985971,86.0,72.900982695826,18.29959932927393,Green,Rain,1.0,0.3783450705089772,,9.0,97.86214324774777,15.913282297613152,High
2024-03-16 01:50:00,40.67887990922425,-73.87191847400622,,30.069277333376544,27.489186877492156,Green,Clear,0.0,-0.0262968115043429,82.0,44.0,485.0579091220259,23.78897126338048,High
2024-03-16 01:55:00,40.81261664837945,-73.72011933744537,228.0,27.844690359849587,11.781058463743111,Red,Clear,0.0,0.7311057739752427,17.0,,407.0685688405912,12.625459560764106,High
2024-03-16 02:00:00,40.82179063744864,-73.75437942569224,185.0,21.19440161890924,73.52510198089213,Green,Rain,0.0,0.2450458622215381,10.0,5.0,174.32282083840647,23.99387074313288,Medium
2024-03-16 02:05:00,40.802385929653575,-73.84323383392197,119.0,25.197275402304975,77.1820719447585,Red,Fog,0.0,-0.4426347220956395,63.0,11.0,309.89437100018296,22.732265127554193,Medium
2024-03-16 02:10:00,40.70011008226751,-73.76946665631142,273.0,50.32834655300681,26.706574578317635,Green,Snow,1.0,-0.4322685775135313,36.0,19.0,281.90100607543775,23.560550937102207,
2024-03-16 02:15:00,40.65881864573862,-73.95688472624262,284.0,14.768274442634336,34.07891259164951,Green,Rain,0.0,0.94674151542175,34.0,20.0,347.8770203976919,11.41391980856405,High
2024-03-16 02:20:00,40.61904505596534,-73.79056942706114,299.0,60.225007155594206,10.557298544507926,Yellow,Rain,1.0,0.6739922172265116,71.0,32.0,186.67364534409057,10.982463173702108,High
2024-03-16 02:25:00,40.639182930953226,-73.84546846770877,270.0,24.08303985599891,79.77449451863662,Red,Snow,,0.9373349968936352,68.0,43.0,57.87220354566504,27.509195506394107,High
2024-03-16 02:30:00,40.69368602982163,-73.74857027044177,247.0,79.42200593537798,68.22067335311763,Yellow,Snow,0.0,-0.3886524546334156,93.0,37.0,320.74935874140635,7.176635594151858,High
2024-03-16 02:35:00,40.79016894993365,-73.8229996963634,196.0,46.52224914077188,34.734577825913405,Red,Snow,0.0,0.2405046548791811,37.0,3.0,355.8092521189324,17.506403662228028,Medium
2024-03-16 02:40:00,40.73539358975681,-73.85787232602866,156.0,47.72454774902772,10.251412738368998,Green,Clear,1.0,-0.3137105860625855,53.0,48.0,301.03909666513425,17.573927923512763,High
2024-03-16 02:45:00,40.880632633965085,-73.96119297085204,194.0,58.046132893112905,97.4906119379788,Red,Rain,0.0,-0.9894214454266888,30.0,40.0,467.0460794197965,20.91399981100748,High
2024-03-16 02:50:00,40.807379229197906,-73.92878570331149,181.0,14.458903920432924,21.369272992166092,Red,Clear,0.0,-0.9813993857419808,37.0,2.0,85.31664185442061,12.92880440377835,High
2024-03-16 02:55:00,40.809807209164155,-73.97813478385275,183.0,39.47388731025829,47.93409589506629,Green,Clear,0.0,-0.0425064399379768,2.0,20.0,491.3426526256271,7.073336838206541,Medium
2024-03-16 03:00:00,40.79350710215676,-73.71201810144812,148.0,15.476052948045323,98.8507645576484,Yellow,Fog,0.0,-0.4999483782788581,93.0,34.0,353.0696975033504,18.411038411643847,High
2024-03-16 03:05:00,40.63241756868578,-73.91519195815155,89.0,21.44483473933197,52.61313442676432,Red,Clear,0.0,0.2861192617715333,91.0,8.0,494.5582838027206,26.045939601754284,Medium
2024-03-16 03:10:00,40.82417902616653,-73.73981415036022,,54.82159051512035,17.995308702591558,Red,Clear,0.0,0.3397990533116664,90.0,23.0,414.34944877915495,19.310113523745663,Low
,40.76370126200331,-73.93293527680396,281.0,59.967976844596606,67.51056746754148,Green,Clear,0.0,-0.8146194418129702,91.0,1.0,310.79521335500766,6.1309193238433295,High
2024-03-16 03:20:00,40.62332585022215,-73.98871333082741,136.0,77.40733118482989,80.88590980556195,Yellow,Fog,0.0,-0.1499437086535811,30.0,48.0,422.47553273867055,15.106070598006893,High
2024-03-16 03:25:00,40.78607474996265,-73.87840091383869,87.0,66.44021163204613,90.31976306893094,Red,Fog,0.0,-0.3616142934224611,70.0,49.0,488.9868156440749,7.202148883157437,
2024-03-16 03:30:00,40.73418126573393,,205.0,57.58885226526731,14.026781611853876,Yellow,Fog,1.0,-0.7353781053575974,88.0,42.0,478.9077575950843,17.93686998707536,High
2024-03-16 03:35:00,,-73.85288886827851,59.0,10.214507715954872,96.6859435383616,Red,Rain,0.0,0.281552100009053,84.0,10.0,330.7279220571969,5.055194559495178,High
2024-03-16 03:40:00,40.76894992923363,-73.85020461469566,203.0,72.16228124177935,72.26438524796464,Yellow,Clear,0.0,0.1009069443824997,51.0,12.0,464.32299387238703,23.38217993041901,High
2024-03-16 03:45:00,40.736251068188125,-73.9813659224756,35.0,16.28243403155993,37.85932162441718,Green,Fog,0.0,-0.3233013932538422,36.0,48.0,152.6686143976179,18.2417313321748,High
2024-03-16 03:50:00,40.67522994226013,-73.80968018322096,273.0,17.004948445870255,55.002162914506485,Yellow,Snow,0.0,-0.8060548987018865,93.0,41.0,315.70842278608774,8.068009197599286,High
2024-03-16 03:55:00,40.82994043642384,-73.95446200180079,168.0,34.545539203029776,32.99514364364768,Green,Clear,0.0,-0.3393082600389105,24.0,36.0,77.48021755388038,7.105208171048348,Medium
2024-03-16 04:00:00,40.84489827394535,-73.7596377930119,115.0,9.960976175318407,30.54285595981203,Yellow,Clear,0.0,-0.7536255418991966,73.0,3.0,392.55350043147337,17.104588095015032,High
2024-03-16 04:05:00,40.754440021516835,-73.84452101951297,21.0,18.40543076639118,23.629514365621255,Red,Fog,0.0,-0.8741326856103915,33.0,27.0,68.41289453182279,6.167416794653153,High
2024-03-16 04:10:00,40.80224386124018,-73.90807437897858,77.0,52.53344346556204,44.20721624652387,Red,Fog,0.0,-0.1617121079406038,78.0,3.0,260.8179551258594,23.914718446619705,Low
2024-03-16 04:15:00,40.87511753239362,-73.93524460916232,247.0,49.24108777700688,35.62107549406059,Yellow,Fog,0.0,-0.0108155409146151,1.0,41.0,474.538436016265,,High
2024-03-16 04:20:00,40.79095255019144,-73.75922099275611,264.0,79.89889524308849,77.89432075715702,Green,Clear,0.0,-0.931469608500678,41.0,29.0,284.44413150051065,11.803617918826196,High
2024-03-16 04:25:00,40.6154797887252,-73.91937718827693,105.0,41.411836515749194,44.835359441004066,Yellow,Fog,0.0,-0.9254398495283828,12.0,17.0,291.33794645305795,22.058042985683425,Medium
2024-03-16 04:30:00,40.631632974541866,-73.71019667847487,113.0,46.828901523183816,47.39031012371661,Red,Rain,0.0,0.7956302069764347,40.0,36.0,361.415410458634,13.49469408958687,Medium
2024-03-16 04:35:00,40.62420991038822,-73.72185699913442,103.0,38.37031420807976,92.47831299876655,Red,Fog,0.0,0.5906433234212778,58.0,20.0,265.68522223809714,12.14332033602484,High
2024-03-16 04:40:00,40.892990321628034,-73.92382215643364,269.0,57.62995060702999,41.97771765406755,Yellow,Fog,0.0,-0.1288247228375298,45.0,49.0,193.70792894151083,24.16329876672412,High
2024-03-16 04:45:00,40.859556652711674,-73.98884875610173,169.0,71.01649203440024,61.336832664383984,Red,Rain,0.0,-0.4550411933593201,67.0,44.0,365.39863109943786,14.251670246238994,Medium
2024-03-16 04:50:00,40.80919676391901,-73.87320663075117,96.0,15.747528038671076,74.48681992711118,Red,Snow,0.0,0.0284465584704209,,9.0,292.04639708102854,21.14332172617795,High
2024-03-16 04:55:00,40.81681819159906,-73.82640433525556,92.0,53.52266288717166,23.151039774463417,Yellow,Snow,0.0,-0.0673452566545684,51.0,22.0,233.53546372167963,29.424709091154003,Low
2024-03-16 05:00:00,40.648679169810435,-73.78568963867085,277.0,79.97235621612975,82.02088522634043,Green,Snow,0.0,-0.2276851582933556,14.0,48.0,331.04862852874834,21.25561848894775,High
2024-03-16 05:05:00,40.800001083828086,-73.80000493048097,79.0,62.454535971063315,51.74227051961671,Red,Fog,0.0,-0.5061434626691483,81.0,4.0,258.60833160316383,12.11623886988024,Medium
2024-03-16 05:10:00,40.86781322159985,-73.93627410383522,48.0,,15.325082553794374,,Fog,1.0,0.9608306271937446,85.0,19.0,475.0298373927192,28.686461111204466,High
2024-03-16 05:15:00,40.614880159904885,-73.7753185534177,225.0,23.3411332292404,46.08761166191625,Red,Clear,0.0,-0.5000551469787566,98.0,36.0,66.78164695004605,24.482612959243543,High
2024-03-16 05:20:00,40.754347315409106,-73.82188687834726,235.0,43.17470673166903,73.77783134658766,Green,Rain,0.0,0.0413111013846045,33.0,39.0,463.4851234052613,16.976199871362237,High
2024-03-16 05:25:00,40.69414046550528,-73.84993116444534,241.0,18.51525232171231,10.419347490535722,Yellow,Fog,0.0,0.7411241833902962,87.0,41.0,146.45930962667583,16.79111818617192,High
2024-03-16 05:30:00,40.716451560347494,-73.87090762947939,158.0,37.13989633568077,76.64491842154209,Red,Rain,0.0,-0.2639344232791323,30.0,32.0,382.245845164247,16.615698317755136,Medium
2024-03-16 05:35:00,40.86586642819618,-73.87661375881787,172.0,6.72973866613462,98.89439534421427,Yellow,Clear,0.0,0.9310115132132089,93.0,47.0,223.57925928399405,28.47843421179583,High
2024-03-16 05:40:00,40.851940813044614,-73.95269646720023,130.0,30.93408517563622,82.18356749611964,Green,Snow,0.0,-0.2426912207257663,23.0,17.0,262.35822170425024,9.398819502000498,High
2024-03-16 05:45:00,40.75561330826339,-73.88954818453932,132.0,,77.70639688073848,Red,Snow,1.0,-0.3893297591020088,27.0,33.0,407.6645907161935,20.0282752070796,High
2024-03-16 05:50:00,40.76787887464992,-73.84616622630851,89.0,75.57861046563515,35.977980901424544,Green,Snow,0.0,-0.9319984231929052,78.0,33.0,56.38424193896492,16.14211864480125,Low
2024-03-16 05:55:00,40.75300738767803,-73.71067540033563,10.0,23.406293016780175,58.38334758587057,Yellow,Rain,0.0,0.4019873173615658,13.0,10.0,305.6228536097433,16.235955822243806,Medium
2024-03-16 06:00:00,40.68544350378594,-73.96386940613021,73.0,71.52857183713444,12.494067447431162,Yellow,Fog,0.0,0.3681872387961928,29.0,4.0,80.73102172973694,9.664852450586949,Low
2024-03-16 06:05:00,40.69616557424209,-73.73285030127379,124.0,73.60287326571063,42.082247014711726,Red,Snow,0.0,-0.962214939445722,38.0,40.0,,19.079645899728646,Medium
2024-03-16 06:10:00,40.84628137600762,-73.8583339541076,176.0,22.089309924617687,51.95444996908149,Green,Rain,0.0,-0.1451641599737807,64.0,18.0,134.74699226259978,20.220605607465135,Medium
2024-03-16 06:15:00,40.612557930511194,-73.74516384836677,72.0,36.91034471509828,65.12372198936416,Yellow,Fog,0.0,-0.9731066917097684,27.0,40.0,470.0845569515338,25.574361609659825,Medium
2024-03-16 06:20:00,,-73.96709231516837,188.0,47.51840360005374,40.84490483521993,Red,Rain,0.0,,25.0,33.0,355.880656283199,15.727100075931697,Medium
2024-03-16 06:25:00,40.767299915166475,-73.75047324126783,160.0,23.659507161217633,50.65551341574077,Red,Snow,0.0,0.4423498351290433,11.0,27.0,454.6521827098419,29.931386377740875,Medium
2024-03-16 06:30:00,40.73474342612778,-73.9323406162089,230.0,77.88424014491756,96.95852258053304,Red,Rain,0.0,-0.3517852352028594,47.0,11.0,475.7947345171126,23.268576674379,High
2024-03-16 06:35:00,40.631867920398186,-73.70621842241584,290.0,9.226210585120455,21.26897183176462,Green,Rain,0.0,0.6801611490938144,88.0,43.0,401.698982707391,13.012252857066684,High
2024-03-16 06:40:00,40.70025644092956,-73.72867049530554,90.0,6.727809246681531,59.85704431694817,Yellow,Clear,0.0,0.477484993363636,51.0,48.0,71.57010470856198,22.63147868315099,High
2024-03-16 06:45:00,40.899099012517034,-73.73599393873661,211.0,21.919583981173115,81.00705796060025,Yellow,Rain,0.0,0.9808810338816676,14.0,18.0,311.15403344100775,12.535119885702034,High
2024-03-16 06:50:00,40.801345593010105,-73.9605846344925,195.0,45.26663581853425,97.44252419249402,Yellow,Fog,1.0,-0.0924608739714838,16.0,0.0,86.46606758185385,23.28138658586642,High
2024-03-16 06:55:00,40.72463943091736,-73.9204712924452,11.0,40.8991876755562,76.835475103493,Green,Clear,1.0,0.3488889517714302,44.0,18.0,138.8768982512711,5.064927270894255,High
2024-03-16 07:00:00,40.76738900772389,-73.7166566453382,295.0,70.90677628325012,94.67667839270372,Green,Clear,0.0,-0.3986615823818913,67.0,10.0,160.98521174509114,11.60044786269507,High
2024-03-16 07:05:00,40.746556539824894,-73.7569192622082,273.0,7.5741035729401585,78.2840966951247,Yellow,Snow,1.0,0.2928085800213749,55.0,33.0,268.4691022264239,5.137629732920977,High
2024-03-16 07:10:00,40.70997413235927,-73.80292991850361,49.0,21.46644443591138,16.32026463113708,Red,Clear,0.0,-0.7491529689403702,14.0,43.0,333.63341190962785,16.296050062822395,Medium
2024-03-16 07:15:00,40.764956254721675,-73.77990154874368,263.0,68.14403291696794,87.72488866868214,Red,Clear,0.0,-0.8085887953013304,10.0,22.0,437.9608287501248,21.112155254818365,High
2024-03-16 07:20:00,40.763094322574894,-73.95051224516668,191.0,72.71734170558459,74.51854430749337,Yellow,Rain,0.0,-0.6288191299990042,71.0,10.0,93.62754684318406,24.588549041037016,Medium
2024-03-16 07:25:00,40.82628006076792,-73.8776028587034,65.0,77.74313766021581,70.75460448748456,Yellow,Snow,0.0,0.1340438721013781,10.0,35.0,486.4385553051815,28.08822360499426,Medium
2024-03-16 07:30:00,40.695188168242545,-73.95119113236821,256.0,33.20451849549855,81.35459972330223,Yellow,Fog,0.0,-0.5034638441624595,82.0,47.0,487.3726782983142,21.17694564623529,High
2024-03-16 07:35:00,40.845568165121435,-73.91672664481406,225.0,27.528030512702387,50.727818156254386,Red,Clear,0.0,0.829080773334421,81.0,7.0,71.11372498494735,26.400083057521297,High
2024-03-16 07:40:00,40.74438577062732,-73.74473590769294,295.0,24.85505429978458,32.42699493631162,Red,Clear,1.0,0.5443676729699738,96.0,44.0,308.3308922895708,23.191716358118637,High
2024-03-16 07:45:00,40.87285701067828,-73.91164677606328,88.0,18.849449885824736,41.87166259770767,Red,Rain,0.0,0.3127553591500904,73.0,39.0,430.2386030333065,29.72870250071383,High
2024-03-16 07:50:00,40.66342154368065,-73.78404240672826,36.0,23.271312369218343,21.28748719869345,Yellow,Clear,0.0,0.2855387398044511,21.0,48.0,136.31578032626177,23.331693457327592,Medium
2024-03-16 07:55:00,40.69155240109836,-73.88405731997064,184.0,6.436212609131957,16.83825150333755,Red,Fog,0.0,-0.72371493873181,39.0,42.0,376.2696996207988,6.477472804035179,High
,40.86232786869522,-73.79228003255258,281.0,26.51528988305335,91.0882928070618,Yellow,Rain,0.0,-0.8442561109904649,49.0,46.0,493.4827263644556,27.809144612013228,High
2024-03-16 08:05:00,40.7946244128797,-73.79634444329041,39.0,71.00982186378272,21.14418608414359,Green,Clear,0.0,0.016521201426636,61.0,49.0,474.00014287317407,5.686895646341096,Low
2024-03-16 08:10:00,40.84387461984807,-73.98077062277217,289.0,41.126014556971306,26.55289218107754,Green,Rain,0.0,-0.8933625536304142,92.0,47.0,410.67674717364395,18.41205021594505,High
2024-03-16 08:15:00,40.836134044494955,-73.79817969153221,183.0,5.776360740865417,83.20403939152017,Red,Rain,0.0,-0.3106549748824279,80.0,0.0,245.53270520549853,9.806261215631604,High
2024-03-16 08:20:00,40.71628663458013,-73.83709265131388,205.0,66.95547009644255,10.694704455295078,Red,Fog,0.0,-0.4241448914465231,96.0,36.0,363.4131962936778,23.05070111342875,High
2024-03-16 08:25:00,40.60659661270851,-73.97816475082874,274.0,60.2811185381923,25.153826486931113,Red,Snow,0.0,-0.577092265775017,59.0,9.0,57.881654898797265,26.83402817208731,High
2024-03-16 08:30:00,40.87249737823954,-73.75875646659829,250.0,60.349127581525906,29.32775705582044,Yellow,Rain,0.0,0.7065985568494384,8.0,46.0,485.3366412857439,5.247362742254259,High
2024-03-16 08:35:00,40.76763358911776,-73.99444863107722,144.0,71.40646109059406,38.42464069637357,Green,Clear,0.0,0.3048761645995319,41.0,8.0,302.91952809633574,11.361725659005094,Medium
2024-03-16 08:40:00,40.819437326598816,-73.75763663889406,246.0,70.80037711594427,16.17066407644196,Green,Clear,0.0,-0.9840151328827073,81.0,27.0,410.12239361039946,14.394248323503668,High
2024-03-16 08:45:00,40.75771112529755,-73.89296522291677,257.0,7.727510812201809,70.37820838362788,Yellow,Snow,0.0,-0.7555360814709382,36.0,24.0,84.87832176975272,28.507841046916493,High
2024-03-16 08:50:00,40.741800135821215,-73.9294941249653,21.0,55.30718033717447,46.9609425959996,Green,Fog,0.0,-0.9651430758555106,88.0,32.0,296.17829267055373,20.697142803462818,Low
2024-03-16 08:55:00,40.73056906838066,-73.79769844428382,154.0,35.23965020795555,65.45315293033525,Green,Fog,0.0,-0.1454549027210754,52.0,36.0,355.7572448842598,21.29833565580521,Medium
2024-03-16 09:00:00,40.84521237129602,-73.78428561003385,189.0,34.84727819268815,12.673827280907844,Green,Rain,0.0,0.083693802842482,89.0,49.0,404.54457650375184,20.370084722834527,Medium
2024-03-16 09:05:00,40.78968982217517,-73.81726737278458,,63.077402074235295,89.99949450406649,Green,Fog,0.0,0.7775849991801809,18.0,19.0,353.21551278537027,14.666316220665111,High
2024-03-16 09:10:00,40.62743561405312,-73.70699204475041,137.0,61.861090467554945,92.94385220890378,Red,Rain,0.0,0.146449256095744,35.0,36.0,173.93591350391637,13.572531337926351,High
2024-03-16 09:15:00,40.81950163788812,-73.89362738114046,248.0,65.07614769192008,80.99772461880704,Red,Rain,0.0,0.1787686369963654,6.0,49.0,108.6429373000116,19.683088138706008,High
2024-03-16 09:20:00,40.60701647817245,-73.79929030392258,40.0,32.82090870204622,48.12504742263216,Red,Snow,0.0,0.2626278613317188,49.0,1.0,229.85846034440812,22.303688827235472,Medium
2024-03-16 09:25:00,40.689949483232034,-73.82247816437564,202.0,32.10270703770624,67.665580186484,Red,Fog,0.0,-0.2949563095421612,81.0,46.0,99.71091996756864,27.77650713258774,High
2024-03-16 09:30:00,40.72195377278977,-73.9232699876977,91.0,,88.3832585583483,Green,Clear,0.0,-0.643807094645626,48.0,46.0,275.57633937624513,12.607364887491952,High
2024-03-16 09:35:00,40.82981413998212,-73.97492213494667,292.0,24.598930883915703,11.586692207574709,Yellow,Snow,1.0,-0.1116914159926483,38.0,8.0,54.54120475823594,11.598285809277783,High
2024-03-16 09:40:00,40.8987697063048,-73.94018564275129,295.0,79.6399022010631,98.28211686851844,Yellow,Rain,0.0,-0.3992876304386046,96.0,13.0,439.2209540813722,15.412709826013334,High
2024-03-16 09:45:00,40.86956537559616,-73.89658570385602,94.0,,50.66168449983314,Red,Rain,0.0,-0.380502492497432,24.0,40.0,81.3193058642688,24.1409429236753,High
2024-03-16 09:50:00,40.67177224123182,-73.96521069912559,125.0,27.514034865274247,15.263726217957476,Red,Rain,1.0,-0.799510625611465,57.0,37.0,207.13425944921104,12.138030433138104,High
,40.79274116097806,-73.74374202027349,212.0,35.72765112040496,32.62616833656708,Green,Rain,0.0,0.6278598452075363,84.0,21.0,496.62024585347814,18.001699478708964,High
,40.68754960544329,-73.87774496669714,287.0,50.96687128585057,35.78235145621065,Yellow,Fog,0.0,-0.4842977873425418,20.0,17.0,316.1888338236539,26.764208595935543,High
2024-03-16 10:05:00,40.658379240706864,-73.9539827031626,229.0,49.708699913246654,45.237653836059174,Green,Rain,0.0,0.067336815227986,64.0,5.0,276.5003946948859,10.733539012906247,High
2024-03-16 10:10:00,40.61618046179985,-73.99722761611024,271.0,54.459475165266674,64.83935145879855,Yellow,Rain,0.0,0.1246813222542322,72.0,42.0,273.65642740092125,27.77882382050326,High
2024-03-16 10:15:00,40.69658965878872,-73.85556079198672,151.0,54.03922794247487,40.13597597063705,Green,Fog,0.0,-0.5441696717878768,60.0,33.0,278.4364021622319,14.560244952635694,Medium
2024-03-16 10:20:00,40.803174684649264,-73.99259694703751,224.0,69.54226247988585,19.4297211788722,Green,Snow,0.0,-0.0007781216120152,53.0,13.0,241.34171009297793,18.323713758948028,High
2024-03-16 10:25:00,40.88890481242021,-73.8937473980876,153.0,43.508425413689366,88.01027938708957,Green,Snow,1.0,-0.799714051177554,91.0,28.0,414.17647224444386,12.957906962537091,High
2024-03-16 10:30:00,40.87086154595053,-73.73928359172784,193.0,48.36634694027271,73.14410322444064,Yellow,Clear,0.0,0.530379937174013,6.0,31.0,212.1956728980145,5.433355089217385,Medium
2024-03-16 10:35:00,40.74767894712575,-73.70775223795295,244.0,60.131776814049914,64.49751522513404,Yellow,Rain,0.0,-0.6696670724254659,15.0,17.0,473.256935061655,12.226554186768706,High
2024-03-16 10:40:00,40.86368130841882,-73.97379652552702,253.0,13.822425120314993,90.28541724690344,Green,Rain,0.0,0.4780426711664987,80.0,47.0,177.00010191126404,24.188376073182503,High
2024-03-16 10:45:00,40.68602817718786,-73.7969256457632,145.0,59.66712718989089,38.377927807937255,Red,Fog,0.0,-0.0933946342540441,91.0,40.0,70.819143635108,27.373088515341266,Medium
2024-03-16 10:50:00,40.756713133079494,-73.96511596697668,286.0,24.838913550797425,36.250538555664505,Red,,0.0,0.6210194648092935,95.0,25.0,290.05678872587663,12.5998923749844,High
2024-03-16 10:55:00,40.6178441822772,-73.91010768624729,296.0,43.70702568135994,29.6591646088778,Red,Clear,0.0,-0.5665181276579407,25.0,47.0,399.0986125492962,28.987454238240517,High
2024-03-16 11:00:00,40.692885401222775,-73.84350955462097,192.0,53.115750771391184,69.41855650667753,Yellow,Clear,0.0,0.5777768498199014,53.0,16.0,410.2026173340333,27.68012875509351,Medium
2024-03-16 11:05:00,40.78695226588233,-73.86393362129301,59.0,68.02684027636556,54.672766900388865,Red,Fog,0.0,-0.0171836524347002,50.0,12.0,496.8335114716537,13.743559982512895,Medium
2024-03-16 11:10:00,40.814935443209585,-73.82904852341129,202.0,79.02957018330706,34.103447679283754,Green,Clear,0.0,0.4174012814249952,82.0,32.0,160.12223401337133,14.69424178486326,High
2024-03-16 11:15:00,40.73072201199374,-73.98613378355009,117.0,25.398106593893615,40.159850713790675,Red,Clear,0.0,0.0904014542917976,17.0,44.0,389.9087482475053,14.093714004807191,Medium
2024-03-16 11:20:00,40.86231928613282,-73.75732808409927,219.0,69.81213625179002,26.293969900982404,Green,Rain,0.0,-0.8906069097229168,86.0,44.0,187.02744080254152,26.048436010371585,High
2024-03-16 11:25:00,40.630783138714975,-73.99316396474521,193.0,66.14784416203304,19.52196938441239,Red,Snow,0.0,0.8520305345158106,34.0,34.0,430.7264394013179,26.30443681334826,Medium
2024-03-16 11:30:00,40.68259090134672,-73.76484607458247,32.0,29.216343927946276,28.61224915074937,Yellow,Fog,0.0,-0.2379590926172643,1.0,20.0,186.5735311295669,18.91614238792519,Medium
2024-03-16 11:35:00,40.70515620750009,-73.78532864633169,190.0,54.568722848336726,61.15431360210016,Green,Rain,0.0,0.1352558216840564,2.0,16.0,143.26734281456245,15.68560535499321,Medium
2024-03-16 11:40:00,40.7571773070892,-73.76124610641924,21.0,17.255978804702124,81.55490409847035,Green,,0.0,-0.4833559940234744,82.0,19.0,72.8425366130098,26.75919554303476,High
2024-03-16 11:45:00,40.75154997425378,-73.75378212819919,74.0,6.216420093748951,45.9671766291633,Yellow,Rain,0.0,0.9617193608275988,73.0,26.0,498.23190296073466,7.1108381165942625,High
2024-03-16 11:50:00,40.72033511456635,-73.78519693549248,251.0,65.45646946970612,32.54731381344102,Green,Snow,0.0,0.4685229587579056,49.0,2.0,473.69842167267046,10.221419964813885,High
2024-03-16 11:55:00,40.8313923717271,-73.89694771758025,12.0,21.930814609347312,73.04336652744621,Red,Fog,0.0,,36.0,24.0,404.3525323109746,26.175792256350405,Medium
2024-03-16 12:00:00,40.87059507603797,-73.75105889904255,255.0,52.695260598082506,41.09100540349328,Red,Clear,0.0,-0.2764259967801663,1.0,43.0,,25.31517106313798,High
2024-03-16 12:05:00,40.79788283550064,-73.80306129309595,118.0,10.280847074533751,87.81454295927723,Red,Clear,0.0,0.8766798336552111,44.0,29.0,481.4437202331699,17.61675178490011,High
2024-03-16 12:10:00,40.6654704540864,-73.87352769454522,29.0,12.35558976730434,34.39223702514816,Red,Fog,0.0,-0.8152796569742966,2.0,24.0,453.4744828528044,5.194080445773598,High
2024-03-16 12:15:00,40.80691501754706,-73.72934289620463,174.0,59.823796079860934,81.82004902034447,Yellow,Snow,0.0,0.5380252388384938,63.0,13.0,82.550542926393,23.76777803539663,High
2024-03-16 12:20:00,40.74443614697767,-73.82980497062175,170.0,53.390511281370074,77.88896878860251,Yellow,Rain,0.0,-0.0192605215519292,23.0,46.0,200.16972376852056,18.8530661466381,Medium
2024-03-16 12:25:00,40.857380762597,-73.97098622241133,191.0,73.30085434615962,33.02595253231394,Yellow,Clear,0.0,0.6335952173538257,48.0,17.0,187.530830800959,21.815610339866588,Medium
2024-03-16 12:30:00,40.73153673368574,,165.0,5.002789464754283,34.61382826943927,Yellow,Rain,0.0,0.2196065691205833,36.0,28.0,315.65678975074474,8.655205842038844,High
2024-03-16 12:35:00,40.88535783181141,-73.84386983125619,247.0,12.341045354870898,52.792280364828414,Red,Rain,0.0,0.958805593454748,66.0,42.0,285.6938238133599,25.554484963837748,High
2024-03-16 12:40:00,40.718479081914545,-73.73660551449748,109.0,5.9109495907607235,73.64493108375169,Yellow,Clear,0.0,-0.3733361366582446,3.0,16.0,469.6931023229476,22.70783630195145,High
2024-03-16 12:45:00,40.84188353415635,-73.8100336627773,146.0,24.039614637743213,27.952636552671287,Red,Clear,0.0,-0.0017127889278365,25.0,29.0,190.2388299795463,11.868743462846355,Medium
2024-03-16 12:50:00,40.81619673164758,-73.9479538153475,52.0,69.85898494789896,79.37902472173147,Yellow,Fog,0.0,-0.1545370321510935,42.0,0.0,203.6441075924793,13.540511631865892,Medium
2024-03-16 12:55:00,40.88226732038033,-73.88174361208237,46.0,73.67389821865241,87.74976264178434,Green,Snow,0.0,-0.4200331506801815,37.0,38.0,152.53400851017747,6.7194639994955905,High
2024-03-16 13:00:00,40.705629249769736,-73.72501779593831,184.0,15.056027230608716,98.8516014797822,Red,Fog,0.0,0.990834206652948,98.0,24.0,67.16584652947955,8.19852858870096,High
2024-03-16 13:05:00,40.702533853965335,-73.90551062592515,77.0,55.92568816078951,35.37546760878489,Yellow,Rain,0.0,-0.9522511841537018,53.0,37.0,239.8384712370242,20.679361739730325,Low
2024-03-16 13:10:00,40.86512840503523,-73.80887860263665,50.0,5.684334351440269,56.171404458002314,Yellow,Fog,0.0,,79.0,6.0,62.593951243765176,14.402018861466756,High
2024-03-16 13:15:00,40.64336686313502,-73.79180346916259,107.0,52.47894203781016,62.95492637969487,Green,Rain,0.0,0.6084406945075143,9.0,1.0,94.85595431484552,22.86022069924318,Medium
2024-03-16 13:20:00,40.651672622682625,-73.99853513675572,228.0,74.59396502470759,15.954633284128157,Yellow,Rain,0.0,0.1542607061841565,57.0,7.0,137.44493967929066,21.80731874827813,High
2024-03-16 13:25:00,40.889925462656265,-73.89236216492122,203.0,46.95661638530485,23.93161126864547,Green,Snow,1.0,0.0573669591424872,57.0,36.0,421.8553924588202,13.107428743014184,High
2024-03-16 13:30:00,40.78762395940114,-73.85051105075499,35.0,29.156029748040993,32.0660023485908,Yellow,Rain,0.0,-0.7576422996270087,15.0,34.0,131.136698272817,19.751512780530646,Medium
2024-03-16 13:35:00,40.846473467649474,-73.90703979471104,13.0,24.21321907464149,18.572404959251884,Yellow,Snow,0.0,-0.6909268541701497,83.0,28.0,244.18092253144488,25.68544013411621,Medium
2024-03-16 13:40:00,40.75105311408592,-73.87135141828065,32.0,60.61608834501633,23.23393876273426,Red,Fog,0.0,0.9941616729353356,71.0,14.0,102.67991901396792,5.768969945773862,Low
2024-03-16 13:45:00,40.73941666504301,-73.98021350612241,32.0,63.85256136342179,20.862768567791345,Yellow,Fog,0.0,-0.667404644627533,56.0,13.0,339.8712665171741,8.772203546059488,Low
2024-03-16 13:50:00,,-73.93490552437994,15.0,16.42377788905219,68.08675389028303,Yellow,Rain,0.0,0.3603712151675986,14.0,14.0,324.6649809077545,29.14239434628538,High
2024-03-16 13:55:00,40.89508515843135,-73.87418006539318,91.0,12.236325405855428,25.42728057849549,Yellow,Clear,0.0,-0.55418200689896,45.0,19.0,128.24591321723784,13.440547469686985,High
2024-03-16 14:00:00,40.79108354099886,-73.78252952994119,122.0,54.33325757342723,89.47056409348993,Red,Fog,0.0,-0.6078413430037783,1.0,15.0,409.9173089952602,18.086569349199586,High
2024-03-16 14:05:00,40.61676114370229,-73.90763761399302,188.0,58.45746037507665,42.25344601452489,Green,Fog,0.0,-0.9356125373948532,6.0,11.0,126.92237570602693,5.431286870986061,Medium
2024-03-16 14:10:00,40.76179745400454,-73.9148034821001,66.0,26.609133550992933,27.249038630055967,Green,Rain,0.0,-0.5456669915068695,15.0,37.0,290.52738682459665,24.56963940993361,Medium
2024-03-16 14:15:00,40.89141071433761,-73.81616324033126,89.0,5.1744826145746785,95.4926947055125,Yellow,Rain,0.0,-0.1150089316815758,66.0,39.0,352.047481409074,5.75945610186938,High
2024-03-16 14:20:00,40.706277805963424,-73.78194473401747,38.0,23.70297625785635,72.5716372729129,Yellow,Fog,0.0,0.8876291250034534,58.0,38.0,101.93655809444122,,Medium
2024-03-16 14:25:00,40.67125500260909,-73.72750251401986,129.0,60.16146826512327,12.491392312963187,Green,Snow,0.0,0.1128713158670877,18.0,20.0,121.10527111546536,16.09800647079335,Medium
2024-03-16 14:30:00,40.726341711458126,-73.88561658906806,208.0,29.58069323684204,32.48926150627246,Yellow,Rain,0.0,-0.6832728933523289,59.0,26.0,351.92950638768986,14.780605066476678,High
2024-03-16 14:35:00,40.848518709149985,-73.81249961245312,260.0,69.85597723590683,51.15073599830996,Red,Clear,0.0,,45.0,46.0,481.6691381024237,9.028474809514517,High
2024-03-16 14:40:00,40.851515759249565,-73.81122303775841,34.0,23.4359504712469,79.81303571325782,Red,Rain,0.0,0.4481281021332686,99.0,11.0,187.19041696265603,16.087885477194522,Medium
2024-03-16 14:45:00,40.61087085248806,-73.97767517613175,123.0,69.39988561840765,41.091566075494946,Yellow,Rain,0.0,0.6716696351345726,7.0,35.0,300.9484101239118,8.671851146522862,Medium
2024-03-16 14:50:00,,-73.89370837765756,139.0,77.82294876160852,76.38925549282904,Yellow,Clear,0.0,-0.307196805515715,90.0,38.0,273.23419918271304,12.134241129749377,Medium
2024-03-16 14:55:00,40.75030335820418,-73.82608242184793,242.0,11.28229109476429,67.74368323913443,Red,Rain,0.0,-0.1717768846077636,2.0,20.0,72.3188794828164,21.993053245618107,High
2024-03-16 15:00:00,40.76082397736829,-73.86128842819353,253.0,15.854108222291975,70.25467281884933,Green,Fog,0.0,-0.0359855394179475,82.0,33.0,467.50732738751594,10.16731090112265,High
2024-03-16 15:05:00,40.77101187397088,-73.70735128313524,186.0,36.49729738461753,,Red,Clear,0.0,0.991816026867944,69.0,23.0,55.3384744349724,6.302731522060071,Medium
2024-03-16 15:10:00,40.81739246224916,-73.92120425219635,247.0,79.97990119456934,76.80229856004385,Red,Rain,0.0,-0.3505941475993324,71.0,47.0,393.0090639106472,10.453316298708922,High
2024-03-16 15:15:00,40.67503156696994,-73.98555590837204,33.0,33.09540855343052,59.57886102901166,Green,Fog,0.0,0.8710557029815791,50.0,38.0,412.2541407147906,11.266541244624015,Medium
2024-03-16 15:20:00,40.71651013229905,-73.85313448774147,274.0,69.99530677384531,55.24768510070044,Yellow,Fog,0.0,0.0876707251766621,11.0,7.0,251.13806264537095,25.194915205443493,High
2024-03-16 15:25:00,40.662031335755486,-73.87012474749247,,59.43694688914611,50.101130581798806,Green,Rain,0.0,0.9153034640167204,55.0,27.0,248.25322869394716,16.86491067436196,Medium
2024-03-16 15:30:00,40.868847387226985,-73.95661139919667,124.0,32.13982002927007,21.850153740025064,Yellow,Clear,0.0,0.978030790190848,39.0,15.0,90.65091799579284,18.937554984088877,Medium
2024-03-16 15:35:00,40.73104271177007,-73.88858440879763,260.0,37.65750179606457,52.57241474978837,Green,Clear,0.0,-0.2404313223087915,17.0,31.0,136.11919666703693,13.649715834286717,High
2024-03-16 15:40:00,40.80441071850104,-73.71651244510512,273.0,27.059813976846012,37.2000635494508,Green,Snow,0.0,0.558842374847204,88.0,44.0,266.490029801568,17.047457389091264,High
2024-03-16 15:45:00,40.702136421950925,-73.76041271101408,57.0,62.22726237848593,33.63484230239092,Yellow,Snow,0.0,0.4027969020762549,40.0,14.0,152.33409741010132,9.712998394308936,Low
2024-03-16 15:50:00,40.82907699112524,-73.7788055169276,155.0,15.448635390735236,11.301835672531244,Red,Clear,0.0,0.8238235468396458,98.0,48.0,121.87315820187044,7.103239374882501,High
2024-03-16 15:55:00,40.82485730134363,-73.90119218570281,146.0,74.6854970592777,58.71384925925198,Yellow,Rain,0.0,-0.4389996641575711,54.0,49.0,227.33335968431737,5.497913584237722,Medium
2024-03-16 16:00:00,40.770636570143694,-73.91631656677676,10.0,58.283421848758394,15.19852809084937,Red,Snow,0.0,0.0229003632555233,37.0,12.0,460.96205273868776,10.377099889544892,Low
2024-03-16 16:05:00,40.80610830343158,-73.9387724898487,148.0,51.57135073963026,96.0582740476226,Green,Clear,0.0,0.9843127720875612,,22.0,221.94288083618488,29.666548345294725,High
2024-03-16 16:10:00,40.78877247983283,-73.94586875914106,47.0,72.1424243517688,48.88584444413348,Red,Rain,0.0,-0.2120980121208902,53.0,0.0,306.72913367948684,9.72691523975293,Low
2024-03-16 16:15:00,40.828642005480226,-73.89841588713084,274.0,59.86507989708458,95.59115412965176,Red,Snow,0.0,0.4628306502589445,3.0,3.0,440.8083139850882,15.917496383681558,High
2024-03-16 16:20:00,40.657727701134455,-73.99045290500838,202.0,77.5169992185833,42.89905776661505,Green,Clear,0.0,0.3486717536871186,6.0,20.0,370.3704150886415,14.976587532416636,High
2024-03-16 16:25:00,40.677300545880506,-73.81767579667981,167.0,23.702440513104797,57.40169144849997,Green,Snow,0.0,0.4122492849433086,45.0,15.0,192.8229515812183,14.633885474440918,Medium
2024-03-16 16:30:00,40.860024109451984,-73.84413498292885,181.0,43.01172488049133,88.79934247947158,Green,Rain,1.0,0.5333946164313854,76.0,5.0,470.3369905493276,17.834288356195994,High
2024-03-16 16:35:00,40.704080013391824,-73.92635575334606,104.0,25.399543405602127,89.0360216149138,Red,Rain,1.0,-0.4236159545522013,30.0,14.0,381.6800069547938,24.05543531159894,High
2024-03-16 16:40:00,40.63551402007665,-73.84195349735677,255.0,67.38370159478737,66.22846131309306,Yellow,Snow,0.0,0.7807775157441741,76.0,41.0,345.188031766206,25.059929764653056,High
2024-03-16 16:45:00,40.74520446331364,-73.91254087714117,273.0,75.17520115498195,11.782574078791129,Yellow,Fog,0.0,0.1488020645930658,41.0,28.0,396.21043890761945,14.826198605392705,High
2024-03-16 16:50:00,40.70750118057454,-73.88472789204299,229.0,27.87114791510335,23.934979308351306,Red,Clear,0.0,0.6152557554512192,42.0,6.0,308.3072852494015,15.714861557118985,High
2024-03-16 16:55:00,40.71033904548353,-73.74563130364518,180.0,61.36078944312542,92.75329292607312,Green,Fog,0.0,0.928311272264824,89.0,26.0,224.67638948379553,,High
2024-03-16 17:00:00,40.82929211391125,-73.9379657588499,241.0,5.8180035787310995,11.99786105725766,Red,Clear,0.0,0.4969748995237246,18.0,22.0,202.0685760245854,16.660878958726315,High
2024-03-16 17:05:00,40.635367835939185,-73.99005926411822,32.0,68.1261684417926,70.74256755501156,Yellow,Clear,0.0,0.1332193436020108,23.0,,359.0456494395045,17.233026694559292,Medium
2024-03-16 17:10:00,40.87479220640572,-73.8919153174728,197.0,18.368902952794357,32.745642497990616,Yellow,Clear,0.0,-0.0816318832305555,90.0,49.0,368.6077299761324,7.55237324840393,High
2024-03-16 17:15:00,40.7958085158937,-73.91895335945435,137.0,21.963638199507223,17.931453833108883,Red,Snow,0.0,-0.8862719988877279,63.0,23.0,281.67565156158594,23.222181784246477,Medium
2024-03-16 17:20:00,40.89095452434384,-73.70381648201226,249.0,78.23759379453062,31.04747075471502,Red,Rain,1.0,0.4262329966327751,94.0,,199.15683017448393,23.449060567470465,High
2024-03-16 17:25:00,40.61176460610487,-73.89640637150463,294.0,38.164999947380046,11.175934617585568,Green,Clear,0.0,0.7864744043752001,86.0,37.0,173.31047698093056,16.80981470230488,High
2024-03-16 17:30:00,40.65223362424099,-73.73408959336078,135.0,41.20566918734696,14.749835323598989,Red,,1.0,-0.7119027244481411,46.0,21.0,76.8225401574227,21.989276109804425,High
2024-03-16 17:35:00,40.644850082909905,-73.76248417687653,252.0,47.54485553837723,86.1637801843512,Yellow,Snow,0.0,-0.2494845217633929,80.0,13.0,459.12851868557664,21.71361160402001,High
2024-03-16 17:40:00,40.668752427073,-73.70604392357329,39.0,51.280505477037536,45.548931757274865,Yellow,Clear,0.0,0.339959668921006,47.0,20.0,392.057463835421,12.934979392406058,Low
2024-03-16 17:45:00,40.83081171338276,-73.8583034819083,40.0,5.386697589704074,84.69384743736607,Red,Rain,0.0,0.2897372956698214,99.0,36.0,305.8914128385208,5.710135119460162,High
2024-03-16 17:50:00,40.84143621609852,-73.74168384376242,200.0,35.89473736300659,89.5337690998429,Red,Rain,0.0,-0.8167010390323246,53.0,35.0,469.2634143251887,27.774554751678817,High
2024-03-16 17:55:00,40.82129020862622,-73.72363145541557,88.0,19.747179987317622,16.150525312915597,Yellow,Snow,0.0,-0.1943405610410107,94.0,9.0,347.0725905945377,5.27544122367078,High
2024-03-16 18:00:00,40.70346535853533,-73.973679993147,260.0,45.634587320888215,20.678336655633572,Yellow,Fog,0.0,-0.9499387486715428,67.0,43.0,309.9049352054789,23.257053261360973,High
2024-03-16 18:05:00,40.7023104576401,-73.9108868125018,168.0,39.32652982780516,20.64732991817056,Green,Clear,0.0,-0.8932084525209945,20.0,48.0,241.6498086779421,5.322532161336392,Medium
2024-03-16 18:10:00,40.87613649643427,-73.99332897659954,277.0,11.44354492637097,22.047572182958447,Yellow,Snow,0.0,0.3273355399502355,81.0,26.0,209.3298407183663,19.225394032926957,High
2024-03-16 18:15:00,40.652255227982025,-73.9679893584203,199.0,8.819191297768556,70.49484604960963,Green,Rain,0.0,0.4212312918534433,81.0,34.0,423.9234029403448,5.1782573020342095,High
2024-03-16 18:20:00,40.69817123833562,-73.82043407835492,52.0,57.72998574203473,31.208216719562714,Yellow,Snow,0.0,-0.9275375336781506,94.0,1.0,253.5022032733669,8.747458786687963,Low
2024-03-16 18:25:00,40.68084317493043,-73.78303454298884,163.0,31.74830239538338,57.319851319252585,Yellow,Rain,0.0,0.6683938122303692,93.0,7.0,377.0189777968536,16.655892721687852,Medium
2024-03-16 18:30:00,40.88349998013913,-73.83347394227943,261.0,64.13587202569823,38.8340104546469,Red,Fog,0.0,-0.9101299799084914,75.0,5.0,217.17447087872188,5.294932955931179,High
2024-03-16 18:35:00,40.633839410443066,-73.95526413945859,111.0,29.381819713298,47.68613507819705,Red,Clear,0.0,-0.6310718267880633,37.0,22.0,476.4721238358302,26.664179437819257,Medium
2024-03-16 18:40:00,40.83332058928902,,267.0,61.12541994847021,18.375262387843872,Red,Rain,0.0,-0.8344475252464134,58.0,48.0,67.89731978373433,23.79180461728994,High
2024-03-16 18:45:00,40.712105131548554,-73.76793950601824,82.0,8.806703049814203,22.86800578228147,Yellow,Clear,0.0,,80.0,13.0,437.7287597523526,19.40846220781535,High
2024-03-16 18:50:00,40.693817207141315,-73.82140469638661,62.0,36.289991138049814,88.26668529166339,Yellow,Fog,0.0,-0.0829529522161232,24.0,46.0,78.62400041933414,20.559983837526666,High
2024-03-16 18:55:00,40.73370473310462,-73.98246915578258,135.0,64.19640342893899,94.34849563706707,Green,Fog,0.0,-0.6466364127892461,17.0,28.0,458.0687246214377,23.223832666369212,High
2024-03-16 19:00:00,40.66752855727186,-73.85038036202027,95.0,34.983985614419154,59.6943226967594,,Rain,0.0,0.5275143632478427,94.0,38.0,100.89861594919644,23.731840018190805,Medium
2024-03-16 19:05:00,40.618173135034645,-73.71782609984959,281.0,49.80835962559293,65.44495801513133,Yellow,Clear,0.0,-0.7838496711914573,50.0,42.0,365.93421909182814,14.30527121339728,High
2024-03-16 19:10:00,40.7587397552868,-73.88846980982743,162.0,74.94238309677702,70.2921418019585,Yellow,Snow,1.0,-0.0200176296985719,91.0,15.0,126.608873905869,12.302803109610032,High
2024-03-16 19:15:00,40.86124118136888,-73.9507747693811,70.0,67.10686789151109,34.617255893472944,Yellow,Clear,0.0,-0.7858942880316997,17.0,43.0,214.9834241472197,21.519696466091823,Low
2024-03-16 19:20:00,40.82162215549712,-73.99464829794937,112.0,66.96524897580687,78.23133056129883,Red,Rain,0.0,0.3404563324684881,82.0,15.0,497.43441633478994,15.645245581374226,Medium
2024-03-16 19:25:00,40.70969183374788,-73.71279799204353,136.0,23.062336281118025,81.15033394767883,Red,Snow,0.0,-0.1818293840370899,67.0,46.0,430.9156993257879,10.937247516766814,High
2024-03-16 19:30:00,40.61638239600121,-73.87948990547551,114.0,24.24147456616383,66.2323279080467,Yellow,Fog,0.0,0.4252340336798395,17.0,26.0,278.16202075403373,28.201746337208657,Medium
2024-03-16 19:35:00,40.64690450643874,-73.85999686553866,73.0,45.97337395365285,71.10278442403737,Red,Clear,0.0,-0.9103317771089228,81.0,,168.8680699542553,12.413345050870111,Medium
,40.77258691243749,-73.78539350093324,235.0,44.65530728898444,49.684671079421726,Red,Clear,1.0,0.8658310204308859,34.0,17.0,148.85858321686948,10.806424027423668,High
2024-03-16 19:45:00,40.77656387792329,-73.85480078617339,202.0,49.417231064617454,66.27240135651222,Yellow,Rain,0.0,-0.450404379405888,39.0,18.0,275.8590282049112,19.396036377857108,High
,40.73946295088868,-73.85048268818343,226.0,30.76678029475389,18.144953366699212,Red,Snow,0.0,0.3813789715989752,38.0,10.0,464.2505426186842,10.240213817557333,High
2024-03-16 19:55:00,40.62783039874494,-73.96157089517052,64.0,79.25711231824802,84.0663311847377,Yellow,Rain,0.0,0.587488659032499,45.0,,110.06019764853862,15.291388417055192,High
2024-03-16 20:00:00,40.766861561823234,-73.96299790400747,247.0,53.30713257754484,20.59281670671992,Yellow,Clear,0.0,0.3485513984684896,61.0,27.0,461.34756020260033,,High
2024-03-16 20:05:00,40.66219275818242,-73.86736566464343,76.0,18.382510157761864,68.25595043033763,Yellow,Snow,0.0,0.132819478994705,5.0,9.0,351.8290931608302,22.361186972928422,High
2024-03-16 20:10:00,40.71664559661923,-73.91330948215517,40.0,29.58310112755564,65.37664275367223,Yellow,Clear,,0.8942319948593886,79.0,10.0,108.37484034608738,26.39656479249285,Medium
2024-03-16 20:15:00,40.63508950355978,-73.71686657167194,144.0,17.88946111069814,66.85967900685398,Yellow,Fog,0.0,0.8113404727611939,44.0,14.0,442.97864672581915,6.643040713547836,High
,40.631768794430755,-73.86404897703191,244.0,69.60309265787791,31.907491629104808,Green,Fog,0.0,-0.8623265194576206,13.0,3.0,392.6985872309986,27.24127640599437,High
2024-03-16 20:25:00,40.81018171478993,-73.95658694855273,66.0,55.35985851866941,35.66804917255636,Red,Rain,0.0,0.002189216945768,2.0,3.0,137.7415643136565,24.22406823564885,Low
2024-03-16 20:30:00,40.718981062631464,-73.9303541763972,149.0,33.91544639697885,52.92099281190703,Green,Clear,0.0,-0.2938180018429925,30.0,6.0,373.6552025141095,7.593337981002797,Medium
2024-03-16 20:35:00,40.84845395270378,-73.96243674689525,138.0,26.43819320430348,76.10849867277042,Yellow,Fog,0.0,-0.5667039461836352,70.0,19.0,380.62160889902646,12.85389857000968,Medium
2024-03-16 20:40:00,40.75319329842174,,261.0,32.7904059686083,96.69564439695438,Yellow,Snow,0.0,0.4703659337477488,63.0,7.0,259.2814334071468,22.036793667740216,High
2024-03-16 20:45:00,40.63868990997261,-73.72892216895555,166.0,24.28647845953283,65.48151328366487,Green,Snow,0.0,0.6982857421425264,65.0,,439.461932470767,17.637088299420387,Medium
2024-03-16 20:50:00,40.64724768696701,-73.89689906336883,15.0,24.07048071797444,77.49855758015336,Green,Rain,0.0,-0.8142043907254415,28.0,7.0,102.74892816842488,23.68844576843336,Medium
2024-03-16 20:55:00,40.81441134233825,-73.99125637270491,135.0,52.809728454607786,16.607320080973324,Yellow,Rain,0.0,0.6184228083758418,69.0,45.0,107.39559968243452,21.644725699558943,Medium
2024-03-16 21:00:00,40.75963681469871,-73.72628576017264,162.0,68.10960475362671,51.74151022872894,Yellow,Clear,1.0,-0.6090151703339495,37.0,40.0,209.055710995236,24.419580420885847,High
2024-03-16 21:05:00,40.74394942750254,-73.85886719034522,262.0,36.09426493238711,55.90111065424989,Red,Clear,0.0,-0.1383792192631248,42.0,33.0,347.16121744941324,18.5446860972114,High
2024-03-16 21:10:00,40.62474881515631,-73.99683985063004,172.0,29.355116834573938,85.77290121044598,Red,Clear,,-0.0348703108585986,18.0,1.0,221.8257585030128,24.06971230991902,High
2024-03-16 21:15:00,40.615245288882086,-73.86235638436911,129.0,57.94147918072259,52.58836073223108,Green,Clear,0.0,0.5968224835208089,34.0,16.0,490.6239400791575,27.763633945594652,Medium
2024-03-16 21:20:00,40.70148122037899,-73.73795727889352,239.0,66.29904790497407,38.182520129138325,Red,Rain,0.0,-0.3081901960470379,44.0,36.0,268.1572821787883,5.704560269693899,High
2024-03-16 21:25:00,40.622022287526065,-73.89386396502832,123.0,48.07655676224593,16.206976801010548,Yellow,Fog,0.0,0.9598669851001616,1.0,23.0,367.86619345876534,8.686705288721335,Medium
2024-03-16 21:30:00,40.80073800468328,-73.71889572748702,272.0,42.71105405531506,98.75875368068893,Yellow,Fog,0.0,-0.2201105491829968,68.0,8.0,308.5645069976719,12.075144773150733,High
2024-03-16 21:35:00,40.77367851314019,-73.94443571704748,203.0,9.46287984009078,23.96533969875216,Red,Clear,0.0,0.8668523438223876,27.0,19.0,325.28187297344687,22.59663788506394,High
2024-03-16 21:40:00,40.77018116299482,-73.80908814000097,241.0,65.28678138849274,91.3052868126276,Red,Clear,0.0,0.2248546196504675,14.0,35.0,463.2775014701149,12.401322959708285,High
2024-03-16 21:45:00,40.725499715645455,-73.83372509541898,150.0,44.174505176819295,60.27203918143979,Yellow,Clear,0.0,0.4626271190986952,10.0,31.0,301.6202075650697,17.90731237510081,Medium
2024-03-16 21:50:00,40.73457301626387,-73.77872363659814,201.0,53.92399858185436,37.681972787533915,Red,Clear,0.0,-0.4854128887560436,5.0,,167.56475910335837,9.388529100257196,High
2024-03-16 21:55:00,40.86005026131278,-73.77602642520738,10.0,75.90324516105134,12.24604660874417,Red,Fog,0.0,-0.5066068288271934,31.0,46.0,293.5970959020492,20.223261718677463,Low
2024-03-16 22:00:00,40.82066240668668,-73.77102446834904,175.0,68.55765157174989,91.5872052165622,Yellow,Snow,0.0,-0.2752884644345521,11.0,24.0,392.0096068084377,20.003892028521616,High
2024-03-16 22:05:00,40.89991553436545,-73.73501783914887,162.0,54.71607506026638,81.82391535616078,Green,Rain,0.0,-0.8752603871774276,63.0,24.0,84.19528261501294,27.5226472303642,High
2024-03-16 22:10:00,40.87042520882082,-73.77951359545447,283.0,55.479426808863586,96.03078860018844,Yellow,Fog,0.0,-0.6002954960936435,54.0,20.0,165.65132576054424,22.006716203435772,High
2024-03-16 22:15:00,40.725049224091144,-73.99500745340397,24.0,33.16149522006391,60.66589324895017,Yellow,Fog,0.0,-0.0097877733048645,42.0,29.0,71.77069815060986,25.702533478632184,Medium
2024-03-16 22:20:00,40.89981644312128,-73.81404311568795,171.0,79.19548861760178,44.84152688153598,Red,Snow,0.0,-0.0525305177552906,16.0,34.0,498.13554851673655,29.006132475627084,Medium
2024-03-16 22:25:00,40.71281368960937,-73.9779255619999,218.0,34.84011267879227,47.075991251459584,Yellow,Clear,0.0,-0.5966954078995328,93.0,13.0,173.10973182672984,24.38548644014541,High
2024-03-16 22:30:00,40.672851679406,-73.82337118763084,252.0,6.253543593274434,32.40842890521836,Yellow,Snow,1.0,0.3358645693691904,57.0,7.0,225.29943376530105,29.1401940667617,High
2024-03-16 22:35:00,40.82159292672695,-73.9217397771606,210.0,52.24171157196595,99.33259308202231,Yellow,Clear,1.0,-0.7042743748853122,13.0,22.0,246.1801460562621,18.44819739618228,High
2024-03-16 22:40:00,40.70967261072145,-73.83307364220485,151.0,42.36200891099071,26.348839803287355,Red,Rain,1.0,-0.011207111066054,9.0,6.0,173.1394960863478,24.72145811404711,High
2024-03-16 22:45:00,40.68247270139095,-73.84167738238088,215.0,18.180300774320447,87.42240436861434,Yellow,Snow,0.0,0.3721319238065248,22.0,41.0,305.7614597251396,5.176681969087725,High
2024-03-16 22:50:00,40.82131053151673,-73.77278479735914,140.0,67.38097184283905,65.37769338999993,Yellow,Clear,1.0,-0.6481542528555038,18.0,7.0,259.0982079701978,14.561378206740812,High
2024-03-16 22:55:00,40.6126525683215,-73.78605505514297,83.0,48.72715624813792,74.7920087357664,Red,Fog,0.0,,51.0,11.0,455.8020878845482,10.237565400945083,Medium
2024-03-16 23:00:00,40.81442971849917,-73.94948308102369,158.0,39.21990099981518,26.179727553394734,Yellow,Snow,0.0,0.7445867424650787,97.0,6.0,387.2304266810885,8.941795560163422,Medium
2024-03-16 23:05:00,40.89287184154195,-73.9359551257928,45.0,10.770878097402605,93.90156012276378,Yellow,Clear,0.0,-0.7146990098448263,19.0,45.0,149.80677118819463,16.69340359809365,High
2024-03-16 23:10:00,40.867750007811345,-73.73154039901353,82.0,19.38513963138695,26.62352753558439,Yellow,Clear,0.0,-0.6887148153236171,54.0,16.0,140.29720979257914,8.14600008010435,High
2024-03-16 23:15:00,40.60030035090456,-73.92594107936036,98.0,38.3014135681163,64.63836046840063,Yellow,Fog,0.0,-0.0012200298453222,77.0,10.0,174.95465408203626,13.278863852588286,Medium
2024-03-16 23:20:00,40.85531419010623,-73.75481916911986,123.0,15.911469895533754,55.51110765453324,Red,Fog,0.0,0.5204818348862965,45.0,47.0,358.90944796223255,26.796975456443796,High
2024-03-16 23:25:00,40.88874291134561,-73.81888503928951,198.0,19.844794553565716,33.495198127134984,Red,Snow,1.0,0.7236956489130191,25.0,40.0,325.62990087893854,15.775514602323293,High
,40.8794761002834,-73.83186852212438,136.0,16.561049099448372,30.77082068068157,Green,Rain,0.0,0.0860983712140932,65.0,39.0,368.1357082676968,7.52771882481683,High
2024-03-16 23:35:00,40.74827502595467,-73.87102395864271,221.0,70.08462479503866,29.56056144566907,Red,Fog,0.0,0.9436444030068448,78.0,8.0,86.34575487112261,29.66430277269329,High
2024-03-16 23:40:00,40.70019287867062,-73.82487755118215,137.0,79.4214444749464,84.5108986901204,Yellow,Snow,0.0,-0.0341041158558454,29.0,41.0,349.218196630785,25.11086321326502,High
2024-03-16 23:45:00,40.7479362207369,-73.95509346386501,214.0,25.42382570832405,19.376250386937507,Green,Snow,0.0,0.3821161341738326,22.0,19.0,221.76996572556376,19.23441410206356,High
2024-03-16 23:50:00,40.78877976756035,-73.76838149507091,281.0,13.26474992879452,58.18370581175113,Red,Snow,1.0,-0.3767215807261768,35.0,0.0,379.0542809968871,19.28010722812556,High
2024-03-16 23:55:00,40.84933079489905,-73.96735633341038,222.0,76.76166015647462,74.0698848348149,Green,Clear,,,43.0,13.0,356.8395922478626,18.36945346254002,High
2024-03-17 00:00:00,40.85417260311699,-73.70652470068374,19.0,77.2437574054963,92.27775067294108,Green,Clear,0.0,-0.432892162678552,94.0,2.0,375.1186187609813,19.579780427157544,High
2024-03-17 00:05:00,40.66969166828176,-73.90908639700103,163.0,62.40797771097624,21.771769476671142,Red,Fog,0.0,-0.7067105558561653,22.0,9.0,218.3480879808099,21.376917389696715,Medium
2024-03-17 00:10:00,40.88460467009637,-73.77021985073753,136.0,34.94910354868612,38.50897944506799,Red,Rain,0.0,-0.6402504256140074,94.0,40.0,494.6611368887836,22.69024069065459,Medium
2024-03-17 00:15:00,40.882909782684,-73.83165292235286,189.0,70.22677508648658,98.86382519212042,Green,Clear,0.0,-0.542738200405317,47.0,4.0,368.76485532722165,24.057561010755343,High
2024-03-17 00:20:00,40.71499997727866,-73.76411510052829,281.0,14.16203731874647,68.25997099365259,Green,Snow,0.0,0.2547448452997738,21.0,46.0,274.9806060507146,17.942373647104915,High
2024-03-17 00:25:00,40.78194711003658,-73.8569035453157,80.0,18.42967151997423,34.19133842233467,Yellow,Clear,0.0,0.7540862170799656,23.0,41.0,273.0300831540946,26.18313527383334,High
2024-03-17 00:30:00,40.879833332150326,-73.77168987117369,239.0,36.56786332695689,86.06266894369284,Red,Fog,0.0,-0.8229646923235143,84.0,32.0,485.55202695900937,29.57339576761919,High
2024-03-17 00:35:00,40.87225813113371,-73.70917604647764,80.0,46.90989754386457,59.0156394175294,Red,Clear,0.0,0.5679480639588035,90.0,31.0,104.03361823088524,13.524146465972994,Medium
2024-03-17 00:40:00,40.6930092122073,-73.82055586526863,97.0,8.926996956879176,76.23317962131358,Red,Clear,0.0,-0.6376224564983788,54.0,28.0,395.3302183681584,27.65272680444564,High
2024-03-17 00:45:00,40.66847555003871,-73.95296230789577,190.0,67.78000168673339,83.1169228456227,Red,Rain,1.0,0.5057972298543116,78.0,15.0,153.59559839658948,13.80448003064666,High
2024-03-17 00:50:00,40.71448728403791,-73.81265354760592,175.0,66.69172662042996,91.81519685125932,Yellow,Clear,0.0,0.1652024213864527,80.0,3.0,268.66626724806576,28.406279603495157,High
2024-03-17 00:55:00,40.65340381086583,-73.80797646604036,115.0,21.628096197373555,91.05042630011356,Green,Fog,0.0,-0.562411363912279,9.0,29.0,215.5926580469309,8.517085165437695,High
2024-03-17 01:00:00,40.62550826474818,-73.91437410932548,123.0,38.543943903517906,11.163743026007626,Red,Rain,0.0,0.1013186390372065,79.0,21.0,185.02991899768855,14.808110784204036,Medium
2024-03-17 01:05:00,40.72533933758682,-73.81818306719148,179.0,56.2979240972638,37.01197196238897,Red,Clear,0.0,0.4277390402997223,18.0,18.0,179.67311748185264,15.247535865973369,Medium
2024-03-17 01:10:00,40.67460106169232,-73.93946390521798,299.0,43.15571262538438,72.07266755871379,Green,Rain,0.0,-0.5659286291319021,17.0,31.0,59.15558915762351,27.620935174661387,High
2024-03-17 01:15:00,40.74220383341716,-73.83474361446412,270.0,51.060283259935034,68.60162128344925,Green,Rain,0.0,0.2114052875973249,31.0,23.0,73.00438555341921,9.947196523168262,High
2024-03-17 01:20:00,40.65520775296864,,265.0,45.67819177246188,95.15882223118152,Red,Rain,0.0,-0.892896451590165,28.0,16.0,75.39928905835828,7.238369042424654,High
2024-03-17 01:25:00,40.629254920747265,-73.99841171749456,92.0,46.7901586102069,78.77086409293338,Red,Rain,0.0,-0.7632116180015209,54.0,3.0,312.42149590375783,11.381969859176763,Medium
2024-03-17 01:30:00,40.88284266099329,-73.74806261520602,150.0,56.509352707418344,83.5366974969094,Green,Clear,0.0,0.2407981310877862,15.0,46.0,118.81599961129577,12.650243043928178,High
2024-03-17 01:35:00,40.76088700925423,-73.91172780457185,150.0,32.719861424456596,30.36000866200956,Red,Fog,0.0,-0.6352306830873871,64.0,3.0,302.94114407756945,22.453538368258503,Medium
2024-03-17 01:40:00,,-73.82856819360615,208.0,29.366077068113505,95.77603712641655,Yellow,Fog,0.0,-0.6694599585673757,76.0,4.0,247.2845561648236,11.45480932650932,High
2024-03-17 01:45:00,40.74476611655096,-73.7686013753846,229.0,64.52785767651959,71.38263403223439,Red,Clear,0.0,-0.9215476562513912,35.0,32.0,363.8115868185152,16.869416469699395,High
2024-03-17 01:50:00,40.61237784206165,-73.94927063097506,103.0,41.12995827094685,70.03821174007027,Yellow,Fog,0.0,0.3241614442774052,63.0,7.0,258.7466454708399,26.69559237290089,Medium
2024-03-17 01:55:00,40.64459651050152,-73.77711194067749,10.0,73.21097061421601,34.867970946665196,Red,Rain,1.0,-0.1884473304739926,48.0,8.0,135.97109165544896,5.13324804340209,High
2024-03-17 02:00:00,40.77946460823595,-73.99329950484888,49.0,60.16905242529602,30.25858314087264,Red,Fog,0.0,-0.8328721943183077,82.0,46.0,429.8231615079118,21.75081349678724,Low
2024-03-17 02:05:00,40.64473041284531,-73.99714909873039,85.0,25.064245628840116,27.22392420490084,Green,Fog,0.0,0.2914210310612495,94.0,40.0,278.1372890178494,27.11638851251802,Medium
2024-03-17 02:10:00,40.71106996907454,-73.79563872024141,230.0,12.880797779709107,85.3404076281406,Green,Fog,0.0,0.0973266080504424,33.0,10.0,486.01144152282706,18.424724630709797,High
2024-03-17 02:15:00,40.85292166251953,-73.70496358318015,247.0,72.74879146090883,70.312929254896,Green,Snow,0.0,0.4860170766702651,30.0,27.0,477.78173381931344,6.729484554363389,High
2024-03-17 02:20:00,40.66676129822441,-73.72807744559059,129.0,23.414821839330894,91.07647327243916,Red,Fog,0.0,0.8263066436696056,61.0,36.0,383.5786516310716,13.448011430695876,High
2024-03-17 02:25:00,40.82833199915875,-73.78210640164735,182.0,20.75172029644272,64.02086065198974,Yellow,Clear,0.0,-0.6523658860768691,38.0,16.0,271.25256197073156,17.54363586851984,Medium
2024-03-17 02:30:00,40.679138469651946,-73.78421383679056,226.0,61.57510382640199,10.52271355276316,Green,Rain,0.0,-0.7365699666718355,45.0,24.0,132.62041873278065,10.7187954089544,High
2024-03-17 02:35:00,40.77141884760389,-73.71760091892891,42.0,12.070081258636517,66.78813024562027,Red,Rain,0.0,0.8945233752785422,8.0,34.0,263.7511954580677,14.95617608215414,High
2024-03-17 02:40:00,40.888453141954216,-73.9294699926508,284.0,15.187837028844468,72.95091326761835,Green,Snow,1.0,-0.0474558370268562,96.0,21.0,121.83297925887013,23.925976527392063,High
2024-03-17 02:45:00,40.80415971219099,-73.8690320269375,76.0,56.17944631183127,15.050224702270182,Green,Clear,0.0,0.3281418404221061,26.0,18.0,280.85910724369444,11.341288893171582,Low
2024-03-17 02:50:00,40.88136495188283,-73.74941781751531,100.0,25.453398417858004,47.12582698206848,Yellow,Fog,0.0,-0.4626152535255732,34.0,39.0,392.4716036805722,21.808619559835304,Medium
2024-03-17 02:55:00,40.88493569094141,-73.84964002917653,37.0,45.28389648593662,79.00203126261833,Green,Rain,0.0,-0.6482067327399792,4.0,32.0,93.78175890139896,13.728004822052505,Medium
2024-03-17 03:00:00,40.77011145755722,-73.85012816425449,223.0,62.72119467482316,71.69245681933614,Red,Clear,0.0,0.2801279814160666,74.0,22.0,404.07860361837817,18.042643478731932,High
2024-03-17 03:05:00,40.72584865915997,-73.72168917732387,132.0,37.16291712139994,83.47685689289693,Green,Fog,1.0,0.2885261600806685,92.0,30.0,475.32193085387223,7.2124635182675245,High
2024-03-17 03:10:00,40.7915299814293,-73.74483542048334,276.0,12.966182294310585,81.69872238759469,Yellow,Clear,0.0,-0.5474250654051269,62.0,23.0,177.38273175878624,14.258402412020311,High
2024-03-17 03:15:00,40.79415059077199,-73.92798591379571,25.0,74.4798639856778,57.70605205857023,Red,,0.0,0.0265332189605038,63.0,41.0,380.7022850411122,17.122843700891295,Medium
2024-03-17 03:20:00,40.85339816915901,-73.93999930015391,31.0,22.084811282316544,20.58807065913874,Green,Clear,0.0,-0.1309297663354993,42.0,46.0,243.51704613980016,9.593103661181445,Medium
2024-03-17 03:25:00,40.71633069583699,-73.80396135783063,95.0,51.21814975504049,28.666232122985317,Yellow,Clear,0.0,0.3851220219886853,54.0,22.0,71.35736940440908,,Low
,40.72043224268206,-73.93197225928907,41.0,61.05484509782592,40.88184623955162,Red,Fog,0.0,-0.9787224502650068,89.0,3.0,104.6296790268182,11.376494039549907,Low
2024-03-17 03:35:00,40.62993168587106,-73.92413690744445,168.0,58.174371079735664,40.96817072279072,Green,Rain,0.0,0.3041102281144758,13.0,42.0,282.6242884461744,27.56064695144807,Medium
2024-03-17 03:40:00,40.85157432634166,-73.98906864125907,158.0,45.22228645359028,23.014393172985763,Green,Fog,0.0,-0.4502210166893252,71.0,1.0,63.19696756484721,13.865683078237968,Medium
2024-03-17 03:45:00,40.63485004797525,-73.77763611183768,63.0,60.67179601295033,26.092040354178664,Yellow,Rain,0.0,0.4035977577300456,61.0,27.0,203.3998871210145,16.465696141146715,Low
2024-03-17 03:50:00,40.80498611651136,-73.83968522619615,,36.372756527333166,74.19691349635373,Yellow,Clear,0.0,0.1736512853541421,15.0,34.0,474.9582980616986,14.793054731789736,Medium
2024-03-17 03:55:00,40.70329849889525,-73.7694181071432,279.0,58.537084676567574,60.41256733269625,Green,Fog,0.0,-0.058779494690544,44.0,34.0,419.9276556802545,14.730904200593343,High
2024-03-17 04:00:00,40.71134754151484,-73.87952794568159,84.0,78.78275280746136,89.75984205993343,Red,Rain,0.0,-0.1696040152761275,62.0,48.0,303.4841800857844,8.465180810003563,High
2024-03-17 04:05:00,40.6429436404894,-73.97579366983312,56.0,42.73853358496434,88.05023365254478,Red,Fog,0.0,0.1887009983116718,10.0,24.0,321.54864716097353,16.395994866679153,High
2024-03-17 04:10:00,40.820224293275615,-73.91737417531596,259.0,73.1710381743984,12.107566800664957,Red,Fog,0.0,0.034659243933266,30.0,28.0,54.214921964565875,20.93645123766402,High
2024-03-17 04:15:00,40.784011066378554,,260.0,9.46090703253144,44.64328103353891,Yellow,Snow,0.0,-0.0378077811026584,47.0,15.0,106.6305579528745,11.834017939249948,High
2024-03-17 04:20:00,40.85130055412231,-73.81880211630059,36.0,74.90069759864915,30.73360928180796,Green,Snow,0.0,0.6408271596100259,47.0,7.0,244.58341652546977,20.747766114082825,Low
2024-03-17 04:25:00,40.85681318077826,-73.72340968251888,243.0,5.786729535854139,99.13678701518404,Red,Snow,0.0,-0.0017923163626736,43.0,19.0,114.48667595335274,12.281735286706372,High
2024-03-17 04:30:00,40.677988536055025,-73.96070638857364,155.0,10.270943204715476,72.34141887899845,Green,Rain,0.0,0.8140521535871421,,1.0,346.9043878241894,28.321098169546964,High
2024-03-17 04:35:00,40.862322069863886,-73.98145215334632,202.0,28.37527236722488,80.59286311308264,Yellow,Rain,0.0,0.2105279072185197,69.0,23.0,140.34836599839429,8.499854777954178,High
2024-03-17 04:40:00,40.789786401454656,-73.80427287819874,107.0,33.48249944633382,25.87751474350258,Green,Fog,0.0,0.4147093127658408,10.0,20.0,469.6941443459653,7.203074790345882,Medium
2024-03-17 04:45:00,40.82312525416292,-73.84610540496817,77.0,71.04838144469919,77.64373885309651,Green,Clear,0.0,0.7013550364030694,54.0,40.0,369.5810610499903,15.49081692402256,Medium
2024-03-17 04:50:00,40.833382836614824,-73.8531488141742,247.0,9.416938646491086,71.57366816933705,Yellow,Fog,0.0,-0.9769177357053804,55.0,7.0,299.57588116972624,20.791631761530525,High
2024-03-17 04:55:00,40.63962449750663,-73.7595060142694,31.0,55.71885295582322,32.97233456978158,Yellow,Clear,1.0,-0.90650173267921,93.0,14.0,407.97059837482226,23.90869150453718,High
2024-03-17 05:00:00,40.836523587014085,-73.95715942218784,180.0,17.012427464388434,71.42668788753369,Yellow,Clear,0.0,-0.9278949758674296,44.0,6.0,263.7557503145131,21.15451528184261,High
2024-03-17 05:05:00,40.70171385273018,-73.9504866022643,287.0,56.393124506847194,40.477962994828545,Yellow,Fog,0.0,-0.4626603777009459,17.0,45.0,94.28305690667636,22.450131015824468,High
2024-03-17 05:10:00,40.68975758553722,-73.87358910674988,193.0,60.202249951620026,34.40953409922794,Yellow,Fog,0.0,-0.7576178671620719,12.0,26.0,269.08829654940456,5.334853421690151,Medium
2024-03-17 05:15:00,40.7031996878714,-73.9562743515109,244.0,27.565682048729773,43.345036962108665,Red,Rain,0.0,-0.3300903419250285,98.0,49.0,251.62265826179708,6.277504986987604,High
2024-03-17 05:20:00,40.71354804914678,-73.84339178621096,47.0,37.09751663054861,15.94620091253906,Red,Clear,0.0,0.0809402911463708,32.0,22.0,224.7510795807886,20.559413957023388,Medium
2024-03-17 05:25:00,40.872930939934314,-73.78284527613181,92.0,45.195449131089646,78.29352337495732,Yellow,Fog,0.0,-0.7017238993019608,96.0,36.0,236.42717911972704,5.618654014037823,Medium
2024-03-17 05:30:00,40.75530181987919,-73.87066699406604,59.0,21.8245234282836,12.487135931257006,Green,Rain,0.0,0.8616077447167476,8.0,6.0,487.0640948954607,20.04078194678339,Medium
2024-03-17 05:35:00,40.82409528598189,-73.82825547105546,209.0,78.92337405391704,98.00510072409902,Green,Rain,0.0,0.0173532264657756,69.0,36.0,460.853923240812,27.0338262160752,High
2024-03-17 05:40:00,40.789971549078075,-73.95370896259122,64.0,10.492355756950856,32.1497911625505,Yellow,Clear,0.0,-0.3230666754141342,63.0,29.0,283.08265633893075,13.862897694532547,High
2024-03-17 05:45:00,40.75230999244675,-73.93750061839286,127.0,28.66157178230044,68.15219759430673,Yellow,Fog,0.0,-0.7790463704922501,61.0,,468.1911493186613,27.719856587875455,Medium
2024-03-17 05:50:00,40.61715235293824,-73.94710096333594,235.0,,52.455794404403754,Yellow,Rain,0.0,-0.9205590681094968,80.0,49.0,356.0269085599695,5.049017651800845,High
2024-03-17 05:55:00,40.68570384743219,-73.98467455499656,275.0,34.627208688665306,41.922106714085615,Green,Fog,0.0,0.0453184243910558,69.0,5.0,410.1442865297548,29.306660794668044,High
2024-03-17 06:00:00,40.83248875036161,-73.7509323760266,241.0,39.16186833472904,16.854562029194014,Green,Clear,0.0,-0.5882765960512495,39.0,4.0,205.97112038697864,28.591611337315783,High
2024-03-17 06:05:00,40.77782284111999,-73.78768278676323,203.0,17.842730994555602,40.61841508246405,Red,Snow,0.0,-0.4477523947662853,54.0,37.0,466.3863109826173,13.871943652176345,High
2024-03-17 06:10:00,40.8021054064612,-73.73001738300809,200.0,61.41107650075556,41.558373697721805,Red,Rain,1.0,0.577451776714931,65.0,33.0,231.84198462186856,28.81267646492889,High
2024-03-17 06:15:00,40.63190574306267,-73.9319876855783,212.0,76.19048879252944,29.367263682623413,Red,Clear,,-0.155617168951321,74.0,3.0,112.54435285844772,6.164167290476268,High
2024-03-17 06:20:00,40.68192169615888,,250.0,25.56120556687476,86.69387196066037,Red,Snow,1.0,-0.9800784433136294,32.0,0.0,429.9689943738398,10.55289898591086,High
2024-03-17 06:25:00,40.65379690342972,-73.92185579226765,183.0,39.94560011149499,89.78695443525103,Yellow,Rain,0.0,0.9940434840131152,77.0,48.0,439.66354206696394,17.337407135179873,High
2024-03-17 06:30:00,40.7134247763327,-73.7854826962423,235.0,63.37711828487766,78.66583238317978,Red,Clear,0.0,0.9570031653661606,75.0,36.0,400.47427542568226,27.711221329743513,High
2024-03-17 06:35:00,40.63585672187212,-73.72993294192472,79.0,74.21396951676817,27.08155862795146,Yellow,Clear,0.0,0.1842724644623508,8.0,13.0,190.3685881818521,17.4173522144923,Low
2024-03-17 06:40:00,40.63024471081632,-73.96139833103226,299.0,43.913533222175865,61.36158681439551,Red,Fog,0.0,-0.2585721856769905,27.0,46.0,137.4696034268234,28.35856489763351,High
2024-03-17 06:45:00,40.86668989605277,-73.89124285607359,59.0,79.55417948124791,25.67041930596701,Yellow,Snow,0.0,0.0882582314369238,84.0,22.0,482.5040865571106,28.9242520982187,Low
2024-03-17 06:50:00,40.80958990065597,-73.72970167477291,209.0,11.37362296022618,10.010145469593416,Green,Rain,0.0,-0.871057145668692,50.0,42.0,423.12376498601066,19.620439060279462,High
2024-03-17 06:55:00,40.617089828214255,-73.90478305561608,252.0,47.9431909965167,27.29837872108259,Red,Snow,0.0,0.5471897212184593,93.0,9.0,82.99924429503076,16.91688824440301,High
2024-03-17 07:00:00,40.68149837089559,-73.70964778064338,238.0,30.031784099576416,75.92170734061912,Yellow,Snow,0.0,0.2626965402375576,9.0,42.0,165.3577200575064,16.402965348064207,High
2024-03-17 07:05:00,40.83414962881835,-73.85583427816363,159.0,30.553598312207573,72.99673001895725,Green,Snow,1.0,0.4592699686098278,1.0,27.0,422.6820142973111,9.30372250792907,High
2024-03-17 07:10:00,40.83214808570922,-73.77948966675419,259.0,39.80128988262033,23.723588434357715,Red,Clear,0.0,0.4744653748713368,84.0,24.0,418.8843126275044,11.729880082953953,High
2024-03-17 07:15:00,40.8579847934018,-73.95477463504089,155.0,19.69010115223118,29.54843670679481,Green,Clear,0.0,0.0578302193299788,36.0,12.0,202.52676694419293,7.447111053522508,High
2024-03-17 07:20:00,40.70595611293843,-73.84020421171073,191.0,66.29220783769244,15.67780491395128,Green,Snow,0.0,-0.7183460147256473,2.0,12.0,270.8726824905979,12.816901424679868,Medium
2024-03-17 07:25:00,40.89547425932067,-73.78179213752436,243.0,34.490361709343446,21.380997505018836,Green,Rain,1.0,0.1444817571771519,79.0,34.0,290.1884274689149,15.930308922872165,High
2024-03-17 07:30:00,40.72771042692591,-73.88918558696001,213.0,18.461297116316008,69.03869026841994,Red,Snow,1.0,0.3282490454076889,12.0,26.0,458.189588889855,29.77774124058793,High
2024-03-17 07:35:00,40.78112136084268,-73.79591454676155,116.0,31.375800146976044,69.54421112846578,Red,Snow,0.0,-0.948210750219498,42.0,29.0,348.09037173812476,14.44960021645721,Medium
2024-03-17 07:40:00,40.63063816665738,-73.77217891664736,92.0,53.60873636996008,10.627340834781698,Yellow,Clear,0.0,0.9515559279430892,52.0,4.0,389.61581252409434,24.16749167722409,Low
2024-03-17 07:45:00,40.757175839370184,-73.92912036223055,234.0,42.266482198270054,,Red,Rain,0.0,0.713683921460317,72.0,4.0,287.7098345216135,25.242718262843365,High
2024-03-17 07:50:00,40.61571682492914,-73.95965521908661,212.0,11.354005309387272,72.58057944238203,Green,Clear,0.0,-0.4091945141213531,58.0,13.0,350.3663579408977,24.06116177063447,High
2024-03-17 07:55:00,40.81250222240579,-73.8730841436102,137.0,17.53963304574686,82.86902356316897,Yellow,Fog,0.0,-0.0982276025530763,75.0,20.0,347.9452238870418,11.905210170275913,High
2024-03-17 08:00:00,40.70210199625254,-73.97839654872935,163.0,15.550715676083982,71.68955704919176,Red,Rain,0.0,0.7871625105699629,63.0,42.0,304.984923420363,22.518210336580857,High
2024-03-17 08:05:00,40.69202514924197,-73.8770378616459,211.0,76.87507028441927,21.355732269475705,Yellow,Clear,0.0,-0.6310026571968217,28.0,44.0,398.14757613746224,25.148972826945744,High
2024-03-17 08:10:00,40.78802239527213,-73.89665086620266,238.0,33.64798015422795,38.00786227720616,Yellow,Clear,0.0,0.4672341347008988,47.0,43.0,337.5506215714684,14.764193489642246,High
2024-03-17 08:15:00,40.89211649340612,-73.79954056374599,125.0,79.08746964190108,32.1007241241972,Red,Rain,0.0,0.997211195705509,16.0,1.0,274.61322358832774,10.403667282461084,Medium
2024-03-17 08:20:00,40.89344241191811,-73.7730835723096,92.0,54.85486675985559,54.16330123858255,Yellow,Rain,0.0,-0.9534590580114728,92.0,33.0,,9.567540967873397,Medium
2024-03-17 08:25:00,40.842923408709304,-73.9208278188745,203.0,53.475418353034314,53.42001120101447,Yellow,Snow,0.0,0.907393812362072,56.0,19.0,124.75214521086234,13.33874401288091,High
2024-03-17 08:30:00,40.74700847035751,-73.82390492820741,224.0,70.71338187045737,90.8884724577127,Red,Snow,0.0,0.0069399676166261,53.0,0.0,170.1708563128255,7.145523441777147,High
2024-03-17 08:35:00,40.87167402844631,-73.77303958126107,287.0,55.165237536108954,42.47900316993064,Green,Rain,0.0,0.2642804327084251,88.0,20.0,64.38908684077896,26.20034133824555,High
2024-03-17 08:40:00,40.65213651372065,-73.94389002247682,84.0,56.648608320674604,93.4689086516843,Green,Rain,0.0,0.1666930418679297,82.0,12.0,160.5523414275808,22.399798496416288,High
2024-03-17 08:45:00,40.73822992139038,,233.0,65.55635764573023,32.107814587262055,Red,Clear,0.0,-0.3809113563225297,15.0,33.0,416.5337371224378,11.962909415800386,High
2024-03-17 08:50:00,40.656548539595285,-73.9660153264432,88.0,9.060374046808764,91.62346639642386,Red,Fog,0.0,-0.725815846519585,7.0,18.0,321.55388825296046,21.180402390582348,High
2024-03-17 08:55:00,40.79803713085608,-73.76166909897316,147.0,41.73232176357769,28.890287768593915,Green,Rain,0.0,-0.5353936083518871,70.0,22.0,248.43430268432553,6.471350362130508,Medium
2024-03-17 09:00:00,40.7275917506774,-73.83196436393204,14.0,29.379446697834897,28.283296304513865,Red,Fog,0.0,-0.738623119991477,42.0,31.0,429.69362464533987,19.89215927225854,Medium
2024-03-17 09:05:00,40.84742662440889,-73.81622167739002,50.0,43.42515589782028,52.583148278492814,Yellow,Snow,0.0,-0.2282649550029374,4.0,48.0,470.09985315839936,7.501919709557818,Medium
2024-03-17 09:10:00,40.79767391273512,-73.7628638049836,174.0,17.78539284966384,31.119818714403618,,Rain,0.0,0.2547809001176349,49.0,7.0,359.8993057386412,23.586891836381746,High
2024-03-17 09:15:00,40.73177869610608,-73.94450757799338,158.0,78.92807496383745,96.08762736277784,Green,Snow,0.0,-0.0911132369813751,49.0,13.0,278.32974864013545,17.91085041782568,High
2024-03-17 09:20:00,40.73414581958542,-73.91899149629225,22.0,14.499791022881375,83.5793619822965,Yellow,Fog,0.0,0.3077310574869125,39.0,42.0,404.26704771239264,11.15667753001578,High
2024-03-17 09:25:00,40.89890284956131,-73.86265549090304,256.0,68.81620203719602,19.97411241775143,Green,Clear,0.0,-0.2066845607246168,43.0,4.0,212.84647878028267,27.140197957335936,High
2024-03-17 09:30:00,40.874673438082105,-73.92886869638747,211.0,60.717488551324,43.14043356702024,Red,Clear,0.0,0.4045782712072041,95.0,44.0,83.20070183687,18.758252088480475,High
2024-03-17 09:35:00,40.867821882387375,-73.79911220295661,182.0,26.150262050285423,59.79134367891611,Red,Clear,0.0,-0.4460752809289994,43.0,26.0,366.66416455279426,19.113974060919546,Medium
2024-03-17 09:40:00,40.72103726142974,-73.74844426623142,143.0,58.83740140940229,96.8260799457774,Red,Fog,1.0,0.911120954296778,73.0,38.0,158.3221777303869,21.273356529589112,High
2024-03-17 09:45:00,40.79633799160754,-73.758055988893,152.0,9.948130385163392,65.83660647436719,Green,Fog,0.0,-0.4697683794584941,41.0,23.0,336.97549082786117,15.099055094853728,High
2024-03-17 09:50:00,40.74177195667178,-73.7552622387798,143.0,72.37829819216073,48.957554127097175,Green,Snow,0.0,0.5209838331677392,16.0,19.0,,27.15870609890648,Medium
2024-03-17 09:55:00,40.85348745708414,-73.84578835991702,35.0,56.48163929883903,28.30157681800146,Yellow,Fog,0.0,-0.962794762445954,20.0,34.0,70.20202726676845,,Low
2024-03-17 10:00:00,40.65597804600336,-73.83647166319933,178.0,39.134883461678896,63.82916939332673,,Fog,0.0,0.5794960447496078,48.0,44.0,105.28954739924448,7.429894475341346,Medium
2024-03-17 10:05:00,40.70411764257995,-73.87915785968146,62.0,42.03356164732117,87.7592603290402,Green,Snow,1.0,0.5317470039928178,67.0,1.0,478.1219413696828,13.229359888951226,High
2024-03-17 10:10:00,40.85479659325211,-73.93316043361116,77.0,33.46604329106515,87.99595840253097,Green,Rain,0.0,-0.09088773181529,13.0,29.0,273.06111234890153,17.644039988442856,High
2024-03-17 10:15:00,40.667943376915915,-73.81938863565146,238.0,61.04295104957199,21.548414819677532,Yellow,Rain,0.0,-0.0994986912041153,53.0,9.0,493.6175770298459,15.379912554695526,High
2024-03-17 10:20:00,40.84264755882906,,83.0,71.9791517592484,65.15494246805555,Green,Rain,0.0,-0.9606621100929588,50.0,27.0,230.78673513305773,22.057880796255425,Medium
2024-03-17 10:25:00,40.87728467818789,-73.98380486665444,234.0,11.42540559926872,79.72270394290015,Yellow,Clear,0.0,-0.14834366300624,18.0,23.0,76.74049035681767,16.838138919183848,High
2024-03-17 10:30:00,40.74456604486665,-73.72462263587934,43.0,15.40963330969649,60.12914934337479,Green,Fog,0.0,0.1076314331880152,5.0,13.0,279.7644329928115,11.97070865254436,High
2024-03-17 10:35:00,40.74940948223512,-73.92072844792989,149.0,13.75905230659356,,Green,Clear,0.0,-0.3460265747050166,25.0,38.0,437.30700756098815,23.105082609864436,High
2024-03-17 10:40:00,40.71465881374336,-73.74761574676684,279.0,17.81503625771009,48.10940211092081,Green,Fog,0.0,0.8921007624941923,38.0,45.0,89.99434391645099,10.155937184451052,High
2024-03-17 10:45:00,40.7093079452112,-73.79457551244245,280.0,18.74358575540467,48.38860296381697,Green,Fog,0.0,-0.9459982204517292,16.0,48.0,421.71160711699656,27.53480771559995,High
2024-03-17 10:50:00,40.66374329459006,-73.92086501437588,100.0,19.690966039912087,18.560272657245683,Yellow,Fog,0.0,0.5018862989909352,14.0,16.0,354.46278214883927,18.376259291512405,High
2024-03-17 10:55:00,40.86944110551018,-73.79844589722406,47.0,73.1957177729009,33.06817508178661,Yellow,Rain,0.0,-0.0974043875165453,55.0,43.0,57.84527972803252,23.767571438197216,Low
2024-03-17 11:00:00,40.837738670750234,-73.79375685158227,187.0,32.65879865288876,36.71967227092213,Yellow,Rain,0.0,0.4986405879945532,46.0,26.0,374.3128315260867,5.282847427746963,Medium
2024-03-17 11:05:00,40.65636532140157,-73.75493933826384,137.0,56.26293893947654,91.699433629345,Yellow,Fog,1.0,-0.8933485934182979,72.0,49.0,473.3448613837781,23.14200767735396,High
2024-03-17 11:10:00,40.6527963169557,-73.96391832578546,108.0,61.08092751085564,81.43735399879769,Yellow,Rain,0.0,-0.4389386073912404,79.0,24.0,273.8769305466098,6.471403431438853,High
2024-03-17 11:15:00,40.64750525173318,-73.73867892584121,122.0,21.08949446399007,95.65803164764448,Yellow,Rain,0.0,0.8339346362070335,99.0,21.0,342.9669387537966,29.97545706012364,High
2024-03-17 11:20:00,40.86169559395147,-73.83220208853473,278.0,37.15192335664273,98.29108918770493,Red,Fog,0.0,-0.0088239786141157,80.0,33.0,175.7899062400266,25.237154117096583,High
2024-03-17 11:25:00,40.726056724120525,-73.8879832512479,17.0,53.08724895622192,91.19941853762644,Red,Fog,0.0,-0.4580432855066429,85.0,26.0,429.07520597463696,23.89168664907904,High
2024-03-17 11:30:00,40.663623282262506,-73.91002325036222,93.0,,80.87055325232441,Green,Rain,0.0,0.1440696097484597,93.0,8.0,375.93533885759143,27.124748033790272,High
2024-03-17 11:35:00,40.65426543768351,-73.70069756558443,154.0,,25.88828749901996,Yellow,Snow,0.0,0.1820225078246777,56.0,46.0,488.3083242200221,19.31626294185726,High
2024-03-17 11:40:00,40.7606026441823,-73.79951576861872,156.0,78.16965784097458,13.61674460480856,Green,Rain,0.0,-0.3864266468065536,86.0,36.0,400.010335390982,26.30753111198105,Medium
2024-03-17 11:45:00,40.795134548716845,-73.81371828663465,49.0,70.69084622291226,15.608043624860672,Yellow,Rain,1.0,-0.9096807280253324,57.0,36.0,81.94554823033224,6.977889980579075,High
2024-03-17 11:50:00,40.8517265595485,-73.82928500202655,176.0,60.29115957362238,32.06786801290593,Red,Rain,0.0,-0.4845222282641661,29.0,23.0,361.6057400995796,5.466982934174926,Medium
2024-03-17 11:55:00,40.62951265608035,-73.88820618767492,92.0,43.54463997756018,24.703621963248533,Yellow,Rain,1.0,-0.7124923414160131,60.0,4.0,376.0679444595432,8.213178716755149,High
2024-03-17 12:00:00,40.82551376008525,-73.77664761337736,148.0,39.87953516124428,25.76617664760572,Green,Rain,0.0,0.3146168941451441,7.0,6.0,431.8164204369726,20.45919762210523,Medium
2024-03-17 12:05:00,40.70596257687514,-73.85009583327201,280.0,61.53749108717617,58.44443944760373,Yellow,Fog,0.0,0.3711412106750711,39.0,3.0,400.00876838257494,13.821968884421077,High
2024-03-17 12:10:00,40.72487868620164,-73.85133841074308,180.0,74.17782676707687,54.07466386798363,Green,Clear,0.0,-0.5684395584509285,81.0,38.0,60.80271335063763,21.683312569005817,Medium
2024-03-17 12:15:00,40.80060867103951,-73.85127260909483,131.0,51.01479253011899,90.48374323482504,Green,Clear,0.0,0.9468033799114672,69.0,49.0,349.67093860358733,8.382829954385812,High
2024-03-17 12:20:00,40.63546809315908,-73.78070513840225,154.0,42.615921106825525,50.50121165733614,Yellow,Clear,0.0,0.9580405320719084,56.0,41.0,59.06702172112959,18.620472647398707,Medium
2024-03-17 12:25:00,40.621087777958145,-73.81061195813979,155.0,78.26129674595482,58.38751258724443,Yellow,Fog,0.0,0.1352239019245027,26.0,44.0,378.9202057248576,14.973312444553205,Medium
2024-03-17 12:30:00,40.665805592964034,-73.92189888257474,93.0,66.97069206252675,98.09872590097004,Yellow,Clear,0.0,0.7125630085879653,38.0,4.0,339.71384230687266,7.534065814640976,High
2024-03-17 12:35:00,40.65073816520972,-73.94537640530804,91.0,44.547567874037185,16.908568148890307,Green,Rain,0.0,-0.8290599150547859,95.0,8.0,435.8120443880762,22.081706053594516,Low
2024-03-17 12:40:00,40.6743324722579,-73.98082983605899,206.0,45.10943624930792,,Red,Clear,0.0,0.6688393199336962,2.0,0.0,370.2560722595207,19.099539012714416,High
2024-03-17 12:45:00,40.664707212239264,-73.78247208149779,211.0,25.99124896213396,33.994233127782,Yellow,Fog,0.0,-0.3560516303710337,36.0,0.0,477.6925896699152,13.771864385945502,High
2024-03-17 12:50:00,40.87959950097285,-73.71287831791592,225.0,25.607533742603454,77.58948894099606,Yellow,Snow,0.0,-0.883828153621248,50.0,8.0,92.47105619850171,23.648396805552743,High
2024-03-17 12:55:00,40.66917664738894,-73.90144160934825,243.0,28.107514435542356,87.867136232313,Green,Rain,0.0,-0.3001493182053028,24.0,4.0,419.99232765707745,10.36613937354626,High
2024-03-17 13:00:00,40.87185270079036,-73.96143667844142,252.0,71.8481421724164,10.3765499723947,Green,Clear,0.0,0.3421605244608319,82.0,16.0,219.74798779374035,19.45741172829089,High
2024-03-17 13:05:00,40.75608392760898,-73.93814774403943,254.0,24.48580357873736,79.78756247957725,Red,Rain,0.0,0.4265645671891038,,18.0,190.25834312854337,5.140128660333564,High
2024-03-17 13:10:00,40.8293705863757,-73.75185218267237,83.0,6.816177720345113,34.54833195503707,Yellow,Fog,0.0,-0.0112135706388112,11.0,23.0,392.51138013584864,24.030463038710753,High
2024-03-17 13:15:00,40.77520345337712,-73.75186017854236,238.0,30.578611771755096,85.02783629197491,Green,Clear,0.0,0.8110937604266084,23.0,27.0,303.73620502557844,14.684489711748489,High
2024-03-17 13:20:00,40.62037355205145,-73.72169919936073,88.0,26.824072541251457,57.576773151372635,Red,Clear,0.0,-0.4599355086111423,20.0,2.0,389.3991243902464,26.939903740853204,Medium
2024-03-17 13:25:00,40.825350153553146,-73.72043857279843,180.0,58.10189983033362,86.6551427209114,Red,Fog,0.0,0.1586712434020605,84.0,,250.33238178509052,28.25303655619532,High
2024-03-17 13:30:00,40.79795180385316,-73.83693094822885,95.0,69.13901908062398,76.6073853569745,Green,Clear,0.0,0.9011762808281072,76.0,38.0,116.51760333336458,6.4797000683377615,Medium
2024-03-17 13:35:00,40.64682213558489,-73.72000685822933,102.0,29.941505963521426,27.704477599446616,Green,Snow,0.0,0.3223242597475919,2.0,33.0,493.557605765075,9.0532593373449,Medium
2024-03-17 13:40:00,40.85847501470853,-73.93591281178243,259.0,26.53080373682695,31.847240085862,Green,Snow,0.0,0.0632423312510594,98.0,48.0,54.08009035267145,9.657161594302936,High
2024-03-17 13:45:00,40.61854885725547,-73.87452930322463,180.0,46.408425166220454,49.36021179347683,Red,Fog,1.0,0.6560312599843392,58.0,24.0,306.6726952102189,19.15291405625956,High
2024-03-17 13:50:00,40.70965238132733,-73.82971219283445,289.0,63.59024898499598,50.67000045206048,Red,Fog,0.0,0.3730654231029247,44.0,18.0,105.69963523166506,20.49429181906834,High
2024-03-17 13:55:00,40.8610361474081,-73.81632061816265,196.0,73.22612011807638,94.85735452851353,Green,Fog,0.0,0.6948498418276952,28.0,11.0,164.67572405997288,29.486786751664425,High
2024-03-17 14:00:00,40.61768703466412,-73.73120972952293,24.0,25.23133592682271,94.49957352278172,Green,Fog,0.0,0.5938023064887954,93.0,43.0,357.24446836429075,10.531901350302634,High
2024-03-17 14:05:00,40.7384668113196,-73.79027378831317,200.0,76.5997255277093,49.95692084688235,Green,Rain,0.0,0.9117035447504644,86.0,1.0,488.0188008475885,12.626356554331636,Medium
2024-03-17 14:10:00,40.65614935637493,-73.8802900505005,178.0,49.370537367894585,10.513187065345628,Red,Snow,0.0,0.6493061385902488,33.0,37.0,372.1742041368856,25.76147609672436,Medium
2024-03-17 14:15:00,40.84284764805173,-73.80493836716612,51.0,11.182633952506306,48.5497540889611,Yellow,Fog,0.0,0.8617010727636674,54.0,48.0,253.5741053068928,10.19331314183861,High
2024-03-17 14:20:00,40.765267102368846,-73.80518717870137,,18.067248548411435,52.91001907098264,Red,Rain,0.0,0.1054451589867453,13.0,24.0,127.01657463895596,10.540737119370654,High
2024-03-17 14:25:00,40.76105650942019,-73.97432833641454,119.0,15.025491826046492,81.881520046721,Red,Snow,0.0,0.370343833867643,71.0,15.0,339.8741782199306,16.757517785479997,High
2024-03-17 14:30:00,40.70154727384928,-73.94495831441861,208.0,50.450448116512405,12.73322454827588,Red,Clear,0.0,-0.7916841939481025,36.0,44.0,407.8059556456447,5.289020189466729,High
2024-03-17 14:35:00,40.86279226391309,-73.90889177092126,11.0,77.49564630430837,96.05126106914992,Yellow,,0.0,-0.384559301237787,47.0,10.0,428.2964319578116,18.367764944749094,High
2024-03-17 14:40:00,40.883490072693526,-73.90317092449438,176.0,46.45819728770768,89.65686319876677,Red,Rain,0.0,-0.8701714966296608,79.0,40.0,495.39268827368306,23.992800806362176,High
2024-03-17 14:45:00,40.832755115172105,-73.91508724919471,23.0,51.8327857141256,65.67988482411113,Green,Snow,0.0,-0.8298796305265517,21.0,17.0,65.51979136615836,13.281450124020251,Medium
2024-03-17 14:50:00,40.650355342971544,-73.82890888993768,128.0,78.12966973509475,85.48405880064541,Yellow,Rain,0.0,0.5379581127912885,48.0,45.0,235.47500848552815,21.70470577661457,High
2024-03-17 14:55:00,40.63987510340202,-73.82058283913867,266.0,35.533369560930296,10.4070363660974,Yellow,Fog,0.0,-0.903641219494644,91.0,31.0,109.8549923523833,26.074624370611883,High
2024-03-17 15:00:00,40.668556657214445,-73.77126968627286,21.0,33.42678599181539,76.78075327473353,Yellow,Snow,0.0,0.796831116034737,47.0,7.0,241.97791490215505,19.75710732756429,Medium
2024-03-17 15:05:00,40.67052749105046,-73.9163824044089,87.0,26.405661469214785,42.67840498419864,Yellow,Rain,0.0,0.1113888440316228,23.0,4.0,273.0032509482986,13.518451250034143,Medium
2024-03-17 15:10:00,40.752851377235295,-73.86590390659633,291.0,34.48750902190432,54.26466826137027,Green,Snow,0.0,-0.8100464776669045,8.0,17.0,344.313292377775,9.394520474653543,High
2024-03-17 15:15:00,40.66930597216724,-73.873103635745,247.0,69.63099041454802,20.712439301231413,Red,Snow,0.0,-0.5943318618340747,91.0,23.0,121.16578259803102,22.149447005719416,High
2024-03-17 15:20:00,40.82853890880222,-73.87120400782766,80.0,50.83962958750949,12.009549109761965,Red,Clear,0.0,-0.8169349011107834,77.0,40.0,,21.494932086446426,Low
2024-03-17 15:25:00,,-73.77647093398129,50.0,36.73227400287353,16.747648351211335,Green,Fog,0.0,-0.2349979958767991,32.0,22.0,205.6755723340126,19.25401625645456,Medium
2024-03-17 15:30:00,40.75050234751095,-73.97799244308442,186.0,25.54425738093577,80.32898504226928,Red,Snow,0.0,-0.4021049709158166,4.0,48.0,174.39122919020008,9.83080907181986,High
2024-03-17 15:35:00,40.69682858587226,-73.968385260245,163.0,78.67576538538061,34.80456458045491,Green,Snow,0.0,-0.7190907382218406,22.0,48.0,108.60453476616864,29.37226701080389,Medium
2024-03-17 15:40:00,40.83279866936553,-73.94841619131357,207.0,30.464941624195635,42.92165655526949,Green,Rain,0.0,0.6442610924947088,10.0,7.0,78.26867485464035,26.317897498249717,High
2024-03-17 15:45:00,40.884649850225905,-73.89134635279231,103.0,54.99569862326872,80.99698199137205,Red,Snow,1.0,0.9604283052697556,74.0,21.0,228.1945369980434,6.8228109823444,High
2024-03-17 15:50:00,40.86618084690771,-73.73519383270845,155.0,11.973509246819557,,Yellow,Rain,1.0,0.1519509345092393,49.0,5.0,374.0823228871165,21.557861985632233,High
2024-03-17 15:55:00,40.85161875343368,-73.81094968509846,122.0,29.681739566820937,16.886160771783082,Yellow,Rain,0.0,-0.7024193103715379,8.0,47.0,465.3191357122902,11.675622870558367,Medium
2024-03-17 16:00:00,40.86355530430527,-73.79640660098832,172.0,55.57757811021407,44.791908409104984,Green,Rain,0.0,-0.8481668963110152,22.0,23.0,305.8857193838983,10.6003227844736,Medium
2024-03-17 16:05:00,40.65399929500918,-73.8128527987043,191.0,75.31937763241886,12.407271135532088,Yellow,Fog,0.0,0.2235716119929784,28.0,5.0,490.7792297610863,15.60902244595189,Medium
2024-03-17 16:10:00,40.70731162023685,-73.9237425332509,239.0,51.609790444377,53.40750666479184,Green,Clear,0.0,-0.4966884119232868,96.0,47.0,432.9384731117323,8.727627225279551,High
2024-03-17 16:15:00,40.63287293507354,-73.77428741126279,42.0,68.63497715096273,54.039586984818854,,Rain,0.0,-0.5817334369483378,18.0,37.0,177.81153022027,25.082470657329026,Medium
2024-03-17 16:20:00,40.60810133106322,-73.77790358894386,283.0,70.74629094088084,85.12070642450855,Red,Snow,0.0,0.6971337392847115,16.0,33.0,346.09943298557306,10.398147478976554,High
2024-03-17 16:25:00,40.603057076837295,-73.82132278027734,299.0,23.78859410041697,22.388860261165043,Green,Clear,0.0,-0.4679434188326856,81.0,17.0,439.6293747164366,29.22665207065151,High
2024-03-17 16:30:00,40.88323127128056,-73.82079716307814,247.0,45.63171351404018,64.33952020639805,Yellow,Fog,0.0,-0.2860063999246212,42.0,7.0,215.09151585868173,10.22711636260313,High
2024-03-17 16:35:00,40.675654670453504,-73.9211052574449,142.0,7.217113565645956,42.890100362245086,Red,Rain,0.0,0.3303101729487208,55.0,11.0,180.44723629115825,16.90092837860955,High
2024-03-17 16:40:00,40.81230037885535,-73.83434539822584,64.0,55.13742624384005,42.037256841452646,Red,Snow,0.0,0.9466825481993828,49.0,22.0,469.7005587717604,22.53496645797625,Low
2024-03-17 16:45:00,40.765363600542415,,258.0,30.15316680049835,54.846207170441545,Yellow,Fog,,0.7368645170136203,63.0,7.0,290.94180411017766,16.832468277977714,High
2024-03-17 16:50:00,40.68136324378904,-73.71968880860956,161.0,75.65347931093206,10.564765589773994,Yellow,Fog,0.0,-0.3408872166157133,26.0,7.0,329.464632690191,19.912369854890365,Medium
2024-03-17 16:55:00,40.60612430857965,-73.88422044330045,15.0,12.70605722668876,88.91753793089705,Red,Clear,0.0,-0.0872661897662741,87.0,26.0,308.01102525489483,16.378758781243445,High
2024-03-17 17:00:00,40.63152543955057,-73.73272890194553,135.0,47.045410901316785,85.46871858138553,Yellow,Fog,0.0,0.3884860502949372,94.0,19.0,484.29349042741734,20.238261982367874,High
2024-03-17 17:05:00,40.84172044633679,-73.97462689947807,186.0,23.177466487754444,66.5170238989827,Yellow,Clear,0.0,0.5685756111242624,14.0,33.0,192.11791497340067,5.364444053863802,Medium
2024-03-17 17:10:00,40.730112219392254,-73.78343782644546,234.0,43.485629171815056,15.160192676692931,Red,Snow,0.0,0.2268483487337667,31.0,1.0,110.492329146465,23.448438668527174,High
2024-03-17 17:15:00,40.75496133492398,-73.71249878972714,84.0,73.17843733330764,19.14218783715033,Red,Rain,0.0,0.8749275150929265,82.0,25.0,239.8591653524391,15.038792462946638,Low
2024-03-17 17:20:00,40.61178314748925,-73.82895192723933,285.0,68.1884912809832,69.78776183854981,Yellow,Rain,0.0,0.6014379018270248,45.0,18.0,364.7557156140957,22.99170389959624,High
2024-03-17 17:25:00,40.683180839492906,-73.7787032108062,110.0,59.519189946131775,22.38835016759527,Green,Snow,0.0,0.4421646945971234,97.0,31.0,205.01478679979377,22.42262952861807,Medium
2024-03-17 17:30:00,40.64997796283013,-73.93073593989557,270.0,15.520173317298854,62.2315009874747,Green,Fog,0.0,0.3742986047090666,6.0,8.0,386.3004280168709,22.785092877036448,High
2024-03-17 17:35:00,40.624075846543775,-73.97831912503176,163.0,48.92469938742694,35.00573883614774,Green,Clear,0.0,-0.5187248239354887,7.0,44.0,482.66767566410846,6.40580029847869,Medium
2024-03-17 17:40:00,40.74773612115537,-73.95481895680162,212.0,21.52358701370452,84.17873687764416,Yellow,Snow,0.0,0.4014661019745225,54.0,28.0,122.80603858298466,20.958885127593337,High
2024-03-17 17:45:00,40.801241585252754,-73.775566961845,282.0,26.01094215285132,44.395923870616585,Green,Snow,0.0,-0.0660620366571835,43.0,4.0,342.4089208747063,28.036461313992117,High
2024-03-17 17:50:00,40.896953010153254,-73.78506083823875,115.0,44.317884691721886,76.4513194795669,Yellow,,0.0,0.7575223026069267,82.0,31.0,50.59279263732875,28.112587800808164,Medium
2024-03-17 17:55:00,40.6864459985696,-73.90701804530606,242.0,37.00547322059335,83.75703549256494,Yellow,Rain,0.0,-0.9967815344458776,59.0,31.0,236.6417529061573,19.288595146425564,High
2024-03-17 18:00:00,40.79539912098722,-73.72563522657288,270.0,,26.874358307619787,Yellow,Snow,0.0,0.3499000938306931,2.0,,255.9206388575156,28.850729385764676,High
2024-03-17 18:05:00,40.74425305959169,-73.85547917309404,174.0,21.94701182655996,33.43498731559447,Green,Rain,0.0,0.2139413086546058,72.0,6.0,405.1163622746326,21.310116450971275,Medium
2024-03-17 18:10:00,40.83102152222284,-73.94374870316535,83.0,65.07803659470795,49.63239799743209,Green,Clear,0.0,-0.0565637894823538,56.0,17.0,374.93600881807106,25.506029930473556,Low
2024-03-17 18:15:00,40.689239223431294,-73.70597434600208,269.0,17.53155422540541,75.49889697828522,Green,Fog,0.0,0.1555565833792935,38.0,22.0,326.04236928351185,9.369194471417554,High
2024-03-17 18:20:00,40.8363302586871,-73.97909308608723,256.0,32.77543344848197,88.71970979758406,Yellow,Rain,0.0,0.3837481228164796,67.0,37.0,421.5255381075849,9.248649489344324,High
2024-03-17 18:25:00,40.68857655473922,-73.91256355719295,187.0,55.26499827892921,77.07601588861674,Yellow,Rain,0.0,-0.7454780695206034,26.0,1.0,381.7694854974107,23.390180138622153,Medium
2024-03-17 18:30:00,40.83834095140908,-73.78604276052323,38.0,34.14446671883529,77.23541312921077,Yellow,Clear,1.0,0.8980116620473775,22.0,23.0,495.69210033330825,5.1130700326659575,High
2024-03-17 18:35:00,40.772326699037414,-73.71901129506455,117.0,68.33066074196142,62.72953168595799,Yellow,Clear,0.0,-0.2545108717143005,55.0,35.0,287.5821477599779,8.351471420958207,Medium
2024-03-17 18:40:00,40.71484149610383,-73.85217971508334,297.0,51.8334486174382,79.65886956182894,Red,Snow,0.0,0.1177318535782667,6.0,2.0,292.1009313781277,22.51892896209535,High
2024-03-17 18:45:00,40.85248047607272,-73.81419541876585,99.0,63.64182821262364,39.7274542702635,Yellow,Snow,1.0,0.7716032595265179,35.0,28.0,385.8420887628647,24.170128824318247,High
2024-03-17 18:50:00,40.63440575933385,-73.71600330571256,113.0,52.53431081430783,13.146779244761154,Yellow,Snow,0.0,-0.9043024552381482,71.0,15.0,212.33883776220657,15.245552726911718,Medium
2024-03-17 18:55:00,40.779916161578136,-73.85477527455542,15.0,31.72250777140627,55.72430963947084,Yellow,Snow,0.0,0.9385071692227696,11.0,21.0,244.3726737799452,26.425922515995232,Medium
2024-03-17 19:00:00,40.79304322864651,-73.77347707633874,130.0,69.49979070419428,18.3073177591952,Red,Rain,0.0,0.3609892058940509,56.0,21.0,53.018227429022254,21.189661113393083,Medium
2024-03-17 19:05:00,40.770179622334034,-73.80671074512271,33.0,45.55054394916033,51.35611586352842,Yellow,Fog,0.0,0.9219224993875024,50.0,46.0,338.7772003483261,6.273189149674112,Medium
2024-03-17 19:10:00,40.67040110067275,-73.87023239252473,132.0,37.06434143882906,41.27770542613351,Red,Fog,0.0,0.5902666417207121,91.0,40.0,263.47176555035236,28.357208336951192,Medium
2024-03-17 19:15:00,40.87284982998294,-73.82642856823063,199.0,79.33171287403427,,Red,Clear,0.0,0.942632448296738,91.0,33.0,416.29890796180143,16.930316663826595,Medium
2024-03-17 19:20:00,40.779343832662576,-73.76176445387755,158.0,18.22048251309139,91.19140827752192,Red,Clear,0.0,-0.0038971825401277,53.0,15.0,314.63020647155304,20.19040931306711,High
2024-03-17 19:25:00,40.68004813720566,-73.90442372514747,16.0,23.304314046180927,59.76096387136598,Red,Rain,0.0,-0.4927508255718937,80.0,36.0,469.86602702361125,16.66276165067574,Medium
2024-03-17 19:30:00,40.89786435771851,-73.84113006402123,,66.18240651538554,80.2842917791826,Red,Snow,0.0,-0.8828593580723905,82.0,0.0,213.25293389394955,7.084971312974029,High
2024-03-17 19:35:00,40.61261604523557,-73.92640180327994,212.0,7.186198381626483,25.854916164330625,Yellow,Snow,0.0,-0.7870744789381932,44.0,10.0,71.08870952050097,10.019741484046063,High
,40.72288169052798,-73.90292856634096,245.0,45.15883321824233,51.64146988687585,Green,Clear,0.0,-0.6801208468864754,25.0,7.0,66.23471711454093,14.984299252817165,High
2024-03-17 19:45:00,40.66555722261209,-73.7919821586201,98.0,11.849207506356844,55.454145859293114,Green,Clear,0.0,0.2574447977590048,39.0,29.0,306.8967809616096,15.71653108976923,High
2024-03-17 19:50:00,40.8175186946652,-73.9042690409532,25.0,8.044121468363368,57.36628267136106,Yellow,Clear,0.0,-0.9523603593802236,55.0,31.0,195.3886973739122,27.011801309021077,High
2024-03-17 19:55:00,40.79424772501533,-73.78319559280035,125.0,38.790464883474144,45.54389547465854,Green,Clear,0.0,0.9612488938733748,,35.0,471.6134958971938,8.455406631838024,Medium
2024-03-17 20:00:00,40.76936563532914,-73.84345713741298,125.0,21.653350036033235,49.45497314947921,Red,Clear,0.0,-0.7683397810515746,4.0,6.0,313.94198406471844,7.253086794080311,Medium
2024-03-17 20:05:00,40.84467951646972,-73.815559555004,141.0,68.38074322918364,74.50915712663216,Red,Fog,0.0,-0.5558551706674391,61.0,18.0,254.03970142612596,19.538536769277712,Medium
2024-03-17 20:10:00,40.720156764107706,-73.90264779805133,140.0,61.401043576047726,26.516596040093575,Red,Snow,1.0,-0.3173464098395753,74.0,46.0,232.96964633003157,5.7088439355215,High
2024-03-17 20:15:00,40.89653617057673,,102.0,38.55781415211466,62.72974691704459,Yellow,Fog,1.0,0.8169394339530207,,42.0,182.86685261749528,8.861328198039171,High
2024-03-17 20:20:00,40.62556810192707,-73.71817825784326,177.0,22.802823262688655,48.52184923642247,Yellow,Snow,0.0,-0.800027425267998,21.0,46.0,123.5718763331701,20.424203354972462,Medium
2024-03-17 20:25:00,40.82909657054229,-73.90547672052479,145.0,32.15592833977006,22.26930078153696,Green,Clear,0.0,-0.6111308034389997,51.0,39.0,397.53196776165896,5.433953122626435,Medium
2024-03-17 20:30:00,40.71548170668912,-73.76038388353167,127.0,35.2975582779995,97.58887351922844,Green,Rain,0.0,0.8660593165524364,73.0,4.0,324.7414025971499,12.61391546591026,High
2024-03-17 20:35:00,40.746561236099105,-73.86904426641544,226.0,62.02243604660945,53.197712018575515,Green,Snow,0.0,0.9785221456300404,76.0,30.0,242.1366682986076,23.97408336461373,High
2024-03-17 20:40:00,40.74834166811177,-73.90938692544988,43.0,77.94842808504919,12.183248435977864,Green,Clear,0.0,0.2619882401869187,53.0,12.0,153.5779783102631,8.448525897131413,Low
2024-03-17 20:45:00,40.8556396492625,-73.87493875528598,258.0,21.918674824057497,39.14297116944985,Yellow,Rain,0.0,-0.3499710065214714,46.0,37.0,263.31126724013575,10.217342716633482,High
2024-03-17 20:50:00,40.78686614685609,-73.81094513079196,200.0,35.344730629392295,34.881444602357774,Green,Clear,0.0,-0.4654967235846654,55.0,28.0,308.80376088509047,21.48053092590225,Medium
2024-03-17 20:55:00,40.66781153879981,-73.73086870258874,14.0,66.52322501435273,53.23348745364523,Green,Rain,0.0,0.1412044395661604,37.0,16.0,222.66218301266716,19.553012958164885,Medium
2024-03-17 21:00:00,40.85373416627309,-73.83782119147874,83.0,51.803872887979175,83.57774513539219,Red,Snow,0.0,-0.9318562877447696,50.0,19.0,,20.233973717967388,High
2024-03-17 21:05:00,40.6288226063152,-73.99654146418919,78.0,11.652661645872762,67.0215458001397,Yellow,Snow,0.0,0.6311599307811357,52.0,,280.2987929850656,15.579502105069952,High
2024-03-17 21:10:00,40.840097920086336,-73.95973838131013,122.0,29.083659365417173,27.773323734547407,Yellow,Rain,0.0,-0.9699158560791696,10.0,4.0,81.1725656958506,25.56556470848328,Medium
2024-03-17 21:15:00,40.75320859488973,-73.89570159596323,81.0,9.280256544499714,94.01821173493512,Green,Clear,0.0,-0.085270605026565,74.0,10.0,422.0865064137165,15.427698139935725,High
2024-03-17 21:20:00,40.63646139194956,-73.80168492696639,138.0,62.168970179502054,76.18750447006786,Red,Clear,0.0,0.1310138728061238,91.0,31.0,,12.602566789725696,Medium
2024-03-17 21:25:00,40.63547515946409,-73.90672086371733,37.0,62.7361517509818,15.13899346121408,Red,Fog,0.0,0.5806697135121022,41.0,28.0,279.3989573802529,27.63986042414996,Low
2024-03-17 21:30:00,40.78961250705289,-73.82393455822593,150.0,49.246795539266635,84.93632069224327,Red,Clear,0.0,0.732244005615033,58.0,0.0,218.42249983817445,10.74382738221022,High
2024-03-17 21:35:00,40.81915180896427,-73.91015177822837,287.0,15.008308308454591,53.490600832774746,Red,Fog,0.0,-0.9781019022913624,60.0,29.0,378.7109799529091,28.607608288729168,High
2024-03-17 21:40:00,40.84145514507257,-73.93315447148986,241.0,7.425215810123496,74.3219188725573,Yellow,Snow,0.0,0.4924479616256476,16.0,32.0,217.59611646673113,11.08520834750283,High
2024-03-17 21:45:00,40.67391434708726,-73.87778211756772,297.0,10.608737962015532,78.24594062284442,Red,Snow,0.0,-0.4355771665207846,24.0,32.0,89.83972997685481,8.00084010532918,High
2024-03-17 21:50:00,40.73721956411078,-73.77532403896765,13.0,46.8881549984732,12.608475075742074,Yellow,Fog,1.0,-0.8244130916392582,64.0,21.0,63.65456397422779,27.32900301072779,High
2024-03-17 21:55:00,40.84414481243255,-73.76955908734386,120.0,19.15518809280543,49.12981045979689,Green,Fog,0.0,-0.7103926641016312,25.0,4.0,203.7569907623848,11.791501881125534,High
2024-03-17 22:00:00,40.717186630991925,-73.90409423975038,235.0,36.28559903546869,99.63904581271022,Green,Rain,1.0,-0.2761826660529538,95.0,27.0,68.2067757306877,10.579166044334668,High
2024-03-17 22:05:00,40.653453252878805,-73.99823557777533,94.0,43.050448513979546,55.23204740753537,Green,Rain,0.0,0.0880046804620648,44.0,14.0,158.36782913659198,26.511328135086927,Medium
2024-03-17 22:10:00,40.79603266467784,-73.90547703656661,190.0,58.022239709505605,50.21112955683628,Red,Clear,0.0,0.545848889476193,33.0,23.0,483.22148216878344,19.85686083963738,Medium
2024-03-17 22:15:00,40.60340082174992,-73.71196691189039,50.0,60.44750480007994,56.83022480858036,Yellow,Rain,0.0,-0.3974532973231972,50.0,38.0,121.93489992977145,14.569693076815549,Medium
2024-03-17 22:20:00,40.819354531002745,-73.87100115869006,178.0,64.51146408187697,30.13973666613709,Yellow,Rain,0.0,-0.4485842733780694,95.0,30.0,416.64163319974097,28.72317563154031,Medium
2024-03-17 22:25:00,40.718823178619154,-73.7421005540156,70.0,23.94016719927621,55.408196137398576,Green,Snow,1.0,-0.9220735796140348,92.0,9.0,483.8775653990412,6.398865706947669,High
2024-03-17 22:30:00,40.641786936127254,-73.7502900290094,253.0,52.87942000002799,74.94887577939441,,Clear,0.0,0.1114990844053376,74.0,18.0,67.96070122329672,14.72185134843363,High
2024-03-17 22:35:00,40.72015974662539,-73.94458446378445,103.0,71.55575610146079,60.01241412007534,Green,Rain,0.0,-0.8748174753629414,94.0,25.0,135.2023877245589,11.256251278690907,Medium
2024-03-17 22:40:00,40.69464295822261,-73.95243131976314,295.0,25.929709027199262,28.980011904184455,Red,Clear,0.0,0.3622582195653037,12.0,25.0,259.9314220181746,7.659973769377139,High
2024-03-17 22:45:00,40.812310146275344,-73.73609446081197,264.0,29.14439111728232,22.95684316165707,Red,Snow,0.0,0.9695340428501478,23.0,2.0,393.2386998775628,20.980804451409604,High
2024-03-17 22:50:00,40.68372939298636,-73.85173536936232,231.0,77.77000165621929,82.2047949048336,Red,Clear,0.0,-0.7329929179916417,64.0,36.0,493.7992379179109,6.832298270903054,High
2024-03-17 22:55:00,40.8499768686272,-73.93147946403438,51.0,42.58496631900747,60.33511728918716,Yellow,Rain,0.0,0.5849892480485437,49.0,46.0,356.68418552001106,18.60654063850204,Medium
2024-03-17 23:00:00,40.82564546907135,-73.82044156097697,210.0,17.294550077970285,84.59002490204237,Yellow,Snow,0.0,0.6962507756401344,80.0,25.0,345.79391032714545,28.77048957584175,High
2024-03-17 23:05:00,40.70811278589441,-73.73921372037984,208.0,11.000993665984192,61.550246290930424,Yellow,Snow,0.0,-0.3333659334161905,92.0,1.0,364.5800588998163,17.421330323335397,High
2024-03-17 23:10:00,40.63873525382457,-73.91554823848332,63.0,33.501283281637704,39.90210278062523,Yellow,Rain,0.0,-0.5646320882657376,20.0,4.0,309.7408481536559,28.923698001703816,Medium
2024-03-17 23:15:00,40.614288362694786,-73.80310132132436,28.0,34.304956451624335,99.9997289834204,Green,Snow,0.0,0.4612710684214696,88.0,10.0,250.1381151348917,26.64522799840668,
2024-03-17 23:20:00,40.85750602198615,-73.75773231197738,193.0,18.497143115692964,40.06180238879458,Green,Rain,0.0,-0.9035815404504552,97.0,38.0,163.39605458023584,10.478110175556214,High
2024-03-17 23:25:00,40.74356327078099,-73.88151181311156,198.0,45.92323780883783,51.35142686387226,Yellow,,0.0,0.616117823077972,7.0,44.0,54.13737518885051,15.866126157494149,Medium
2024-03-17 23:30:00,40.82300787157472,-73.85322524458144,76.0,62.47472503137881,92.77688441245094,Green,Rain,0.0,-0.8205552359546027,93.0,7.0,237.5520631997696,19.232594333286976,High
2024-03-17 23:35:00,40.6240781073268,-73.81976443745677,15.0,79.46494677001259,80.95020819237098,Red,Clear,1.0,-0.2596275963156775,25.0,30.0,156.50092754518812,28.75543071393246,High
2024-03-17 23:40:00,40.72942524556437,-73.97161447406594,90.0,37.06155451847988,,Yellow,Clear,1.0,0.7730718441034845,97.0,17.0,338.42035691386707,19.686853444181768,High
2024-03-17 23:45:00,40.74490314911634,-73.89784370018896,197.0,59.43460839671398,28.657065204831717,Yellow,Snow,0.0,0.7774037438074828,8.0,27.0,184.21759138108715,27.137895265283184,Medium
2024-03-17 23:50:00,40.612043078414445,-73.83981307261597,180.0,8.39018026123613,36.61525377759898,Green,Fog,0.0,,86.0,27.0,70.86618170811586,19.60343028575216,High
2024-03-17 23:55:00,40.650540726828496,-73.92099584288252,245.0,28.546023333745413,13.653744388595465,Red,Rain,0.0,-0.169237468874088,81.0,42.0,252.7615915463439,16.027499436934693,High
2024-03-18 00:00:00,,-73.71380744904535,121.0,26.187416047901,19.322625244583968,Yellow,Fog,0.0,-0.1653351343439744,53.0,39.0,96.85082796238068,9.371311277698917,Medium
2024-03-18 00:05:00,40.8885076759497,-73.79188251796724,234.0,77.18633170575585,18.077024795082885,Green,Clear,1.0,-0.3590384221702687,68.0,42.0,190.755860270178,26.83186563969804,High
2024-03-18 00:10:00,40.73670794092593,-73.86308608954654,282.0,40.62110994841952,74.53920044442572,Green,Clear,1.0,0.9573724376952172,29.0,44.0,189.17176253107615,23.294731573649596,High
2024-03-18 00:15:00,40.61050333896189,-73.83009987676255,184.0,8.038045424344489,95.73266647085084,Green,Rain,0.0,0.6790637732930314,16.0,27.0,328.355857557629,17.561366670478122,High
2024-03-18 00:20:00,40.639624380259114,-73.97794075232896,133.0,10.655572616079088,23.11653082788543,Green,Fog,0.0,0.5318510335003004,37.0,39.0,91.02606975827894,22.625116296025055,High
2024-03-18 00:25:00,40.83090473787309,-73.87873197474019,207.0,6.2196297153711395,44.283785220015254,Red,Clear,0.0,-0.0560771338014833,98.0,46.0,440.2270927902336,26.28406355676985,High
2024-03-18 00:30:00,40.645320274081065,-73.8261939548955,186.0,25.226500089740547,48.03511159481806,Yellow,Rain,0.0,0.195545594917933,37.0,4.0,354.43000866491104,7.499805102092226,Medium
2024-03-18 00:35:00,40.80089249471611,-73.8573539626561,98.0,64.65606682814436,64.36064551930578,Green,Rain,0.0,0.3904854207210129,67.0,17.0,477.0896676228792,27.448285750608463,Medium
2024-03-18 00:40:00,40.66129276554501,-73.88631850605366,130.0,19.320135771951204,39.43049848594819,Red,Rain,0.0,-0.4266689165739838,10.0,19.0,293.02357251077456,27.925761978317315,High
2024-03-18 00:45:00,40.89637452433792,-73.98201211022759,271.0,54.03903276064563,69.68613038299128,Yellow,Snow,1.0,0.9094940533958492,94.0,34.0,381.23878377335666,17.326776244623566,High
2024-03-18 00:50:00,40.61884446261152,-73.85156718416602,85.0,28.082640763217302,60.627799336076734,Green,Fog,0.0,0.2725979737504367,30.0,33.0,328.3506276249697,11.587483485351829,Medium
2024-03-18 00:55:00,40.69496718296737,-73.70806177642685,230.0,75.54484625138353,88.82523770601078,Green,Rain,1.0,0.2605515748964899,86.0,0.0,107.39355313860376,19.304046466899106,High
2024-03-18 01:00:00,40.877260363040605,-73.7067934274103,257.0,77.08017753481951,90.29931126443198,Yellow,Clear,0.0,0.0936706457905764,51.0,19.0,211.78145151739264,13.72205043364711,
2024-03-18 01:05:00,40.883414392052295,-73.99209652692834,217.0,9.891042106348134,74.84087057268145,Yellow,Fog,0.0,0.555668662447449,68.0,16.0,441.87720739374345,14.490733345020578,High
2024-03-18 01:10:00,40.69071423497972,-73.99437018080776,170.0,52.30138807668165,91.6185127150216,Green,Snow,0.0,-0.9575833105463368,38.0,13.0,165.00925330563695,25.25319694306287,High
2024-03-18 01:15:00,40.73083898018741,-73.91864459951472,217.0,63.95576573139486,69.75875395878134,Red,Clear,0.0,0.4365160518414985,33.0,21.0,338.1844962061164,8.40109178253468,High
2024-03-18 01:20:00,40.872099524729784,-73.76945553884487,224.0,24.507051626456647,70.35498498261477,Red,Rain,1.0,-0.1372597474489314,19.0,35.0,351.0627535378542,11.295169394524663,High
2024-03-18 01:25:00,40.866126345096845,-73.70818890561303,276.0,42.49246118438299,92.15094679945013,Yellow,Rain,0.0,0.6023574549513873,24.0,6.0,475.10088446090407,9.540275329146944,High
2024-03-18 01:30:00,40.6600586906347,-73.7878632032143,37.0,22.793158795865573,56.706746934221655,Red,Snow,0.0,-0.3202285498687778,31.0,22.0,440.5488032045594,10.705285968250612,Medium
2024-03-18 01:35:00,40.76841887646919,-73.70508351666662,32.0,45.40207141278676,52.90769011910426,Yellow,Clear,0.0,0.0215050619519743,12.0,35.0,51.84795524138235,20.22453845147291,Medium
2024-03-18 01:40:00,40.790872328509145,-73.76833425048736,13.0,59.40717509608176,62.63667295521537,Red,Rain,0.0,0.3434745922359807,27.0,19.0,76.60836446670257,28.22910233997677,Medium
2024-03-18 01:45:00,,-73.9884086289376,179.0,22.99238158839608,33.28127100517523,Yellow,Rain,0.0,-0.6898450344126876,,34.0,312.1504825128059,23.464124706251113,Medium
2024-03-18 01:50:00,40.626222422406336,-73.85138949520599,84.0,25.68306097024488,47.844444742817245,Green,Clear,0.0,0.7581819916593102,87.0,1.0,368.4847063078183,22.540303969599695,Medium
2024-03-18 01:55:00,40.87760084887658,-73.92543784847058,94.0,73.75640201087263,91.89600228788456,Green,Rain,0.0,0.080666004813555,78.0,14.0,191.17024159705105,27.79529360344435,High
2024-03-18 02:00:00,40.75234925936507,-73.98131763591851,10.0,42.96883104886132,89.33730962422783,Yellow,Clear,0.0,-0.3396826881818569,48.0,2.0,91.941886323355,25.06771518457476,High
2024-03-18 02:05:00,40.77652779259172,-73.70989722296059,238.0,23.56416477820233,93.37506249168504,Yellow,Clear,0.0,0.1079850946583917,93.0,17.0,289.33012302439374,15.91657645926304,High
2024-03-18 02:10:00,40.80595492101791,-73.99349836645155,104.0,78.09775497410256,45.627222753671944,Yellow,Rain,1.0,-0.4594769226546036,53.0,22.0,440.24587714468913,7.925616698033625,High
2024-03-18 02:15:00,40.845375093010254,-73.75902248211321,143.0,41.56782553591632,66.24489193606314,Red,Fog,1.0,0.371569070814882,11.0,22.0,471.48302483088065,13.198200866491318,High
2024-03-18 02:20:00,40.72698630730281,-73.93086920286329,55.0,52.66745788522289,18.870912303660305,Yellow,Snow,0.0,0.0297594201312787,13.0,18.0,235.61265813480537,7.618113537559674,Low
2024-03-18 02:25:00,40.88422271404422,-73.98346636342264,290.0,37.42000369636928,46.69732774418897,Green,Fog,0.0,-0.24082039994061,76.0,15.0,354.9251945067518,29.733604735559386,High
2024-03-18 02:30:00,40.70997310080386,-73.79769530808498,98.0,67.39931440172452,39.937732543740495,Yellow,Clear,0.0,0.5792721422516993,83.0,12.0,77.87379423636438,17.631616793610924,Low
2024-03-18 02:35:00,40.61816526260771,-73.90732771253157,188.0,26.975807527789147,45.46828099511862,Green,Snow,0.0,0.7913619177878273,65.0,42.0,177.2128706267431,12.372314802645782,Medium
2024-03-18 02:40:00,40.86743724964716,-73.70527463870368,105.0,17.106793547598787,49.49318841629836,Green,Snow,0.0,0.2064759217288148,63.0,21.0,385.9655400146747,23.3947335620335,High
2024-03-18 02:45:00,40.68866380893591,-73.83217042404836,267.0,48.39537224046614,27.15112876963664,Yellow,Fog,0.0,-0.0861830045371117,70.0,36.0,260.7939613043012,25.18430321660824,High
2024-03-18 02:50:00,40.651929470312346,-73.86819556407558,11.0,64.0742393258733,51.74022453389313,Red,Snow,0.0,-0.1349989331447036,76.0,13.0,81.13679234468036,17.498263629034447,Medium
2024-03-18 02:55:00,40.733157407730985,-73.88887782871663,,8.543129635125712,42.73391663800475,Yellow,Fog,1.0,0.2157708389012318,16.0,44.0,50.82121589209643,11.087312491957196,High
2024-03-18 03:00:00,40.894592705078864,-73.87503559988419,43.0,55.8728246010514,97.42395751263366,Yellow,Rain,0.0,0.9313066771613728,38.0,27.0,296.6836430433482,9.299275974843392,High
2024-03-18 03:05:00,40.8442875354599,-73.90882024848295,215.0,47.38086154687331,28.551559758615067,Green,Rain,0.0,-0.2039014144346809,57.0,8.0,455.7221472674399,26.34950610953459,High
2024-03-18 03:10:00,40.67940702018533,-73.8492199260751,73.0,13.120670654090334,78.48600446323725,Green,Clear,0.0,-0.9571386020429952,34.0,18.0,332.3284045447272,11.431996707568828,High
2024-03-18 03:15:00,40.72552517338361,-73.99844534550766,239.0,57.4385038351333,28.067785113028737,Red,Fog,0.0,0.5172807086566333,30.0,2.0,186.30711586543867,28.396675812809814,High
2024-03-18 03:20:00,40.70421798500969,-73.96553548034682,242.0,74.18704356591114,27.230298664942303,Yellow,Fog,0.0,0.5578171988066352,24.0,23.0,440.5360505187556,21.849291305228338,High
,40.73413335310707,-73.7842557911541,145.0,46.33021763073646,46.513170543550814,Green,Rain,0.0,-0.3116130782390434,87.0,15.0,93.17124400563176,18.014619030615727,Medium
2024-03-18 03:30:00,40.70132892567313,-73.96045284168241,188.0,67.79178986572038,54.74015972964306,Green,Clear,0.0,-0.4020028332107586,8.0,1.0,85.44177550579025,7.050597766159335,Medium
2024-03-18 03:35:00,40.73556645172514,-73.91979490840532,157.0,35.21904709796867,71.33267493563079,Red,Fog,0.0,0.3539182133061027,10.0,43.0,194.4184695833785,29.42093121183672,Medium
2024-03-18 03:40:00,40.83978553614932,-73.8897467961886,71.0,55.063844685346936,61.92498441099706,Green,Snow,0.0,-0.8207171739285282,8.0,4.0,299.2895798756477,12.578496338240992,Medium
2024-03-18 03:45:00,40.74167389157304,-73.74088936150702,280.0,,72.02121868228858,Green,Clear,0.0,0.9863809922521312,64.0,21.0,127.03045646178536,18.31872566966748,High
2024-03-18 03:50:00,40.70927288894169,-73.80224531012502,203.0,47.65240954925785,,Red,Snow,0.0,0.7705007681793907,99.0,18.0,94.77881151141466,23.1999840443723,High
2024-03-18 03:55:00,40.763851136399,-73.81172777484086,110.0,48.77110784089681,98.58417431648688,Yellow,Fog,0.0,-0.0112807776931833,90.0,36.0,77.77046328932488,7.630942222574504,High
2024-03-18 04:00:00,40.727238623350246,-73.7362931842462,37.0,8.667893127076146,68.64446189313368,Green,Fog,0.0,-0.4958308595150655,59.0,2.0,140.24827371270456,26.133769146492497,High
2024-03-18 04:05:00,40.8826670636777,-73.8124903921242,20.0,10.176489565907548,30.82921315405668,Yellow,Clear,0.0,0.4313046693610169,20.0,10.0,419.2557597644724,25.0813817995856,High
2024-03-18 04:10:00,40.89679292188493,-73.88576182987092,131.0,42.55671286084581,90.04676778856928,Yellow,Rain,0.0,0.325157516092138,79.0,49.0,382.4865669194338,5.590187895900346,High
2024-03-18 04:15:00,40.61754142811296,-73.91119164654826,229.0,5.259476409949813,57.09519265167165,Red,Rain,0.0,-0.2488391304102757,44.0,44.0,200.5011219303756,20.441392363815403,High
2024-03-18 04:20:00,40.62005094277817,-73.7687351723822,17.0,72.96253844353855,82.05811677387348,Red,Snow,0.0,0.4003865230511307,58.0,30.0,380.2681013063729,21.098964646850327,High
2024-03-18 04:25:00,40.656835426537114,-73.79266946701985,35.0,33.813019747952055,34.56819010688095,Green,Clear,0.0,0.602717591271952,73.0,41.0,280.1959543587774,14.142421539839315,Medium
2024-03-18 04:30:00,40.887702733928975,-73.99968484470354,187.0,27.81986037714261,90.8728119352482,Yellow,Rain,0.0,0.5444670328465631,5.0,12.0,222.70504702580993,22.264609143771796,High
2024-03-18 04:35:00,40.846859432042976,-73.7091675566389,160.0,63.61350473953239,77.9431339106257,Yellow,Fog,1.0,-0.8257457499608023,13.0,19.0,311.7008651613686,11.247987652385763,High
2024-03-18 04:40:00,40.89772874897086,-73.98748504087999,223.0,16.134988560122668,86.85997566040896,Yellow,Rain,0.0,-0.027759572742936,20.0,3.0,173.22950431293987,13.41767778815127,High
2024-03-18 04:45:00,40.69915896785064,-73.70383123768761,232.0,69.12490945695109,97.3179739313711,Red,Snow,0.0,-0.3331437010715046,10.0,0.0,422.36299855367145,12.519527386739233,High
2024-03-18 04:50:00,40.87571046559943,-73.73804220494752,154.0,42.020927928117274,44.99371685589487,Red,Snow,0.0,0.9993537811173094,3.0,47.0,402.9211602941761,21.149415912343812,Medium
2024-03-18 04:55:00,40.89971377665179,-73.98222565190616,64.0,47.03848721681775,58.91595231770204,Red,Clear,0.0,-0.8749796761688495,51.0,33.0,382.1854344751634,27.73733870886231,Medium
2024-03-18 05:00:00,40.86896611732492,-73.80477441558408,248.0,39.51439217992604,52.53655089999791,Green,Snow,0.0,0.8772989182074857,18.0,2.0,153.2324142816753,14.013183367586125,High
2024-03-18 05:05:00,40.6027801823912,-73.85027055541555,64.0,77.01276297484218,14.080684864098664,Red,Snow,0.0,-0.8851853352503949,72.0,44.0,210.798866845896,18.91741263854925,Low
2024-03-18 05:10:00,40.64933181613228,-73.71624669358005,134.0,46.46588291368632,73.93212088401127,Red,Rain,0.0,0.4460051298689258,44.0,16.0,284.65969739331615,20.507496016558235,Medium
2024-03-18 05:15:00,40.81073241719066,-73.70015891091866,206.0,78.30335191110026,36.64383638208787,Green,Snow,0.0,0.3704997481511063,8.0,12.0,195.29833098370125,16.891668657903484,High
2024-03-18 05:20:00,40.67716740582579,-73.81056173506718,199.0,8.184361198471109,14.343507774524682,Yellow,Rain,0.0,-0.8545750336216713,27.0,49.0,133.78637535030768,24.877044209886588,High
2024-03-18 05:25:00,40.78722477057843,-73.78625069210258,278.0,29.47601699798352,27.90135516422292,Yellow,Rain,0.0,-0.780822834216641,67.0,38.0,347.53535423009515,19.96398276319052,High
2024-03-18 05:30:00,40.81962798631984,-73.95413072844475,154.0,57.589682028802784,36.60102258052744,Red,Clear,0.0,0.6759713837964396,34.0,20.0,334.74925307575495,19.220105520039713,Medium
2024-03-18 05:35:00,40.88149907137561,-73.97686517740212,176.0,48.63557189575505,36.2367188615723,Green,Rain,1.0,0.1675946573306816,6.0,1.0,456.99982126456456,10.092012442570976,High
2024-03-18 05:40:00,40.88708772931032,-73.76208903688061,290.0,48.48104278709147,34.6204272860729,Red,,0.0,0.6030148980932037,93.0,33.0,216.6046548530055,25.170986534196103,High
2024-03-18 05:45:00,40.87713335150684,-73.86933416393609,145.0,28.960506080398996,83.59783262251761,Red,Fog,0.0,-0.9988558968002792,58.0,22.0,233.91651748511129,11.81742540928216,High
2024-03-18 05:50:00,40.73530282940069,-73.72586912179318,127.0,77.53223723427031,72.9144402419129,Yellow,Rain,1.0,0.6110101455242798,26.0,23.0,220.90241645043116,29.024096197521,High
2024-03-18 05:55:00,40.82138928788437,-73.84248520603445,141.0,68.00398112631217,45.118269647730656,Green,Clear,0.0,-0.470552190477246,53.0,13.0,446.46418902833176,17.12156798015664,Medium
2024-03-18 06:00:00,40.662450459881875,-73.94084004161124,254.0,53.39428957498765,64.38940629210921,Yellow,Clear,0.0,-0.3242571389274966,70.0,29.0,65.43764743747559,12.318444163536755,High
2024-03-18 06:05:00,40.83390638357491,-73.71627290312921,190.0,32.115761739579966,52.85001294588381,Red,Fog,0.0,0.4905828987344307,43.0,0.0,405.22287585440233,16.470666868940498,Medium
2024-03-18 06:10:00,40.78616808305156,-73.92743100520256,18.0,24.947341753388528,43.12044573442974,Yellow,Rain,0.0,-0.1288429848322765,95.0,34.0,63.087469951781344,7.863867107678564,Medium
2024-03-18 06:15:00,40.79342490514044,-73.77979057814422,178.0,9.367363154741644,42.09838330578381,Red,Clear,1.0,0.1420648799449841,81.0,44.0,164.296422245922,15.090137345439084,High
2024-03-18 06:20:00,40.680801948470965,-73.92364111645782,63.0,66.75984024049534,18.288792408360408,Yellow,Snow,0.0,-0.8589265467369835,94.0,23.0,324.34750144686797,16.002818320724753,Low
2024-03-18 06:25:00,40.61650695217799,-73.81682169023915,32.0,48.6448538823404,41.33355326724008,Yellow,Clear,0.0,0.9237561961237452,20.0,43.0,58.69984536584396,19.80811362603755,Low
2024-03-18 06:30:00,40.63352429896202,-73.91713132655747,97.0,38.76303708912421,54.85738894342458,Green,Fog,0.0,0.413565232179808,50.0,20.0,113.02785106994205,7.1210205970567,Medium
2024-03-18 06:35:00,40.65950403593654,-73.96048344102282,239.0,42.33337762706461,27.3868276191758,Red,Snow,0.0,0.1117368085189036,97.0,0.0,339.72072089905413,28.67471911141662,High
2024-03-18 06:40:00,40.79937475397629,-73.77426800113723,205.0,10.066772361077035,53.07478545795377,Green,Clear,0.0,-0.5466004644759364,21.0,31.0,403.6269069319993,11.405455542881285,High
2024-03-18 06:45:00,40.636786417604654,-73.83953075464476,52.0,48.682637033278525,47.26038123599987,Green,Rain,0.0,-0.9984856846113268,36.0,24.0,265.10449272614073,12.662911783561194,Low
2024-03-18 06:50:00,40.71232120448947,-73.97556788932847,141.0,11.30891711607902,63.24250298873973,Red,Clear,1.0,-0.7753037938438432,74.0,12.0,219.08298586240883,26.999481321313983,High
2024-03-18 06:55:00,40.712956810827265,-73.89406967354475,22.0,41.07856046122228,20.250755225404077,Red,Rain,0.0,-0.4691007212107849,3.0,18.0,369.2619231351943,27.866536226330695,Low
2024-03-18 07:00:00,40.8399970981123,-73.9971414110744,62.0,8.39539838795974,98.41672555691608,Red,Snow,0.0,-0.5835156965010133,1.0,11.0,199.90908024457497,8.010451423682635,High
2024-03-18 07:05:00,40.63039229449976,-73.99485223608839,27.0,,82.50785628110607,Red,Fog,0.0,0.4861391968791395,8.0,18.0,58.37201236737411,29.57992543239461,High
2024-03-18 07:10:00,40.64703451287497,-73.78992571326951,125.0,32.102895439598996,26.851270074756613,Red,Rain,0.0,0.8699616636440255,34.0,3.0,134.91599629245178,27.415813488095072,Medium
2024-03-18 07:15:00,40.68112319277939,-73.82136865289183,24.0,21.778958850998688,70.04660398567856,Green,Clear,0.0,-0.8543843738592145,60.0,37.0,425.8161179376715,9.821370737488008,Medium
2024-03-18 07:20:00,40.74650624057232,-73.71842815906552,246.0,67.1499857955987,20.628935320869648,Red,Clear,0.0,0.1767727802130523,24.0,27.0,210.85231194245063,18.88974543246937,High
2024-03-18 07:25:00,40.75899852585641,-73.9310545326073,103.0,31.308071776421652,11.407184058301343,Red,Fog,,-0.0620227679692855,85.0,38.0,186.00905381326817,,Medium
2024-03-18 07:30:00,40.63833789641649,-73.94055135765397,239.0,55.91972247782727,53.21576281624967,Red,Clear,0.0,0.973772632966656,64.0,7.0,50.91659086189996,6.320809323082528,High
2024-03-18 07:35:00,,-73.92822812034213,213.0,25.481541746565775,31.141163254182057,Red,Snow,0.0,0.9378491675222672,11.0,38.0,,5.695434109292284,High
2024-03-18 07:40:00,40.71692401683726,-73.95689606624032,37.0,75.64091018281786,43.88958367257987,Red,Snow,0.0,-0.8011576098588788,39.0,36.0,121.45761073013492,11.963407228193608,Low
2024-03-18 07:45:00,40.77760733932221,-73.83055479299499,84.0,29.869927657803416,77.22717321068767,Yellow,Clear,0.0,-0.2806494464419902,23.0,35.0,362.56314693995694,11.568496197850298,Medium
2024-03-18 07:50:00,40.802349397442434,-73.74322456150706,34.0,38.433820927243595,19.17203101714668,Yellow,,0.0,0.2617610591629944,73.0,18.0,472.2459135073085,28.74052032105766,Medium
2024-03-18 07:55:00,40.82149146131693,-73.73367190103554,27.0,9.850673826369226,46.49318918288425,Yellow,Snow,0.0,-0.430408703322753,98.0,45.0,366.1080524293856,11.13193622590986,High
2024-03-18 08:00:00,40.714674826747185,-73.93566514045965,257.0,56.7687709517337,86.48186397134349,Green,Fog,0.0,-0.6481765238534896,5.0,42.0,163.72165624547318,,High
2024-03-18 08:05:00,40.825506642940475,-73.96710138266603,217.0,20.316524511071,83.30155195244372,Yellow,Snow,0.0,-0.425442057374602,96.0,41.0,50.90833833609679,17.088735366694358,High
2024-03-18 08:10:00,40.68274957732925,-73.75924756550191,99.0,67.80662233801951,41.24000181125868,Yellow,Snow,,0.1170598388763144,88.0,6.0,298.25265816398627,23.066990811729912,Low
2024-03-18 08:15:00,40.60466323227797,-73.83103241806708,266.0,22.98761120931039,12.670629477378755,Green,Rain,0.0,0.6989288461730256,,28.0,252.07080720897457,7.511153223575036,High
2024-03-18 08:20:00,40.733790497065,-73.7522129625755,20.0,75.73698722964306,49.10855605402767,Green,Snow,0.0,0.7428003131193617,5.0,0.0,203.5638721610428,6.681980121436949,Low
2024-03-18 08:25:00,40.82135366815789,-73.75937617251822,43.0,59.49298074243694,78.7191095731781,Yellow,Clear,,0.5245740471177887,94.0,16.0,71.6602956456157,25.26724552816304,Medium
2024-03-18 08:30:00,40.77234305363285,-73.83669765444564,88.0,25.901119479397853,64.69071876160082,Yellow,Rain,0.0,-0.5899021556316308,73.0,5.0,442.6926179133885,29.467325922787815,Medium
2024-03-18 08:35:00,40.75668793542965,-73.84933523690422,147.0,51.47376853874375,28.048375818683304,Green,Snow,0.0,0.5697929028911797,93.0,16.0,119.19681505783046,25.06590934324488,Medium
